id,coinc_event_id,eiso,dist,z,theta_view,theta_c,theta_eff,on_axis,long,lat,time_utc,obs_run,ifos,snr,area(20),area(50),area(90),dist(20),dist(50),dist(90),vol(20),vol(50),vol(90)
0,0,2.86e+49,263000.0,0.057,63.682,15.854,47.828,False,5.923,1.053,2012-06-29 01:24:30.971,O5,"['H1', 'K1', 'V1']",9.222875339138676,33.29010296748698,161.13504080675943,1497.168572156943,96.4957594369435,257.88537793800174,648.8016037470693,736369.567145407,4996358.226463579,79956251.44754088
1,1,3.08e+50,1280000.0,0.246,28.794,16.765,12.029,False,1.666,-0.917,2011-10-28 00:12:50.906,O5,"['H1', 'K1', 'L1']",9.466324510481629,187.0046674981968,688.7508140506642,2291.488531623165,153.62754420506656,402.98477746817,931.3000574804356,12826676.22097172,60537689.96046262,260938207.9090594
2,2,5.73e+47,909000.0,0.182,59.989,26.561,33.428,False,1.653,-0.551,2012-01-16 13:16:18.682,O5,"['H1', 'K1', 'L1', 'V1']",8.356897415445532,5.0982395711065935,29.06703776754368,2624.4589653971225,159.14635805151624,423.7222190042284,1030.8708060772096,618276.9542848073,5202800.273239029,679499902.6137153
3,3,6.66e+48,1290000.0,0.248,55.033,10.621,44.412,False,0.749,1.098,2012-09-10 11:15:45.680,O5,"['H1', 'K1', 'L1']",8.368182785884722,184.72899465306625,676.6183999910941,2643.2548773465514,164.20028686254886,435.9281015390004,1043.2642219382535,22984791.30555087,96862134.03024223,467701943.7914915
4,4,1.95e+49,349000.0,0.075,28.554,22.717,5.837,False,3.623,0.586,2012-01-03 04:56:29.356,O5,"['K1', 'L1', 'V1']",13.15155149442758,8.38211190894532,26.96480289317652,89.53247613851701,41.19089402912971,109.67095432212648,267.52726226770164,48216.611128073695,180807.6896346711,868790.4738013648
5,5,1.3199999999999999e+51,1050000.0,0.207,20.445,14.601,5.843999999999999,False,3.324,0.39,2012-05-07 03:20:42.017,O5,"['H1', 'K1', 'L1', 'V1']",9.411112044495034,60.801261923421606,373.44979292181466,2401.685166264624,172.36140388173487,458.4586929627354,1110.2111102836438,10086200.139155995,68541369.39988217,583105437.8876148
6,6,4.5000000000000006e+51,315000.0,0.068,79.246,16.026,63.22,False,2.958,-0.543,2012-08-22 07:26:53.204,O5,"['L1', 'V1']",8.924484272538017,215.9549251695758,987.1714489610792,5905.949302144504,106.50551209731304,282.6159637291992,681.5541483504519,8070549.11350491,41760842.477886885,309229813.06765825
7,7,1.14e+50,842000.0,0.169,10.595,16.735,-6.139999999999999,True,0.515,-1.015,2011-10-27 13:39:00.427,O5,"['H1', 'K1', 'L1', 'V1']",11.70485601820724,2.151532187470494,8.543959934349635,40.98773980612869,84.48170806685948,226.1398142243878,570.4430815592515,69671.84624597276,341156.82669627934,2201067.341210886
8,8,2.4399999999999998e+51,749000.0,0.152,27.651,15.066,12.585,False,5.983,0.956,2011-12-10 22:27:53.891,O5,"['H1', 'K1', 'L1', 'V1']",12.54240856902373,25.400201227274984,118.46682534454888,508.2632289483301,97.62378576809976,259.97224590129576,632.3495085857302,1196862.0302418112,6114804.628801652,32939634.095368207
9,9,5.3e+47,389000.0,0.083,85.783,15.989,69.794,False,4.45,-0.501,2011-10-05 09:35:28.464,O5,"['H1', 'K1', 'L1', 'V1']",10.52452508154532,47.52636692480821,178.9316527729304,870.3900905876102,122.36842709886956,325.8357319831788,794.2259246937464,3155614.9114002343,14666170.075238924,90693479.04825488
10,10,1.43e+51,256000.0,0.055,61.837,11.69,50.147000000000006,False,2.704,-0.399,2012-02-28 17:47:38.558,O5,"['H1', 'K1', 'L1']",17.95922291554206,6.946199825595004,23.00524653513288,87.91471999386638,40.45335180045993,107.71875226429556,262.9396543091032,48111.00622999381,189147.03044734668,978118.6875180954
11,11,9.749999999999987e+49,812000.0,0.164,44.962,12.731,32.231,False,5.082,0.526,2012-09-09 21:59:18.633,O5,"['H1', 'K1', 'L1', 'V1']",8.370195123863661,8.68799690912189,37.44785165481439,5497.014552444668,158.25742770860518,421.77631230265285,1029.2462956479703,863985.342528023,5065840.175295914,1210662552.278544
12,12,9.78999999999999e+47,523000.0,0.109,59.557,15.296,44.261,False,4.414,0.116,2012-08-17 00:26:10.783,O5,"['H1', 'K1', 'L1', 'V1']",8.24765196246439,32.51360933904891,173.25366726938591,2059.056460783529,153.9064122410722,409.2847105182672,990.2369160047878,3784453.336644782,25023147.448173653,418930260.8766005
13,13,5.29e+48,1250000.0,0.241,61.396,14.152,47.244,False,4.022,-0.774,2011-09-27 09:51:02.163,O5,"['H1', 'K1', 'L1', 'V1']",8.105799102860669,59.72673694762866,461.8798749184531,4050.782687920916,155.3983908015991,413.7593075150004,1009.3793703803336,10448469.974896375,88992642.95965332,1056123297.7983814
14,14,4.86e+51,814000.0,0.164,29.112,18.869,10.243,False,0.066,-1.257,2011-11-28 14:34:50.517,O5,"['H1', 'K1', 'L1', 'V1']",10.9640158332944,13.099799461045327,101.32672396190232,864.9357791302738,105.63309795638212,282.02493784392107,698.7047042553327,801874.0848123857,7162058.85789042,75767363.64081858
15,15,1.23e+48,1680000.0,0.313,30.688,11.636,19.052,False,5.748,0.931,2012-05-30 12:06:52.970,O5,"['H1', 'K1', 'L1']",8.745307071681921,544.5229014932193,1691.4021492124666,7199.06501634875,194.74397459143563,516.3225981248742,1221.152909139257,66448300.77227321,262049997.2141269,1619708032.433074
16,16,3.07e+51,381000.0,0.081,57.196,9.609,47.587,False,5.47,0.136,2012-03-17 12:53:27.590,O5,"['K1', 'L1', 'V1']",9.291033688467722,129.19885724887192,580.7436994752569,4944.283857868384,115.85322096017649,307.0605415720178,740.7777427095599,4679993.021039978,28491168.141321853,337255431.4042005
17,17,1.66e+51,943000.0,0.188,54.848,18.759,36.089,False,1.408,-0.766,2012-08-01 04:37:59.791,O5,"['H1', 'K1', 'L1', 'V1']",8.12954478869308,77.02851597222046,464.7722232683583,4023.069992065954,157.43308543085095,418.8788490106118,1017.8586895055236,13948553.290006828,96099015.55224618,1124343556.8764849
18,18,4.520000000000001e+50,808000.0,0.163,30.68,16.493,14.187,False,1.316,-0.644,2012-08-28 16:25:04.787,O5,"['H1', 'K1', 'L1', 'V1']",8.765474467860567,12.139453552781807,47.69789998028038,1574.1259341748362,144.2760243825877,387.4273927179759,1003.594548723428,882122.5247420864,4513061.209077142,294411788.61285543
19,19,2.2599999999999998e+51,748000.0,0.152,55.647,18.838,36.809,False,0.608,-1.121,2012-03-08 13:11:44.823,O5,"['H1', 'K1', 'L1', 'V1']",8.10596889956083,978.4916317963684,4178.022560550076,23973.78628786509,137.13773583297552,365.06854875293016,889.2958407721111,146448573.6045326,712278722.9341233,4754687883.042004
20,20,1.1299999999999999e+51,451000.0,0.095,58.015,15.464,42.551,False,6.248,0.348,2011-11-19 18:31:50.761,O5,"['H1', 'K1', 'V1']",9.18964335518112,67.40582522440354,369.8662438484048,4110.415401023904,111.68594804804366,299.23141815888465,776.7055811833136,2511606.515029085,18521713.21044768,245679831.8417449
21,21,5.680000000000001e+50,973000.0,0.193,20.949,17.269,3.6800000000000033,False,3.327,-0.197,2012-03-11 06:56:40.506,O5,"['H1', 'K1', 'L1', 'V1']",8.623337223724839,33.398184270175506,198.8571697664761,1406.3853506329488,172.73809064991224,459.3441395475203,1110.5730776422258,4206969.326048144,31153663.98042596,325761171.61008626
22,22,1.8099999999999998e+47,217000.0,0.047,14.79,12.26,2.53,False,0.373,-0.435,2012-08-02 18:36:02.537,O5,"['L1', 'V1']",22.96383172264301,2.742381323064863,9.049910205464442,45.37814108158438,19.84666845190592,53.02742229642726,132.06855656810674,2865.5244799016687,11399.606917849544,71493.58376175059
23,23,1.56e+47,822000.0,0.166,32.919,11.277,21.642,False,4.327,-0.996,2012-05-26 14:22:05.950,O5,"['H1', 'K1', 'L1', 'V1']",9.0216011806149,746.4783665327049,6277.929170346188,28961.05911488356,156.87391805463517,417.7674118787356,1019.5384935531424,163214994.56826,1496021893.0354595,7569273142.782231
24,24,3.87e+50,266000.0,0.058,1.854,9.205,-7.351,True,5.087,1.058,2012-02-19 15:38:24.314,O5,"['H1', 'K1', 'V1']",23.53304924725726,0.8276627792237305,2.552997389215116,9.091314404289465,18.60516357796069,49.5839323839061,121.80452107183764,1198.9509969912249,4375.47960663802,21370.798266263693
25,25,1.8e+50,658000.0,0.135,53.048,19.561,33.487,False,0.688,-1.261,2011-12-02 22:07:24.905,O5,"['H1', 'K1', 'L1', 'V1']",8.64761638366154,332.6886716678568,1314.165267839432,9038.552095946448,160.04331580422195,426.0495517258265,1037.718323156832,51054902.35896814,244967146.10695663,2154872589.795861
26,26,1.23e+48,287000.0,0.062,13.167,24.335,-11.168,True,3.975,0.497,2012-01-16 03:01:44.533,O5,"['H1', 'K1']",8.976533393670747,54.985749248147016,223.43198161440853,4044.575969870521,86.66451553525894,242.8431313623459,709.9622248689031,547061.7098312756,2598626.493786576,221736260.4642068
27,27,7.17e+49,906000.0,0.181,36.501,11.241,25.26,False,4.858,-0.181,2012-02-01 04:35:19.020,O5,"['H1', 'L1']",8.205919734659117,184.7985222320416,746.6181831192812,3817.911951015461,167.0132662903478,442.4502887109903,1051.7356236558262,20305369.86180262,81369930.1539878,526985112.7769224
28,28,1.67e+50,76400.0,0.017,30.842,12.464,18.378,False,2.043,1.437,2012-05-27 02:40:41.409,O5,"['K1', 'L1', 'V1']",60.21333340414006,0.0227662046233785,0.0704036694860378,0.2342318702420116,4.642390038136583,12.364168001027764,30.24592279999326,1.0223450981716036,3.704333244094896,16.20627569292456
29,29,2.1e+50,431000.0,0.091,49.067,17.218,31.849,False,1.294,0.209,2012-04-27 18:06:54.203,O5,"['H1', 'L1', 'V1']",11.45369447429476,2.5238483339981355,8.252684924548259,33.88702454865914,59.17434040879141,157.55065672851032,384.47916487151485,35525.13956742598,139341.29745781067,790858.3364634669
30,30,5.26e+50,282000.0,0.061,41.576,9.434,32.142,False,0.65,-0.509,2012-06-16 06:57:40.333,O5,"['K1', 'L1', 'V1']",11.02483453637895,1.5256528181387157,4.861840232733816,18.95930117062389,46.48451041545337,123.91119432589768,306.0100844327659,11509.030070870334,44037.75113977451,247666.17885803088
31,31,9.82e+46,4470000.0,0.711,13.429,13.947,-0.5179999999999989,True,3.803,-1.528,2012-01-11 00:05:44.795,O5,"['H1', 'K1', 'L1', 'V1']",8.27900559024314,3279.152331469991,11761.059938056482,31783.45545782995,163.46038922743173,435.696423104662,1069.4797425634656,1112245206.1948817,4113091083.968124,12720687111.38976
32,32,5.3e+47,1150000.0,0.224,29.946,12.998,16.948,False,3.681,-0.257,2011-12-20 02:33:53.449,O5,"['H1', 'K1', 'L1', 'V1']",8.917375915212412,19.35919265863156,77.66073772729308,1469.3678179512049,159.55429716155686,424.94325688776166,1038.82323977714,2743331.043928288,14003059.134220038,348426444.3831087
33,33,6.61e+51,1160000.0,0.226,36.942,8.032,28.91,False,5.033,-1.064,2012-01-05 23:22:23.681,O5,"['H1', 'K1', 'L1', 'V1']",8.604237141835693,30.25537170360402,311.03931192605137,10076.71466207941,186.57899065778315,495.9867482079324,1194.80852311173,5260242.737058696,76100559.89625357,3018424118.4745865
34,34,7.150000000000001e+50,610000.0,0.126,28.994,13.361,15.633,False,2.898,-0.817,2012-02-25 18:55:31.975,O5,"['K1', 'L1', 'V1']",10.95897970957511,25.01978464888529,116.26636107753242,2062.447492442642,76.48517723107693,204.1207661676886,503.8212112692876,604698.3328884724,3570068.5898499894,62852488.386749685
35,35,2.4399999999999998e+51,469000.0,0.099,33.234,19.76,13.474,False,6.236,0.61,2012-04-24 01:26:36.188,O5,"['H1', 'K1', 'L1', 'V1']",10.03384659874597,6.1865480164327815,24.8529343799486,92.01961289033228,84.857306306245,226.11683390349384,554.2806244494516,129892.90090087836,604847.7989083322,3479571.195198041
36,36,6.61e+51,275000.0,0.059,26.522,10.785,15.736999999999998,False,5.953,1.056,2012-01-07 09:50:51.091,O5,"['H1', 'K1', 'L1', 'V1']",18.05958262765516,0.2027458996513088,0.6461425347044739,2.3703778164454747,24.80997196886676,66.07569562518339,161.51758475021282,462.6070972427723,1746.8247321087908,8653.050007421016
37,37,4.5000000000000006e+51,595000.0,0.123,31.522,8.574,22.948,False,0.65,-1.249,2011-11-04 20:43:00.601,O5,"['H1', 'K1', 'L1']",9.321967131338305,38.028770530194194,153.0117006442796,1005.6748366893736,103.4794589502808,275.19617528558217,667.0601041637431,1918442.818066288,8118354.918354946,69342456.14110462
38,38,1.44e+48,1040000.0,0.205,32.684,11.953,20.731,False,5.299,-0.189,2012-03-26 02:20:47.833,O5,"['H1', 'K1', 'L1', 'V1']",9.028444581753432,8.013325806532464,28.367723822816806,163.06888533701152,136.17130750674005,362.4020690095583,881.9796722244741,764580.8057156355,3297862.4186995565,27488403.66666803
39,39,4.520000000000001e+50,550000.0,0.114,60.485,13.927,46.558,False,1.76,0.423,2012-02-01 01:43:13.601,O5,"['H1', 'K1', 'L1', 'V1']",9.164244905453874,7.925654864147104,36.39226060237967,1051.2966141186023,131.34591452917584,350.2277464971779,861.1697796235517,645883.6919751297,3900450.60548421,160766602.35761255
40,40,2.09e+51,818000.0,0.165,43.659,17.975,25.684,False,2.932,-0.867,2012-06-25 04:20:57.443,O5,"['H1', 'K1', 'V1']",8.829812244962547,31.295457702734907,210.2804389011152,2114.4259842014976,141.38654494426282,376.8463675671387,935.3560447804412,1775400.3607659207,14883332.01180128,295803442.7323058
41,41,6.14e+50,45200.0,0.01,20.0,14.367,5.632999999999999,False,2.259,-1.137,2012-02-02 09:29:34.406,O5,"['K1', 'L1', 'V1']",90.62545183015467,0.0136232117250994,0.0425111707535191,0.1429346430799011,2.271885531355885,6.0618315567772925,14.983476457283174,0.1000796429634733,0.3690299000538321,1.6651868741695548
42,42,5.28e+49,337000.0,0.072,67.104,12.811,54.293,False,2.906,1.271,2012-01-26 07:27:15.689,O5,"['K1', 'L1']",8.503696362473885,227.3698520887979,3052.158482113961,14157.54109720719,143.3457528003696,374.3473798072679,859.1340997705936,4423921.380737224,138022556.30987865,1019127473.2404633
43,43,1.3300000000000002e+49,417000.0,0.088,61.74,16.728,45.012,False,2.649,-0.504,2012-06-30 00:59:14.516,O5,"['H1', 'L1', 'V1']",8.891223539035872,42.549579446286586,153.3746068295137,883.6858541824798,141.29344588953643,379.3351398902222,943.6654175727676,1827944.3418014613,10245892.431843605,112445642.66530336
44,44,4.18e+50,892000.0,0.178,25.19,35.049,-9.858999999999998,True,5.995,0.021,2012-07-21 06:38:57.302,O5,"['H1', 'K1', 'L1', 'V1']",8.326410032706393,166.2689374839538,650.5321687640044,8272.809933271354,193.9902238858905,510.8574741968764,1181.9925468747851,12838800.74302768,80597376.23435877,1890250060.9603107
45,45,5.680000000000001e+50,1290000.0,0.248,59.062,15.608,43.45399999999999,False,1.944,-0.385,2011-12-06 19:47:43.907,O5,"['H1', 'K1', 'L1', 'V1']",8.986447754206457,31.13968736837945,199.24021034415813,1310.688011202303,153.542144882681,408.6354360964313,994.06934798391,4254465.060025253,33693117.700053945,285713139.83888406
46,46,3.61e+47,1090000.0,0.214,12.12,9.047,3.0729999999999986,False,4.352,0.883,2012-03-29 07:18:28.359,O5,"['H1', 'L1', 'V1']",8.443950419552968,99.57324235627168,421.6285590425469,2168.3589583457965,156.31580878621742,415.9405113653286,1010.7038882615296,13017709.318691537,66948044.07158276,434470612.4113182
47,47,1.2199999999999999e+51,532000.0,0.111,27.07,31.914,-4.844000000000001,True,2.971,-0.854,2012-01-13 10:20:19.155,O5,"['H1', 'K1', 'V1']",9.512082947910091,1.942621219762316,7.577601608601473,439.341489173968,73.04958785070761,197.41416564093987,555.098216217606,30902.24896455365,156763.82912014355,22435006.54191708
48,48,1.54e+50,938000.0,0.187,43.012,13.713,29.299,False,4.475,1.37,2011-10-20 13:58:48.811,O5,"['H1', 'K1', 'L1', 'V1']",8.230891323184975,43.89130922495559,186.78057065852724,6567.7761476829455,161.79212634092664,430.0663111668391,1039.6771282954692,6164894.199743298,34896242.14149491,1666833084.1358232
49,49,3.08e+50,758000.0,0.154,7.268,15.908,-8.64,True,0.789,-0.746,2012-01-16 05:54:39.123,O5,"['L1', 'V1']",9.197026749024758,119.13492860940494,470.1614725542221,2469.65834919442,87.81621667623045,233.65315718096872,572.1764054180973,2578151.948010893,12293392.292832548,87523520.11790869
50,50,6.17e+48,1370000.0,0.262,30.347,10.277,20.07,False,1.401,-0.592,2012-04-20 08:22:51.577,O5,"['H1', 'K1', 'L1', 'V1']",8.320115317828494,28.42271170282517,278.9573652223838,4606.406323915716,165.80625129014152,441.37064205312856,1075.2554242415597,5850298.060992098,64397416.86965494,1289678381.893224
51,51,5.3e+47,547000.0,0.114,16.498,15.909,0.5890000000000004,False,3.368,0.777,2012-02-27 01:39:02.828,O5,"['H1', 'L1', 'V1']",10.53405113880507,2.737437912485313,8.778866857731288,35.04403924541118,64.79326139522203,172.67212696788226,424.1055515737173,55389.43804708237,214090.8988176333,1209323.525860882
52,52,3.32e+50,1340000.0,0.257,25.515,25.709,-0.193999999999999,True,3.893,-0.902,2012-03-25 19:13:01.105,O5,"['H1', 'K1', 'L1', 'V1']",8.0789047520461,97.56359275455492,408.0132757984901,3960.167817683952,168.40428705946988,448.05552489712943,1087.8633799530355,18115566.770678025,97742808.9660135,1151416095.681099
53,53,3.87e+50,3060000.0,0.52,20.097,11.557,8.540000000000001,False,2.782,-0.062,2012-07-09 09:31:37.474,O5,"['H1', 'K1', 'L1', 'V1']",8.09367747764676,166.58526015891144,813.3132236236612,3690.527428664322,205.4774150605901,546.0224242580048,1316.218213826149,39840784.79111814,222754576.9143674,1349331681.955999
54,54,9.03e+49,202000.0,0.044,44.973,4.531,40.442,False,3.443,0.181,2012-05-22 03:30:31.236,O5,"['K1', 'L1', 'V1']",23.9260733818126,1.118209658679065,3.5981995246130127,13.71953966251572,18.58464869519966,49.52196347494584,121.4811578573666,1569.1264404796636,6004.060585220175,30246.48901314636
55,55,2.2599999999999998e+51,636000.0,0.131,74.89,22.721,52.169,False,4.924,-0.788,2011-09-19 06:55:52.112,O5,"['H1', 'K1', 'L1', 'V1']",8.27334654615293,191.4848493825924,1583.3702349062312,18235.254950872888,183.1649732429828,483.5150633456883,1134.7386189097324,21671112.77405097,257278823.67672983,4224793649.138685
56,56,4.5000000000000006e+51,894000.0,0.179,16.733,18.69,-1.9570000000000007,True,1.836,0.459,2012-03-30 00:07:16.975,O5,"['H1', 'K1', 'L1']",11.98826000797094,53.07556622371528,177.21822597853577,724.7924776645244,95.602786906603,254.1646870646017,614.3080837972889,1935846.3982680184,7530349.78280141,36423707.39543735
57,57,6.14e+50,522000.0,0.109,56.834,29.769,27.065000000000005,False,3.145,0.103,2012-08-06 20:02:32.447,O5,"['H1', 'K1', 'L1', 'V1']",9.141270477622774,21.377567125440542,84.66006569196121,478.0525050808728,107.5801711720984,286.7348877735485,704.4391991158213,1152966.972535848,5803468.252178815,45951844.58135148
58,58,1.94e+50,267000.0,0.058,79.921,13.309,66.61200000000001,False,0.76,-0.436,2011-11-11 17:13:41.955,O5,"['L1', 'V1']",11.24939507656704,41.50036954667,159.1344445865055,1690.147548320963,67.50437575002235,179.49060897184916,435.0487863320397,725529.0667091743,3456987.678207088,37488403.14336824
59,59,1.44e+48,789000.0,0.16,14.012,8.528,5.484,False,6.143,1.003,2012-04-18 02:28:03.357,O5,"['H1', 'K1', 'L1', 'V1']",8.387020812256425,5.866595884848481,24.163912395642928,207.48175175564168,126.67656463769902,338.69605582955626,851.250077197722,332253.5552650646,1765262.1757725845,27687941.966491006
60,60,1.3300000000000002e+49,714000.0,0.146,38.837,21.716,17.121000000000002,False,5.675,-0.839,2012-02-08 01:22:54.595,O5,"['K1', 'L1', 'V1']",8.431365289149436,20.464157146477817,162.24306178939858,5230.334019648508,152.90175569889254,408.1035562878105,1004.7029616148424,1676499.0629984103,18913389.112367053,982897453.9329886
61,61,4.21e+47,474000.0,0.1,44.475,11.656,32.819,False,2.856,0.536,2012-08-03 19:16:14.825,O5,"['H1', 'K1']",9.366411410069231,1396.918982714961,4480.50518574412,13120.011456002672,105.44908395331412,279.9727580278031,671.9173056010479,46829601.6274513,175372496.36161786,634543398.7414912
62,62,3.88e+49,249000.0,0.054,82.913,32.461,50.452,False,5.793,-0.707,2011-10-17 16:27:33.934,O5,"['L1', 'V1']",9.913807319624931,447.97829250106696,1672.2989635150377,7005.607307060499,75.50809630573042,201.39685144548912,497.43198084672247,5940669.554814488,27060587.52525387,167542982.55360958
63,63,9.05e+48,670000.0,0.137,25.541,10.943,14.598,False,2.572,0.881,2012-03-12 03:20:32.006,O5,"['K1', 'L1', 'V1']",10.66665045130581,20.864098593974752,73.28154760012775,302.5274439080449,78.67593342399311,209.68106445626813,515.3333063966639,701982.0400423787,2769106.21251776,15907435.219458262
64,64,2.46e+48,784000.0,0.159,56.65,27.758,28.892,False,5.689,1.396,2012-04-14 14:09:58.080,O5,"['H1', 'K1', 'L1', 'V1']",8.229825726005954,657.2673669028801,5814.19977805024,28994.996771326605,154.9582061643025,413.0757609293221,1012.5692127770204,138336147.70498678,1313357103.1198063,7039489964.349759
65,65,1.43e+51,146000.0,0.032,60.958,6.777,54.181,False,4.372,-0.413,2011-12-11 22:48:24.919,O5,"['K1', 'V1']",19.66070147812017,30.164254176408114,102.6308524234566,378.03816632043,21.17512995813988,56.41270083124732,138.22111707938328,34180.55453876741,124073.06754206956,563808.2648167834
66,66,7.19e+48,1250000.0,0.241,24.792,14.031,10.761,False,1.341,1.014,2012-04-24 18:46:12.407,O5,"['H1', 'L1', 'V1']",8.906921049079788,21.339977852323724,154.9468924966759,1409.8342844625588,138.8215168462284,370.3375277685408,911.9784632558752,2042813.6702475192,20374378.488552287,255081914.30899465
67,67,2.2599999999999998e+51,933000.0,0.186,15.623,19.943,-4.320000000000002,True,4.705,-0.098,2012-03-09 20:46:47.902,O5,"['H1', 'K1', 'L1', 'V1']",8.158293498017663,15.5907968676486,80.47911472145994,3774.41767238548,168.5116472758749,450.0140433941064,1101.6785748225543,1521016.642265284,10702079.191181617,924978919.0072207
68,68,1.43e+50,685000.0,0.14,38.729,19.478,19.251,False,2.884,-0.623,2012-06-22 21:17:32.704,O5,"['H1', 'K1', 'L1', 'V1']",8.77400774137772,6.5392813377351935,40.3524050132139,975.0870246216303,131.7096351356979,355.2727241842498,944.5027025627372,327922.31543101964,2678639.300136135,124888990.642328
69,69,1.54e+51,589000.0,0.122,65.998,24.251,41.747,False,5.265,-0.13,2012-05-30 12:20:43.022,O5,"['H1', 'K1', 'L1', 'V1']",8.126340594595023,169.8266747788593,874.3723246570679,19867.596148538225,174.56238452938442,461.9587873972315,1093.4253859787648,22399658.48187394,168726981.31388548,4461759530.916857
70,70,6.150000000000001e+49,1280000.0,0.246,28.565,9.04,19.525,False,2.863,0.89,2011-12-13 09:58:39.074,O5,"['H1', 'K1', 'L1', 'V1']",9.293235163908024,57.957171308560405,259.9955861131039,2087.5877322884485,161.43009128677636,430.03780421891474,1052.1580478744006,9143995.5417341,49230377.71606097,492743715.6483797
71,71,4.18e+50,999000.0,0.198,23.446,15.54,7.906000000000002,False,5.094,-0.462,2011-09-29 13:18:21.921,O5,"['H1', 'L1', 'V1']",10.31815138540245,3.760602583645731,13.42723384651322,149.5216094217508,116.71154547496144,310.81979592315986,759.248152967749,278074.68782157137,1227367.8081772816,20155054.4873694
72,72,6.150000000000001e+49,970000.0,0.192,45.511,12.07,33.441,False,5.89,-1.042,2011-12-08 17:55:46.260,O5,"['H1', 'K1', 'L1', 'V1']",8.284050850860465,73.21788174237324,806.6302890616839,18260.36997794855,176.59493635668375,468.252529547714,1118.0136553153925,12321133.823588109,160935688.84958118,4510960954.520067
73,73,2.6400000000000003e+50,667000.0,0.137,27.532,12.539,14.993,False,1.611,-0.942,2011-12-24 23:27:10.306,O5,"['H1', 'K1', 'L1', 'V1']",10.98504986795542,2.2530423212147284,8.554009225020478,40.22102926908924,80.61067393671578,214.4729362250404,520.9506174542638,69532.29179692277,297294.31805259484,2043464.226137802
74,74,4.520000000000001e+50,3830000.0,0.626,43.554,30.373,13.181,False,3.045,-0.46,2011-09-24 03:49:10.438,O5,"['H1', 'K1', 'L1', 'V1']",8.025578079630947,1119.2709645266843,7987.797058119765,30907.134756896223,179.64273567630516,478.7539029472871,1174.1600261535905,399176190.25461113,2868950450.738821,11939541575.25753
75,75,1.44e+47,522000.0,0.109,24.012,13.933,10.079,False,0.272,0.077,2011-11-16 01:10:28.748,O5,"['H1', 'L1', 'V1']",10.31707708060032,28.379630093115413,110.1907572704613,536.8312199193003,68.68224437502045,183.3342335945289,454.7355683096042,469312.3460239347,2174432.087297305,14494265.054936787
76,76,3.59e+50,426000.0,0.09,8.516,7.042,1.4740000000000002,False,3.143,0.434,2012-03-06 17:14:39.442,O5,"['H1', 'K1', 'V1']",10.3973723771824,15.026978291373808,65.05772029126132,228.3184522920902,58.35187297958964,155.92358806001465,386.35080486949306,128713.85653683076,515205.24463686766,2750346.953893409
77,77,1.23e+48,367000.0,0.078,4.188,12.858,-8.670000000000002,True,2.197,0.314,2012-06-01 15:43:55.111,O5,"['H1', 'L1', 'V1']",17.97569363366428,0.8130518776975837,2.5778375202156023,9.153522537551243,28.15034979923928,75.10462135577785,185.5414454134798,2862.93376420835,10664.85656890288,49763.3592036328
78,78,1.9399999999999998e+51,459000.0,0.097,21.692,19.199,2.4929999999999986,False,4.477,0.549,2012-02-11 13:07:23.175,O5,"['H1', 'K1', 'L1', 'V1']",18.91341007340581,0.6193281145321936,2.033716356162852,8.33753878669047,38.343311897438525,102.16844399302244,250.6545947057935,5089.2986693989205,19948.04788630622,107764.155191384
79,79,7.74e+49,124000.0,0.027,86.321,8.423,77.898,False,3.19,-1.293,2012-06-23 18:34:39.720,O5,['V1'],8.365702745121931,2888.502027261704,8667.152916063582,25261.67104699437,80.07107987989934,211.2256954284183,495.6161527619468,48641917.69013283,131574120.63202707,349684387.6797196
80,80,8.339999999999991e+50,935000.0,0.186,4.905,13.76,-8.855,True,2.293,0.477,2012-04-04 21:59:51.497,O5,"['H1', 'K1', 'L1', 'V1']",8.799110028629025,36.72296618802716,208.7891919014205,2347.410377549736,212.98503448562624,549.9281426390972,1226.2356700539551,2202010.0654097944,24707396.57440165,556607024.1024914
81,81,3.3099999999999995e+51,246000.0,0.053,63.072,14.174,48.898,False,4.397,-0.3,2012-02-02 06:16:11.891,O5,"['H1', 'K1']",8.920653249925754,864.1924917283503,4029.256801309055,13659.211309057386,96.81353776574376,257.57769700479395,622.9419428178337,20027924.68753768,124060616.75098471,521813101.5769869
82,82,7.150000000000001e+50,648000.0,0.133,37.344,11.388,25.956000000000003,False,3.038,1.142,2011-11-24 09:03:55.858,O5,"['H1', 'K1', 'L1', 'V1']",10.97934299096896,1.942100722762845,6.299994652809216,31.232003302452867,82.34378377698113,219.81463539527863,547.5114408845718,62857.00842210522,249677.8083056678,1814746.343605754
83,83,3.3300000000000003e+49,1160000.0,0.226,33.376,5.33,28.046,False,0.259,0.761,2012-02-10 20:06:26.374,O5,"['H1', 'L1', 'V1']",8.323524826711827,42.69189852604355,278.40333358170943,1425.9118963256958,168.05582095591376,447.42790071194224,1090.6863366767675,8082012.794151721,56770033.76290468,367946808.364394
84,84,4.86e+51,1570000.0,0.295,41.666,15.34,26.326,False,1.313,1.184,2012-07-27 07:49:54.661,O5,"['H1', 'K1', 'L1', 'V1']",8.064473529763154,295.49381859279066,1778.9644868237435,14847.620200578804,188.5221875221744,500.0425211444684,1195.4758446452852,47779765.74618015,345767072.60017025,4175205962.649449
85,85,1.1300000000000001e+52,522000.0,0.109,85.682,14.919,70.763,False,2.885,-0.446,2011-11-28 01:40:05.143,O5,"['H1', 'K1', 'L1', 'V1']",9.27929360930722,31.172048966847445,100.38763379889276,964.7994681931384,137.51635002176977,365.9289377235483,888.983529217916,2744149.5824662247,11034931.245002504,154073032.47999725
86,86,4.520000000000001e+50,1420000.0,0.27,32.855,5.267,27.588,False,5.39,0.527,2012-06-03 09:51:21.229,O5,"['H1', 'K1', 'L1', 'V1']",8.536009712952342,124.1163231354491,477.8986615982054,2167.269736416245,167.2067127652988,444.7485072152299,1078.6453137144852,22653664.20227803,99090273.39478745,626990196.6427501
87,87,5.680000000000001e+50,235000.0,0.051,60.878,11.876,49.002,False,5.0,0.132,2012-05-09 06:07:58.905,O5,"['H1', 'K1', 'L1', 'V1']",12.42667174836127,1.8816114229836325,5.940875697337146,21.239732144562613,40.76791221172096,108.5659132358881,265.16933002104133,12607.347028319513,47394.05276297049,233104.90023346644
88,88,1.9399999999999998e+51,783000.0,0.159,55.532,24.514,31.018,False,5.457,1.251,2012-08-08 03:23:50.595,O5,"['K1', 'L1', 'V1']",8.773546751004494,159.38998555434193,628.586825916557,11103.306066315305,169.01322905777374,449.9089714656397,1096.312921435892,16408519.903318426,83718584.06819774,2429391526.232711
89,89,1.24e+47,502000.0,0.105,42.063,27.07,14.993000000000002,False,4.351,0.758,2012-05-08 02:12:20.188,O5,"['H1', 'V1']",8.030149323218758,61.05655625053932,249.0204841847823,1569.9754432331506,137.0037441769233,364.0285472705429,899.6216322074156,2398107.087862849,12252509.498749554,166848239.26022553
90,90,9.749999999999987e+49,439000.0,0.093,47.979,13.212,34.767,False,4.151,1.47,2012-01-07 12:26:45.442,O5,"['H1', 'K1', 'L1', 'V1']",11.30473318222145,1.4071017798454415,4.436656619822572,18.31921520344369,73.65940926817086,196.25528581379035,481.3149690413028,39550.59229304508,150407.05506955867,881540.8992622179
91,91,8.38e+48,218000.0,0.048,70.087,7.107,62.98,False,1.375,-0.467,2012-03-28 15:26:29.654,O5,"['H1', 'K1', 'V1']",11.92126086377159,24.66653110766496,75.75113543838704,258.9690733212467,58.299676503878175,155.97516760776745,394.4571741094036,314341.42951176513,1151875.10213513,5276322.179734444
92,92,3.07e+51,1190000.0,0.231,15.72,15.084,0.636000000000001,False,3.596,0.324,2011-09-22 21:05:27.636,O5,"['H1', 'K1', 'L1', 'V1']",8.199639939400033,33.46350630868238,180.8417720852619,1123.452903640267,157.62837790285698,419.28713555515606,1016.942377110232,4989606.750326586,33840514.31693996,265621369.2329364
93,93,1.2199999999999999e+51,991000.0,0.196,16.284,27.694,-11.41,True,4.298,-0.311,2012-05-19 06:42:47.562,O5,"['H1', 'L1', 'V1']",8.987842412508313,26.070933363850244,79.32018106445997,345.69325708847055,112.69677527391286,301.4209002622655,756.69911674712,1311464.7452665227,4913218.755188577,36339826.14343073
94,94,2.45e+50,395000.0,0.084,50.924,9.888,41.036,False,3.298,0.574,2012-05-19 09:05:21.915,O5,"['H1', 'K1', 'L1', 'V1']",10.37419681228548,5.528294226847634,22.102288003463496,85.25233475850507,71.21457426390629,189.81059235544507,465.2338724201357,101751.70750725055,433918.3873864037,2424100.999161694
95,95,7.719999999999991e+50,5850000.0,0.886,32.401,14.766,17.635000000000005,False,1.986,-1.248,2012-03-31 08:53:54.982,O5,"['H1', 'K1', 'L1', 'V1']",8.047585631907522,158.91673312021524,3180.3037388891944,26937.068925404663,251.26842823267384,672.363179413723,1631.720690919121,48881074.203569576,1472545768.812024,13327633006.407991
96,96,7.17e+49,119000.0,0.026,57.89,11.168,46.722,False,2.307,1.025,2012-07-14 13:53:32.917,O5,"['H1', 'L1', 'V1']",30.80420521143852,0.1391890068937603,0.4365009471359725,1.5112492040537029,13.221800891380695,35.318764505560154,88.31229880073909,88.0245035481875,324.1940523783491,1474.5647657152429
97,97,2.63e+51,918000.0,0.183,40.791,6.77,34.021,False,2.972,-0.042,2011-11-08 14:55:10.351,O5,"['H1', 'K1', 'L1', 'V1']",8.316043615213617,209.87213277226155,758.446681863949,6095.355953823471,157.311841118006,418.5254596374744,1017.1654401187166,34033300.22924983,146700829.51822525,1665691074.375748
98,98,3.58e+51,743000.0,0.151,24.043,27.247,-3.2040000000000006,True,5.824,-0.803,2012-05-09 18:47:01.958,O5,"['H1', 'K1', 'L1', 'V1']",9.18459176451332,7.247222779501705,41.87665902238448,2247.5546325260752,126.45822018088188,338.41297816017686,855.2267491593783,450118.0154538995,3734317.745307775,242485064.8210997
99,99,3.61e+47,727000.0,0.148,61.717,16.391,45.326,False,3.917,0.664,2012-07-20 04:17:53.009,O5,"['H1', 'K1', 'V1']",8.012650467276295,237.3492989886128,1452.2542032800598,8602.739710140135,159.45520978033596,424.4330455183574,1033.099776341615,27050651.75821388,195364885.61427683,1529049302.6564636
100,100,5.73e+47,1240000.0,0.24,54.081,15.406,38.675,False,6.155,-1.0,2012-07-03 03:39:28.341,O5,"['H1', 'K1', 'L1', 'V1']",8.422905443275363,127.80377558206098,818.3744633344238,17133.377580214757,173.8134311204169,461.8250656122268,1114.1277578969448,25933921.774055924,206567407.7003376,4928083621.839924
101,101,1.23e+49,385000.0,0.082,39.802,30.073,9.729,False,5.549,0.962,2012-01-22 00:10:43.358,O5,"['L1', 'V1']",10.30472728459064,37.37562829211448,121.61606547563986,791.9789337924127,59.49019018622846,161.91651107186465,456.3574664169449,232768.75147439548,1024913.4568169886,15784179.07715486
102,102,6.61e+51,277000.0,0.06,81.531,14.214,67.31700000000001,False,5.292,-0.571,2012-01-16 06:17:29.203,O5,"['H1', 'V1']",10.34563375327648,26.576550862950235,87.03319038704365,429.7325998367587,67.69505107420133,180.0939615339655,441.165759115441,323130.71810110623,1249352.6589817037,9522062.384040317
103,103,9.78999999999999e+47,397000.0,0.084,48.575,28.307,20.268000000000004,False,0.675,-0.012,2012-01-19 06:13:55.506,O5,"['H1', 'K1', 'L1', 'V1']",10.3018468773918,4.471859054470757,14.624165333701796,62.80317642866661,67.95426954857362,181.13305639573508,445.8665571694566,96713.05651004356,381843.4170118901,2399706.834293891
104,104,1.05e+50,537000.0,0.112,57.233,14.649,42.584,False,2.51,0.271,2012-07-28 13:21:30.033,O5,"['H1', 'K1', 'L1', 'V1']",8.463725126533832,7.745272217005273,33.22045397946569,925.58215804343,132.7616415177265,354.9560441777803,883.0130009516527,465279.2565504496,2652680.4443518985,135911368.05636483
105,105,2.85e+50,349000.0,0.075,54.36,21.507,32.852999999999994,False,5.066,1.124,2012-06-23 16:38:48.449,O5,"['H1', 'K1']",9.986592937166884,84.89364648527271,333.4987068275609,5209.655182728841,77.71824304828857,206.79240716829685,501.7467326855818,1444590.4022402968,7165477.311826711,137162698.81902406
106,106,1.06e+47,1600000.0,0.3,28.559,19.963,8.596,False,4.094,-0.344,2012-02-23 00:48:21.769,O5,"['H1', 'K1', 'L1', 'V1']",8.587759473238908,74.18560917159353,263.8666507637411,1525.6599479227025,166.04134841531777,441.5129371362957,1068.1145656384404,11709847.41377286,50350220.63009296,363181714.5135077
107,107,1.05e+50,729000.0,0.149,40.122,12.051,28.071,False,5.238,-0.137,2011-12-18 05:16:41.811,O5,"['H1', 'L1', 'V1']",9.647708810035937,14.797526393459847,45.94944907178765,221.89845265700777,82.79124439506614,221.8574942905414,568.5421698263826,295845.6035554749,1076635.1562347969,9420985.055697525
108,108,5.7e+49,8990000.0,1.255,56.334,10.156,46.178,False,3.054,-0.39,2012-07-18 11:46:08.570,O5,"['H1', 'K1', 'L1', 'V1']",8.065975477742102,171.40157904926957,1200.7016096204757,19258.657443372624,248.85825089395007,663.6442219375663,1635.8386124873832,91839391.85908292,726619970.839617,12912771308.187574
109,109,5.74e+46,1410000.0,0.268,1.903,13.751,-11.848,True,3.578,-0.392,2012-02-27 20:54:42.991,O5,"['H1', 'K1', 'L1', 'V1']",9.225542477976088,77.3971640915032,327.968634086739,1616.371563831486,160.86595065059623,427.9559418088122,1038.6501407483777,10864800.672484444,53858959.17347785,333369633.30066526
110,110,3.86e+51,1480000.0,0.28,23.512,40.454,-16.942,True,5.955,0.242,2012-02-28 19:01:00.543,O5,"['H1', 'L1', 'V1']",8.300470977443752,89.30485532632643,320.6548739907225,2525.503878075299,172.57463478465638,458.8148981516226,1110.5984492028442,12351202.520545045,56145528.94531333,652691296.7969618
111,111,1.14e+50,194000.0,0.042,77.031,16.628,60.403000000000006,False,2.477,-0.676,2011-10-18 00:07:59.932,O5,"['H1', 'K1', 'V1']",13.64901159845196,11.121640263463252,51.67319745356699,859.8805854751308,59.94351190345924,161.83896156788856,354.01311618404566,68119.04441151526,334246.014463769,7620612.722455312
112,112,9.03e+49,1540000.0,0.29,43.878,12.434,31.444000000000003,False,0.068,1.267,2012-09-04 07:01:20.134,O5,"['H1', 'K1', 'L1', 'V1']",8.26574297818343,266.97886694421385,1722.6697612865737,15304.46900266138,166.55374828619347,443.4329070414428,1081.3428064940786,67423480.32531501,488267817.6825575,5219194754.796165
113,113,6.119999999999999e+51,1270000.0,0.245,55.763,8.008,47.755,False,2.612,0.87,2011-10-25 09:14:59.943,O5,"['H1', 'K1', 'L1', 'V1']",8.01118409141123,351.22548310707765,2153.102060539129,16096.520683506924,199.9916921169217,530.9542192048807,1275.0733905551838,69550611.09581876,509736877.1661346,5447022699.969469
114,114,9.72e+50,489000.0,0.103,11.736,12.023,-0.286999999999999,True,2.744,-1.486,2012-04-08 16:15:43.950,O5,"['H1', 'L1', 'V1']",16.2347218692164,0.6737919660231285,2.1196954398680306,7.476759996226918,39.147756392751376,104.31356872065209,256.1232414215783,4978.61698889551,18535.5521492424,87966.49020791416
115,115,2.09e+51,265000.0,0.057,49.555,15.702,33.853,False,0.33,-0.798,2011-11-12 06:21:03.783,O5,"['K1', 'L1', 'V1']",13.19563693988867,4.959777405412446,24.06057965463545,267.65285337121225,40.46435606919334,108.7013009688446,273.0702381859753,20981.307375174307,140641.24643267502,2012940.5822253355
116,116,1.43e+51,293000.0,0.063,69.129,9.894,59.23500000000001,False,5.128,0.26,2012-06-15 21:52:25.897,O5,"['H1', 'K1', 'L1']",8.742963878222822,112.25834103311792,416.909657543088,2016.804029633692,165.50821020523065,436.742424643503,1015.0797013784372,7786121.397459246,38447350.30360283,268822990.1103664
117,117,1.55e+49,748000.0,0.152,49.521,13.081,36.44,False,3.102,-0.709,2012-04-14 20:54:19.640,O5,"['H1', 'K1', 'L1', 'V1']",9.184758219532384,89.93309246771724,335.355852336825,1863.81979157372,168.07174531651708,447.001083463744,1082.936220073865,11091195.607145123,50403457.87793767,399541048.7272215
118,118,1.33e+48,466000.0,0.098,47.312,12.727,34.584999999999994,False,4.084,1.266,2012-04-28 07:40:57.796,O5,"['H1', 'K1', 'V1']",11.89897174639528,10.388037949229687,37.45824681018953,228.42569094006816,69.3462742569078,188.09666919427224,448.0079167032466,146231.19348448046,597858.9628260938,3785525.7251143046
119,119,1.05e+50,804000.0,0.162,19.35,5.54,13.810000000000002,False,2.515,0.842,2012-08-30 14:45:56.788,O5,"['H1', 'L1']",9.433092738025612,170.41567382199554,565.7227933932685,1864.317426096506,122.20237231009104,322.3214107647359,753.4620145524634,8731960.957698883,29792507.210065298,115015724.28862986
120,120,2.65e+49,258000.0,0.056,40.151,15.878,24.273000000000003,False,5.368,0.665,2012-01-17 19:16:24.768,O5,"['H1', 'K1', 'L1']",26.41360202312472,5.190304937550401,19.24501089857632,91.61986931295856,29.62714042309247,79.0114050694319,194.3892846218287,13560.383686219711,57075.58020411152,329622.3993408424
121,121,1.23e+48,440000.0,0.093,73.116,22.637,50.479,False,5.273,0.712,2012-09-08 09:50:26.322,O5,"['H1', 'K1', 'L1', 'V1']",8.742665369389707,2.479683724900621,8.867718913477983,58.5679176131417,100.71637726822507,269.21885669588323,680.1534621913671,81589.93027237289,373410.5758889458,4135586.189373917
122,122,6.150000000000001e+49,639000.0,0.132,68.255,24.992,43.26299999999999,False,2.008,-0.018,2012-06-14 20:32:05.733,O5,"['H1', 'K1', 'L1', 'V1']",8.722682816232542,52.23938098082623,191.73811437010784,2024.6758611874368,158.14987843330744,420.1321690980309,1011.1933750706932,6136478.557290792,25026530.3165644,450589242.4860608
123,123,1.1299999999999999e+51,478000.0,0.1,24.966,13.82,11.146,False,0.706,0.28,2012-07-15 23:24:57.713,O5,"['H1', 'L1', 'V1']",10.96039495757754,30.441867701040945,117.7516328614396,404.2761171126421,60.83666832046953,162.02412118465446,395.6673001594971,393478.61795506,1660882.104115439,8002263.269617267
124,124,1.67e+48,303000.0,0.065,81.105,16.247,64.858,False,3.836,0.088,2012-06-22 07:03:12.959,O5,"['H1', 'L1', 'V1']",8.96424732517619,42.86377383945377,156.79655181685504,723.7516784872354,118.909632667962,316.9835505120561,776.8627708874844,2170443.412357474,9733607.41293974,65114479.31410685
125,125,3.32e+50,293000.0,0.063,70.996,7.563,63.43299999999999,False,0.265,-0.377,2012-09-05 19:30:32.500,O5,"['H1', 'K1', 'L1', 'V1']",15.07827241649615,2.240745287375901,8.082811079735883,30.4749835438615,55.26475160199056,147.34390746560314,362.5512297813515,32414.62316066808,131395.15577760065,682920.8914760022
126,126,9.72e+50,305000.0,0.066,62.881,14.293,48.588,False,4.641,-0.313,2012-02-19 21:17:29.363,O5,"['H1', 'K1', 'L1', 'V1']",12.96753307858582,2.631056623731217,8.550423940162162,30.542337867008325,66.40198644731498,173.3947606266259,397.038785881132,24684.796254388144,97745.44390165254,475937.8632287466
127,127,2.1e+49,482000.0,0.101,55.724,13.196,42.528,False,6.245,0.2,2011-11-20 22:04:09.716,O5,"['H1', 'K1', 'L1', 'V1']",8.162083042785468,41.04738531371679,388.7149199916554,9156.877918644472,175.45118900944726,463.32499007904,1087.5872260616466,3997801.410556472,56843300.61468399,2042825183.0052583
128,128,1.05e+49,1140000.0,0.222,50.3,5.622,44.678,False,1.288,0.637,2011-10-24 09:53:46.674,O5,"['H1', 'K1', 'L1', 'V1']",8.136848826279353,55.54135292068057,388.4698242748164,1857.3120880794256,161.60436411855403,430.1891494616748,1047.9203686766436,10270941.743155964,75895604.34196131,490785042.47844857
129,129,7.14e+51,533000.0,0.111,39.072,10.928,28.144,False,2.31,-0.9,2012-01-11 02:08:57.953,O5,"['H1', 'L1']",8.310593811484553,150.4016787660469,478.1448113092965,1920.4396881333305,110.50867483346453,294.8463845963144,731.002564102256,5180630.18295216,20387235.19993073,119375110.4442674
130,130,2.2599999999999998e+51,685000.0,0.14,43.59,9.441,34.149,False,3.886,-0.399,2012-04-13 22:12:13.588,O5,"['H1', 'L1', 'V1']",9.994128211142554,35.016922217269794,118.33700595713616,639.0631541407288,124.52170629348429,331.45884204731374,806.8092025647195,2623369.951610788,10796495.529283293,78573618.12919684
131,131,2.45e+50,772000.0,0.157,37.573,27.981,9.592,False,1.91,-0.426,2012-05-06 12:50:52.864,O5,"['H1', 'K1', 'L1']",10.40506726095446,126.73600237037502,435.80610340048713,1790.2865982455592,114.81589160242596,304.99998562279006,733.9520710880037,7887530.884594665,30631505.822719283,138450852.67613178
132,132,1.1400000000000001e+49,836000.0,0.168,78.206,7.851,70.355,False,3.767,-0.505,2011-11-20 01:15:29.518,O5,"['H1', 'K1', 'L1', 'V1']",8.31355180075419,34.52416546836882,306.6206223927928,12614.49851003484,167.89876066941497,446.2964115405364,1078.9875165918374,6415618.360698143,73186285.89932068,3418953861.175456
133,133,2.45e+50,577000.0,0.12,45.916,15.481,30.434999999999995,False,0.72,-0.697,2011-12-07 17:22:35.307,O5,"['H1', 'K1', 'L1', 'V1']",12.92172861709586,20.329357259524127,78.78363987844186,394.71266285278944,84.0138123499828,223.8254345935344,540.776852129211,615797.2898413984,2758303.8280804367,15542569.677447325
134,134,1.0499999999999999e+51,1790000.0,0.33,27.01,20.237,6.773000000000003,False,2.344,0.864,2012-05-19 01:00:00.587,O5,"['H1', 'K1', 'L1', 'V1']",8.420883516170445,137.93383233226328,529.9916748724156,2868.401147489909,186.4933465790309,496.0660459986102,1203.242010412591,30483307.60396539,143327332.78142226,1050622431.6140704
135,135,6.150000000000001e+49,558000.0,0.116,18.468,16.072,2.396000000000001,False,5.879,-0.365,2012-07-04 01:21:19.883,O5,"['H1', 'K1', 'L1', 'V1']",14.2636026831113,6.635557385672082,34.541130819991565,202.794451458756,60.46329599001763,162.29409760067068,398.2721715698968,85761.5433676609,484276.2324800932,3236913.5475984863
136,136,4.8800000000000005e+50,524000.0,0.109,27.39,14.3,13.09,False,1.088,-0.933,2012-03-07 23:20:57.104,O5,"['H1', 'L1', 'V1']",9.709951183373546,3.004625543920859,10.114481859324624,50.5612266490759,71.02794932552337,189.6303239818788,474.4637745441692,56634.25066260414,236245.34930682048,1840122.8896996868
137,137,4.520000000000001e+50,162000.0,0.036,78.034,17.332,60.702000000000005,False,4.626,-0.742,2012-05-02 18:02:24.805,O5,"['H1', 'K1', 'L1', 'V1']",18.8209322236332,0.6201383373681262,2.0057524112912155,6.3915998081361,37.68280700778817,87.80160921944469,190.1984750811628,524.6106337749206,2325.3287740575843,11339.745544376712
138,138,1.66e+51,1170000.0,0.228,13.997,17.164,-3.1670000000000016,True,3.301,0.662,2012-04-21 00:51:44.328,O5,"['H1', 'K1', 'L1']",8.931974383222864,115.11402879407365,606.4162618618813,4044.369402374793,156.37648346266542,415.4090681541861,1000.461660487178,12612130.740718825,73494820.304155,649831893.5716354
139,139,1.06e+48,553000.0,0.115,45.696,34.105,11.591,False,0.277,0.857,2012-06-12 16:51:39.848,O5,"['H1', 'L1', 'V1']",12.02445788025805,23.247071553925124,74.08352773397199,315.2917936535599,81.48853152618403,217.12678864936152,531.568073553871,670941.2790624347,2561829.943335468,15156441.77525489
140,140,5.26e+50,9710000.0,1.336,74.758,9.121,65.637,False,3.881,-0.346,2011-10-21 01:30:47.162,O5,"['H1', 'K1', 'L1', 'V1']",8.14177204505239,3099.824952627546,12251.624449502497,32845.39348151906,219.985066096114,586.2082241289727,1436.8249358604023,1712855086.2422752,6902440701.970919,20972737129.511875
141,141,5.680000000000001e+50,596000.0,0.123,64.628,15.702,48.926,False,4.189,-0.417,2012-08-17 11:43:59.125,O5,"['H1', 'L1', 'V1']",8.13569675768143,16.734724376384676,78.72528776768733,956.605044426106,150.10094598806143,399.4587986954949,971.8128818451856,2326172.731088702,13461601.30490279,205783468.1692913
142,142,1.66e+51,524000.0,0.109,34.853,10.375,24.478,False,2.339,-0.239,2011-11-25 04:11:58.693,O5,"['H1', 'K1', 'V1']",8.65280768765723,124.7964456754732,404.8811524544143,3077.8069411315705,131.427801622909,351.93926514771965,888.6989875531049,6079190.330632255,25435594.78344123,423066313.9913794
143,143,3.87e+50,685000.0,0.14,53.728,12.426,41.302,False,0.567,0.53,2012-01-17 02:20:12.070,O5,"['H1', 'L1', 'V1']",9.952189347724152,34.69778222567508,132.4134316431333,558.7608292416755,125.53816297320986,334.2154828051156,814.1774160536545,2646465.5599809205,12117283.556174628,68619596.4759871
144,144,4.1900000000000004e+49,150000.0,0.033,73.267,32.859,40.408,False,6.088,0.448,2012-06-06 05:38:30.264,O5,"['H1', 'K1', 'L1', 'V1']",17.24297985582207,0.8159646279928637,2.641454104076727,9.843350992297935,34.87279392979829,90.81997836991548,212.72475824348896,1210.0003173129724,4571.523895556542,23140.00401016809
145,145,3.87e+50,227000.0,0.049,81.141,5.146,75.995,False,1.672,-0.813,2012-01-13 15:37:26.706,O5,"['H1', 'L1', 'V1']",16.10958072622903,2.3664083217485143,8.30630172108253,38.99707169878842,53.334106925758704,143.7185634316861,355.4747684956809,24027.4517323928,96621.31070047554,517815.7287742798
146,146,1.3199999999999999e+51,313000.0,0.067,57.397,18.976,38.421,False,2.817,-0.645,2012-05-01 19:15:51.691,O5,"['H1', 'K1', 'V1']",12.06022329696581,9.274367780611431,39.40092878730738,555.6710052520275,56.38884235515491,150.5018896397998,371.3134397936861,88504.6742773685,445156.820188694,9415143.672153492
147,147,1.06e+47,1440000.0,0.273,21.725,12.796,8.929000000000002,False,6.131,-0.192,2012-04-10 09:00:57.282,O5,"['H1', 'K1', 'L1', 'V1']",8.07579965207523,1542.042941466299,8102.229492310847,30334.597316553543,155.69047174062098,415.0032979157284,1018.372016937841,350502322.7308136,1991766617.195944,8119420290.359287
148,148,4.9e+48,1450000.0,0.275,42.451,7.318,35.133,False,0.536,0.455,2011-09-23 07:18:17.470,O5,"['H1', 'K1', 'L1', 'V1']",8.432106060145518,78.25042251500118,685.2760931101839,9674.586175090564,164.21212749447545,437.5493653706324,1074.6348141852095,16006961.211434187,155946294.2308789,2801777018.9292564
149,149,3.3300000000000003e+49,1420000.0,0.27,47.62,24.431,23.189,False,4.962,1.363,2012-07-29 23:04:51.950,O5,"['H1', 'K1', 'L1', 'V1']",8.392261113724805,57.66058352262336,541.649363274712,5946.40838222897,157.2106630116907,418.5109783972921,1019.65351898239,11014294.820400205,115027399.58321773,1613845358.6034195
150,150,4.89e+49,1110000.0,0.217,29.438,15.536,13.902,False,6.089,-0.707,2012-03-30 07:53:18.784,O5,"['H1', 'K1', 'L1', 'V1']",8.475435658503892,53.8916814101805,219.68796580119715,1588.0284801208545,163.67435628584326,435.3269129033133,1054.941469528284,8612088.032915397,38716712.44162509,387847232.2145547
151,151,3.88e+49,2110000.0,0.38,31.966,21.788,10.178,False,2.446,0.333,2012-02-17 04:05:06.573,O5,"['H1', 'K1', 'L1', 'V1']",8.803277761286873,105.6660199023786,667.0879401255442,4882.50373913225,212.7100695222228,564.0260763530754,1345.8789051395984,19418299.63623028,170212098.3018057,1880863600.8521376
152,152,7.209999999999999e+47,765000.0,0.155,33.625,17.385,16.24,False,2.129,0.705,2012-08-25 15:56:13.819,O5,"['H1', 'K1', 'L1', 'V1']",10.29112234157185,11.340337421581545,90.28989435373738,787.6846788291497,126.76117436719755,337.70771899191584,826.1403826362557,1038665.8398026384,10211746.307634307,100486730.52530876
153,153,5.680000000000001e+50,262000.0,0.057,82.894,20.817,62.077000000000005,False,0.314,-0.765,2012-08-23 16:29:46.271,O5,"['H1', 'K1', 'L1', 'V1']",11.32486157332344,2.575922060861501,8.889933082800214,30.72914098423644,104.16198548978838,270.2084895781265,556.114512606636,42544.00566721693,170532.73148367574,791470.0500851833
154,154,1.43e+49,457000.0,0.096,63.834,16.315,47.519000000000005,False,4.774,-0.022,2011-11-26 19:39:58.268,O5,"['H1', 'K1', 'L1', 'V1']",9.321834444553696,8.42349413603258,27.00109650773964,103.31684910542478,94.05476316561078,250.5308990430707,613.4239222681175,347059.6040481361,1324674.0260205606,7592696.541026254
155,155,1.3200000000000001e+50,407000.0,0.086,35.282,17.877,17.404999999999998,False,1.219,-0.146,2012-06-28 15:32:38.931,O5,"['H1', 'K1', 'L1', 'V1']",13.96144217233356,2.1055801373750893,6.685502940687633,24.61412613364452,47.70157725541759,126.96650922426907,309.1093198508083,21293.47854340794,80360.5752569411,406156.3921711294
156,156,4.520000000000001e+50,600000.0,0.124,13.302,10.91,2.3919999999999995,False,1.96,0.698,2011-11-03 15:29:06.042,O5,"['H1', 'K1', 'L1', 'V1']",12.9399236304279,2.2034260641793058,7.974221351149132,35.10712291503178,62.82503490267811,167.31843866325215,409.0071068445199,43402.62667174135,182588.9902881185,1091819.9571430318
157,157,9.749999999999987e+49,806000.0,0.163,33.838,18.428,15.41,False,0.136,1.155,2011-11-29 00:36:25.063,O5,"['H1', 'K1', 'L1']",9.615124081458733,111.95635120928108,362.12812357658856,1256.793974555085,123.08531850848964,326.70007973085274,781.0443539113968,6782308.7088587135,24312739.19927113,99382872.29688442
158,158,2.28e+48,630000.0,0.13,54.352,19.106,35.245999999999995,False,3.853,0.361,2012-05-27 06:46:17.124,O5,"['H1', 'K1', 'L1', 'V1']",8.151820665455277,204.9838850707912,1074.829597561303,8895.343718047143,151.6229716938858,403.9618356332892,989.4839691750304,36970117.39658414,215485810.70206907,2343880333.6503377
159,159,9.72e+50,544000.0,0.113,21.199,10.159,11.04,False,5.349,0.714,2012-09-09 14:29:55.722,O5,"['H1', 'K1', 'L1', 'V1']",11.30702261552463,9.338973855958246,34.45665344860512,201.3813364028867,77.46325823123607,206.68492167243016,509.6389927513047,176237.7570856654,808753.5900651687,6865424.533683947
160,160,4.54e+48,198000.0,0.043,46.402,14.662,31.74,False,1.221,1.362,2011-10-10 20:12:59.544,O5,"['H1', 'K1', 'L1']",19.20914750054991,0.8457466872623922,2.701016694742177,10.008389130604716,21.7168159872162,57.861502812648695,141.82792905195106,1371.784678599725,5200.051360558991,25908.9897457815
161,161,1.66e+51,827000.0,0.167,45.99,15.972,30.018,False,0.854,1.2,2011-11-02 10:44:40.886,O5,"['H1', 'K1', 'L1', 'V1']",8.219798756659095,18.598666898413484,119.45197193136198,1224.2692142747344,153.71669466316175,408.733629456249,988.68965174833,2445899.9360158504,18117354.74935616,256592799.85305893
162,162,5.29e+48,624000.0,0.129,24.48,12.179,12.301,False,5.372,-0.925,2012-09-07 01:52:54.119,O5,"['H1', 'K1', 'L1', 'V1']",9.854085133723602,1.2611897471934777,4.371495892947226,24.54668313622677,93.0152912205491,247.6813153658863,604.4526425507031,35402.65506997822,152801.5761971297,1216949.9539520952
163,163,2.09e+51,513000.0,0.107,87.3,7.334,79.966,False,4.554,1.221,2012-01-25 17:32:28.413,O5,"['H1', 'K1', 'L1', 'V1']",9.300784794474508,16.128109325097387,84.23373266599293,816.6258015843521,145.14459507725496,386.7161998037491,946.088524413676,1561430.662171002,10781762.486297771,137861708.50206572
164,164,3.09e+49,10400000.0,1.413,49.781,14.847,34.934,False,4.497,1.137,2011-11-30 04:20:22.376,O5,"['H1', 'K1', 'L1', 'V1']",8.002292331039131,2278.701885259515,10613.217403819528,31460.83072369202,259.84714782534,693.9303206809361,1725.4665241535158,1612057726.3418677,7812385735.18381,26257432584.85044
165,165,1.06e+47,695000.0,0.142,30.01,12.421,17.589000000000002,False,0.186,0.675,2011-12-30 17:10:36.199,O5,"['H1', 'L1', 'V1']",8.339486718116182,217.05148884288744,943.1534114956128,5883.230375895701,165.37126065088125,441.01818478402936,1084.5433172157243,15515400.239413094,92348501.0102814,1046448549.7512276
166,166,1.8e+51,2210000.0,0.395,5.663,19.756,-14.093,True,4.915,-0.917,2012-03-09 23:49:53.263,O5,"['H1', 'K1', 'L1', 'V1']",8.138075768741418,2372.13355347065,11807.528290994702,32565.32213340879,157.6322835260405,420.02133600720526,1028.7700487986788,582873201.8769797,2856894919.9588213,9095452770.973232
167,167,2.85e+50,638000.0,0.131,22.363,9.222,13.141,False,3.591,1.082,2011-12-31 14:25:43.417,O5,"['H1', 'K1', 'L1', 'V1']",13.43190262058192,1.644887543824434,5.449503326604411,25.281147306203984,71.74482399982014,191.2059238912616,470.0890809111763,45078.25028399421,179087.24400204085,1155014.4873678023
168,168,4.520000000000001e+50,606000.0,0.125,49.012,10.8,38.212,False,5.79,-0.275,2012-08-04 11:54:59.027,O5,"['L1', 'V1']",8.333706010493868,43.53024419621431,143.5206827566481,644.363602714782,102.18859862885404,272.7678629886208,683.2309166047404,1482739.6188618888,5864809.943633188,44229448.35196361
169,169,1.2199999999999999e+51,210000.0,0.046,81.884,25.68,56.204,False,2.616,-0.319,2012-06-04 22:28:33.937,O5,"['K1', 'L1', 'V1']",9.445991035918752,202.03309412048745,940.4790872197336,5294.725305452681,107.5618602565778,287.4637128425572,716.2919475573094,7126802.278624893,42792634.06959812,365510258.9631962
170,170,3.08e+50,3280000.0,0.551,76.165,19.724,56.441,False,4.071,-0.201,2012-08-26 00:19:03.957,O5,"['H1', 'K1', 'L1', 'V1']",8.13436749118062,1596.0748336816407,8323.939167431297,29187.69140655758,177.61879590372564,473.3572767148846,1159.694117432013,475040289.3309406,2635504298.204604,10536403804.277298
171,171,1.2300000000000002e+50,669000.0,0.137,27.834,18.75,9.084,False,3.394,0.332,2012-06-25 19:53:57.004,O5,"['H1', 'K1', 'L1', 'V1']",8.658688267205617,5.928823734457903,30.442166072081367,313.5368900583585,113.89258745478276,304.6333575551356,768.3716432457265,317234.40909196984,2068595.723161565,30540864.52326884
172,172,4.1900000000000004e+49,366000.0,0.078,83.059,14.667,68.392,False,3.688,-0.582,2012-06-09 11:58:37.350,O5,"['H1', 'K1', 'L1', 'V1']",8.215394684322154,54.21548716273043,255.0138693642308,1478.4005248176677,153.09355280873933,407.21233780259536,987.186319561818,7001419.4663366685,39342951.45871314,301176011.948773
173,173,4.1900000000000004e+49,782000.0,0.158,19.385,13.13,6.255000000000001,False,3.623,-1.043,2012-01-08 05:29:24.538,O5,"['H1', 'L1', 'V1']",11.31794363424408,3.2820708601827624,10.841885223211865,47.41874309370343,79.8964303779237,212.600609691242,516.7293774705588,95938.52752521972,381943.6446867227,2342104.5488976045
174,174,3.09e+48,298000.0,0.064,59.898,8.602,51.29600000000001,False,1.635,0.12,2011-10-12 21:49:47.418,O5,"['H1', 'K1']",8.590137953800916,356.34487086462684,2340.5779746802787,12842.860609550044,111.91877106695053,299.17341421209494,735.2430489418557,8521336.330282072,77861043.62412077,720122641.7480297
175,175,8.36e+49,299000.0,0.064,86.474,6.58,79.894,False,4.237,-0.179,2011-12-07 10:27:34.392,O5,"['H1', 'K1', 'L1', 'V1']",8.384987344331174,228.6863752111501,1242.5276062099797,13000.004384472097,182.5912488678066,482.6955258737262,1137.4688277401997,21025344.77112017,168966198.6791613,2940568920.103157
176,176,5.71e+48,953000.0,0.189,51.224,12.73,38.494,False,0.487,-1.063,2012-01-06 14:13:37.926,O5,"['H1', 'K1', 'L1']",8.23186919141243,164.98076350466783,534.3595923920062,2237.3556508975416,160.86140534878257,427.34248438578936,1027.9702222065434,20756096.638419528,76657920.6783089,387955209.23010826
177,177,1.3200000000000001e+50,777000.0,0.157,40.724,8.348,32.376,False,3.6,1.145,2012-05-10 04:42:41.520,O5,"['H1', 'K1', 'L1', 'V1']",8.825664018067837,68.10179253122672,277.91357371305185,1212.9587656816016,160.92736380138012,428.2651450210243,1041.1760285259918,10877060.890524128,49253929.512582384,273776440.77152
178,178,3.08e+50,1030000.0,0.203,9.417,6.829,2.588,False,4.384,0.0,2012-02-04 02:59:25.972,O5,"['H1', 'K1', 'L1', 'V1']",8.916515900770845,37.77881659828005,141.75728014089322,684.3819105744947,143.40445290171522,381.5702403167978,927.0569178381148,3561368.90474562,15905013.215982491,120288514.83926935
179,179,1.8e+50,475000.0,0.1,36.566,16.937,19.629,False,2.748,1.167,2012-03-18 11:35:35.989,O5,"['H1', 'K1', 'L1', 'V1']",13.83332393114367,0.9005755955014852,3.1275893274293685,14.612456791765064,51.59896950399372,137.29238902931138,333.5466742010875,9442.888026526502,39504.40328848975,246715.9030738717
180,180,8.339999999999991e+50,592000.0,0.123,26.156,17.071,9.084999999999996,False,1.1,0.183,2011-12-07 04:07:14.658,O5,"['K1', 'L1', 'V1']",11.31930629676172,14.141082302570872,75.46864072483662,672.7792662885761,70.4450284926121,188.0356490975259,465.9600844568064,350358.08869399084,2060303.498689275,21752128.06487576
181,181,2.2599999999999998e+51,876000.0,0.176,13.841,11.698,2.142999999999999,False,4.648,0.101,2012-03-09 13:26:07.818,O5,"['H1', 'K1', 'L1', 'V1']",11.58096599168318,15.44738505264776,55.27920683264474,283.40596829231663,108.33879745554476,288.54276336978444,704.1653859072362,694911.773825678,3180680.177863386,23585005.513566952
182,182,1.23e+49,1040000.0,0.205,82.4,29.481,52.919,False,5.977,0.789,2012-08-03 00:41:52.947,O5,"['H1', 'K1', 'L1', 'V1']",8.079171588901616,941.9604014774744,4335.956645951473,22915.305843908096,187.65277943099204,499.4504499423858,1212.8841378060083,205365063.7800536,1181967436.5041509,7481319216.061219
183,183,1.23e+48,925000.0,0.184,44.483,23.054,21.429,False,3.407,-0.251,2012-05-16 07:58:39.352,O5,"['H1', 'K1', 'L1', 'V1']",8.085080571520978,32.01725900719453,213.0407269411532,5644.13425589716,167.52956904569976,444.9462790671573,1068.1520374063998,3571444.6273761536,34566105.101576835,1405995818.5084565
184,184,2.2599999999999998e+51,514000.0,0.107,28.221,4.444,23.777,False,5.227,-0.208,2012-09-09 06:16:41.574,O5,"['H1', 'K1', 'V1']",10.13847559475401,27.85826201854623,95.03841319650354,698.9912227852408,73.34635888688962,195.6767940168428,483.98371802956905,457681.3569918263,2084373.9903823044,24448935.476792965
185,185,7.719999999999991e+50,975000.0,0.193,50.217,6.291,43.926,False,2.02,-0.431,2011-12-29 10:23:14.810,O5,"['K1', 'L1', 'V1']",8.444268649558605,423.1736569965585,2899.569092893951,24026.83695758365,184.8218583030341,490.4648375669698,1173.8547366052148,71340047.8487819,614795509.7722183,6325837259.320769
186,186,4.91e+47,1410000.0,0.268,16.807,44.054,-27.247000000000003,True,1.985,-1.336,2012-03-02 21:37:16.949,O5,"['H1', 'K1', 'L1', 'V1']",8.230262517679053,355.43789091356774,2175.467265633424,16910.047592206156,175.00911284850395,465.6359838583189,1131.0057555915591,88886695.30784993,576094422.0956924,5519926835.041275
187,187,1.3200000000000001e+50,708000.0,0.145,33.322,9.601,23.721000000000004,False,3.431,0.641,2012-05-03 14:58:28.463,O5,"['H1', 'L1', 'V1']",8.765464427407633,67.21317343827828,209.3044992391492,744.1206163902086,96.24317775584905,256.6766184218484,634.6024434192166,2052037.8270420248,7524690.348594523,42313539.70739948
188,188,5.26e+50,1170000.0,0.228,18.514,7.592,10.922,False,2.867,-0.514,2011-11-16 18:50:26.961,O5,"['K1', 'L1', 'V1']",8.763603327998469,48.3857956802532,153.72363857472303,1011.7018905661832,135.6192309171969,361.9791638242841,901.2285897834628,2940746.7284388863,11614211.868753152,132397275.8126428
189,189,5.25e+51,367000.0,0.078,70.707,7.724,62.98299999999999,False,6.031,0.5,2011-11-24 03:04:59.419,O5,"['H1', 'K1', 'L1', 'V1']",12.6547910805804,16.139248162502962,58.37557883279027,264.5917642098833,80.50118035310516,214.4855284337301,522.9870028980285,464138.8891848704,1980493.38821855,11568117.714974549
190,190,1.14e+50,927000.0,0.185,26.801,14.02,12.781,False,1.185,-0.08,2011-10-11 16:19:16.310,O5,"['H1', 'K1', 'L1', 'V1']",8.260304654406234,435.872615482616,1735.50494540934,14862.0016024019,180.21490874263804,477.28651307771634,1132.7005054623978,54835504.117179215,297616355.4298896,3798328527.567145
191,191,3.32e+50,522000.0,0.109,40.29,15.617,24.673,False,0.521,0.125,2011-09-25 10:10:31.703,O5,"['H1', 'K1', 'L1', 'V1']",12.02923681818864,7.86126448135322,26.26171599620349,105.3853512458286,79.40458910937957,211.73130910241505,522.5790953908952,213632.92043143912,856635.7720569725,4865227.186105675
192,192,9.03e+49,1020000.0,0.201,61.709,11.016,50.693000000000005,False,4.644,0.006,2011-11-21 21:57:09.058,O5,"['H1', 'L1', 'V1']",8.074159772272013,38.62654500509587,166.78686828233765,1453.1866646626638,166.10193037119063,441.4865573442751,1064.1896809911664,3908886.79844408,24037325.140883066,341713335.3981997
193,193,7.150000000000001e+50,627000.0,0.129,64.621,6.499,58.12199999999999,False,1.222,0.992,2011-11-17 08:35:05.682,O5,"['H1', 'K1', 'L1', 'V1']",9.03276612325478,45.11457498320864,213.49883350868373,1438.7807454524675,143.04936213177632,380.6494575192694,925.9326865041184,5138896.919806815,28298432.214521173,243194749.05757675
194,194,3.07e+51,323000.0,0.069,67.943,15.103,52.84,False,0.309,0.805,2012-08-05 11:02:34.886,O5,"['K1', 'L1', 'V1']",9.047899023498791,66.21245812213728,271.3382340055247,2229.716639304374,118.8702424759516,316.6774782790752,775.5266123113627,3045496.4551886767,16162609.182500966,204961553.81201467
195,195,3.59e+50,278000.0,0.06,57.863,15.427,42.436,False,3.325,0.517,2012-01-17 02:50:31.651,O5,"['K1', 'L1', 'V1']",10.39363843395488,27.736151670397422,89.28725829988095,311.35326479933053,65.07401275597653,173.16471081440363,421.1325404283396,425483.8194086261,1611150.2909933552,7554798.100228663
196,196,6.14e+50,12400000.0,1.63,85.134,8.399,76.735,False,1.997,-0.665,2012-05-30 11:05:20.842,O5,"['H1', 'K1', 'L1', 'V1']",8.418149391414142,1128.91867110948,6395.970147817905,29301.87758887177,275.0604143334267,735.097654989891,1825.8903948936584,904657003.735963,5694792816.898316,26316401712.679733
197,197,4.18e+50,256000.0,0.055,75.147,30.992,44.155,False,3.756,0.387,2012-02-24 22:36:52.469,O5,"['H1', 'K1', 'L1', 'V1']",11.17172394539769,11.517482226956734,40.2079366450267,231.90882991451025,99.25266644766369,257.3803470223834,610.3557263901938,99116.41060335292,524015.7375027261,7027729.757063467
198,198,6.63e+50,745000.0,0.152,17.27,23.222,-5.952000000000002,True,5.041,-1.133,2012-05-17 08:49:17.152,O5,"['H1', 'K1', 'L1', 'V1']",9.16961748105312,81.99778027206875,620.338566953973,6777.275947247339,177.884612498691,470.3161508415079,1111.0826630432312,7740935.60178853,91965845.9218548,1509361312.270945
199,199,1.06e+48,1190000.0,0.231,16.075,11.5,4.574999999999999,False,4.736,0.597,2011-12-10 19:47:40.225,O5,"['H1', 'K1', 'L1']",10.35235397542625,84.99718457097194,352.3338814825453,1439.533775710749,130.88325082428662,345.9672814057516,820.8068325908837,5545013.854061823,26274853.861448456,136531647.91499817
200,200,1.43e+49,398000.0,0.085,55.362,19.008,36.354,False,0.492,-0.827,2012-08-22 20:48:58.341,O5,"['H1', 'L1', 'V1']",12.4155783513219,2.513129872721725,8.785467355981131,156.47823994015985,78.52876313394813,209.6068861909064,521.2200409367529,86785.2543216153,375857.87072346767,8346687.405525815
201,201,7.7e+51,472000.0,0.099,32.863,20.895,11.968,False,1.982,-0.589,2012-07-12 19:32:34.247,O5,"['H1', 'K1', 'L1', 'V1']",8.958406971758398,12.590693531716,39.15260075269217,224.62475303396465,102.12083677749922,274.3840397800324,728.8030544045149,412970.5232516839,1634563.2638390053,18300907.799022432
202,202,1.54e+51,664000.0,0.136,63.457,19.759,43.698,False,0.376,0.609,2012-03-10 16:52:18.695,O5,"['H1', 'K1', 'L1', 'V1']",8.050829869380257,403.08537760049,5232.7255128447805,27651.86278978596,151.85724570360162,405.94833954681394,1010.6391245223474,66940427.285982825,1000110283.5305376,5918725813.747648
203,203,5.26e+50,462000.0,0.097,26.757,12.947,13.810000000000002,False,2.493,0.519,2012-08-01 14:08:15.968,O5,"['K1', 'L1', 'V1']",13.61864343250314,1.2935975325212037,4.33825667999962,25.169632057593223,50.34511307742116,134.8943396393131,330.7123252518327,11057.396111353615,43700.87590749488,302524.183171192
204,204,5.680000000000001e+50,687000.0,0.141,36.032,7.608,28.424,False,2.708,-0.271,2011-12-25 11:19:29.511,O5,"['H1', 'K1', 'L1', 'V1']",9.699682499907183,5.266153607273682,22.92096455316034,144.96204662571964,96.3943339495588,259.473907995761,678.3626358472134,168877.46918182887,956057.855551378,10812221.86321873
205,205,1.6600000000000002e+52,735000.0,0.15,86.076,10.377,75.699,False,2.03,-0.809,2012-09-13 01:15:09.109,O5,"['H1', 'K1', 'L1', 'V1']",8.312686124257844,290.85597632604885,1286.1157632479049,7039.075606263334,140.74979981250976,374.6518293842847,912.5690397903738,44282636.32794752,221921474.7588265,1623288739.5128553
206,206,9e+50,195000.0,0.043,51.218,5.964,45.254000000000005,False,4.998,0.594,2012-01-26 05:28:59.351,O5,"['K1', 'L1', 'V1']",16.15394283045557,0.6034151635602798,1.9106815569410804,6.737885632112135,26.286763344608744,70.02218521534499,171.23602907643098,1105.8904129640746,4119.160786891054,19190.547464492927
207,207,1.43e+51,217000.0,0.047,39.947,10.816,29.131,False,0.944,-0.237,2012-05-03 05:02:24.575,O5,"['K1', 'L1', 'V1']",22.27301690426489,0.6515063594331164,2.0910994930612525,7.784666585794748,20.36503157090453,54.26350066138167,133.0868274855773,1093.4869639608382,4160.073393475504,20611.3028353327
208,208,1.23e+49,1200000.0,0.233,9.705,12.583,-2.878,True,1.834,1.009,2011-12-17 11:10:43.490,O5,"['H1', 'K1', 'L1']",8.343746396522485,179.6445193927394,639.3369041700217,2481.9016100137533,156.50003582262173,415.052715785556,992.7709526380376,19677351.989234023,76716785.7012314,371491580.7743671
209,209,2.63e+52,458000.0,0.096,31.307,36.734,-5.427000000000003,True,1.214,0.891,2012-08-29 14:53:46.945,O5,"['H1', 'K1', 'L1', 'V1']",15.89497532170234,2.9962670255795767,11.565406008676888,83.03759642505129,51.17262671305389,136.30571306110238,333.5006158211896,34190.947074536525,161884.45478858153,1334029.0649720333
210,210,1.23e+48,1480000.0,0.28,8.835,10.279,-1.443999999999999,True,4.683,0.73,2011-10-21 20:05:36.488,O5,"['H1', 'K1', 'L1', 'V1']",8.257659805861984,82.5945070644108,457.6008760308637,1935.114658399184,163.48890123716137,435.11088749619626,1058.811525971294,15533524.466764502,95389582.71525556,523860194.4136126
211,211,1.05e+50,344000.0,0.074,37.334,11.035,26.299000000000003,False,3.098,-0.372,2012-08-06 06:23:02.303,O5,"['H1', 'K1', 'L1']",17.5810730339343,3.9741197368905823,12.94412609536445,49.56197258452282,74.56160460923098,201.2261860375928,inf,4852.070830567534,40991.48629395304,inf
212,212,6.66e+48,289000.0,0.062,33.455,17.648,15.807,False,2.915,0.071,2012-06-20 05:25:31.753,O5,"['H1', 'K1', 'L1', 'V1']",16.87531403706753,0.9927472059189102,3.15571132648479,11.271642591454734,25.13761110391812,67.04913069220649,165.56150621099948,2521.9305830878934,9522.302374708805,45808.721344438825
213,213,1.55e+49,13100000.0,1.705,52.637,15.392,37.245000000000005,False,2.403,0.962,2012-05-14 05:03:07.680,O5,"['H1', 'K1', 'L1', 'V1']",8.1765700916179,1605.399559698472,8292.163337969594,29240.04359635185,266.42060236558336,712.7371482258504,1789.5291096510146,1316257963.8152466,6936316211.676764,26969012123.808453
214,214,1.94e+50,639000.0,0.132,56.961,9.066,47.895,False,5.83,-0.55,2011-09-20 15:37:44.111,O5,"['H1', 'L1', 'V1']",9.341762835967357,73.15998759064234,289.31212217696464,1283.9564967580654,130.43602767633195,347.19851080829574,845.4897029828987,5889763.312603584,26980893.094929453,163219908.19332924
215,215,1.06e+48,919000.0,0.183,37.553,7.691,29.862,False,2.431,-0.07,2012-02-02 09:57:12.302,O5,"['H1', 'K1', 'L1', 'V1']",8.324694862770068,81.68674862998694,275.63513628153663,4239.054866650468,172.99387713869714,458.8818337985432,1096.9639092626237,10130343.050293388,44451843.67716324,1125142568.6599112
216,216,3.08e+50,1630000.0,0.304,18.011,13.739,4.271999999999999,False,2.127,-1.371,2012-08-26 05:14:38.164,O5,"['H1', 'K1', 'L1', 'V1']",9.186981333054716,135.5794922858378,480.2253795689699,2036.655377923749,163.00698187320154,433.57297566565705,1051.3845529066962,21403338.251270168,88626510.1816255,521685780.80942464
217,217,1.67e+50,628000.0,0.129,27.703,9.953,17.75,False,1.406,0.388,2011-11-12 18:06:03.715,O5,"['H1', 'K1', 'V1']",8.054167664163224,291.70843069594974,2608.4363249978232,15806.081997081616,212.87914257377489,558.9008690589623,1270.0360409086222,18890665.87596194,406611375.8168389,3882919647.3475766
218,218,3.87e+50,703000.0,0.144,49.599,17.29,32.309,False,2.716,0.609,2012-02-14 01:22:13.005,O5,"['H1', 'K1', 'L1', 'V1']",8.009407972703508,163.4026917397052,2382.182676056706,24191.37783967406,163.81049520265037,435.9626983262508,1059.195021898964,30368522.949756417,517593766.5171805,5820250310.849951
219,219,1.55e+49,618000.0,0.128,43.39,25.21,18.18,False,0.126,1.118,2012-05-24 05:20:02.426,O5,"['H1', 'K1', 'L1', 'V1']",8.02661664929502,606.2422661113166,2614.6587076687515,20176.48269104056,163.08928483480827,433.116996892752,1040.849258041761,80555775.30847077,452959858.828378,4450020544.30372
220,220,5.6699999999999995e+51,559000.0,0.116,39.28,15.437,23.843000000000004,False,1.455,0.243,2012-04-10 00:50:33.365,O5,"['H1', 'K1', 'L1']",10.46968720328079,59.46443986769135,183.99334813817111,1006.7605631832248,104.45347205939106,277.8618424794149,672.5126439769992,2945648.9331809403,11056591.260601915,71363470.34826696
221,221,3.88e+49,849000.0,0.171,34.411,6.536,27.875,False,3.73,0.324,2012-04-02 00:32:16.400,O5,"['H1', 'L1', 'V1']",8.060997078090102,10.920736162124005,40.65269341235915,1464.9904099198563,149.7482868689475,400.59870574372655,999.759820303221,909988.097285803,4379203.920640485,306252744.1802951
222,222,1.54e+51,438000.0,0.093,25.052,9.998,15.054,False,4.414,0.959,2012-02-10 01:38:51.328,O5,"['K1', 'L1', 'V1']",9.334945755740234,6.26152940893687,55.89558500349165,1398.7837472997696,88.39544869489589,239.1108954833784,652.0867637338463,115459.54559528528,1532350.4956003777,82212976.77915025
223,223,1.55e+49,593000.0,0.123,60.775,10.604,50.171,False,1.21,-1.279,2011-11-07 02:00:08.535,O5,"['H1', 'K1', 'L1', 'V1']",8.275919202972485,1392.7707803470942,7436.97219193182,30022.68581285336,146.22391666037333,389.7904218906172,955.7402982203222,256321895.09826872,1565393850.2759564,6777185199.1036825
224,224,4.86e+51,548000.0,0.114,59.556,10.798,48.758,False,4.031,0.344,2011-09-27 19:29:23.201,O5,"['H1', 'K1', 'L1']",9.039793239366295,118.35083299551866,563.3261518216306,2828.607837734278,140.15659836437783,372.8993258682491,904.841039760968,10174885.82593416,55476101.4695403,354460162.03190506
225,225,1.95e+48,674000.0,0.138,49.246,14.387,34.859,False,3.537,0.79,2012-01-31 07:12:03.096,O5,"['L1', 'V1']",8.230113724241974,90.7590803162501,350.2336056736634,1614.0754996743551,121.2697554550441,322.8623091653561,789.7936012407099,4582459.5193604985,20355107.52714889,114488769.18854104
226,226,1.8e+51,525000.0,0.11,63.645,6.51,57.135000000000005,False,3.151,0.735,2012-05-22 05:22:09.098,O5,"['H1', 'K1', 'L1', 'V1']",9.998295822569,4.147286328159702,20.34857251196245,424.21047479315166,117.48444297859498,313.44847404965503,774.3132214042259,295177.1921851188,1976231.191128177,53237259.95474934
227,227,1.9399999999999998e+51,543000.0,0.113,34.916,20.34,14.575999999999995,False,5.595,1.332,2011-10-27 06:39:08.100,O5,"['H1', 'K1', 'L1', 'V1']",12.83850832125137,2.586078188996769,10.031167711771106,90.8819963055288,68.02471203056427,181.13622142787403,442.0413101390846,50370.492955942456,239498.8331143278,2854872.5523500573
228,228,6.63e+50,484000.0,0.102,85.351,16.789,68.562,False,4.984,-0.94,2012-03-26 03:28:41.147,O5,"['H1', 'K1', 'L1', 'V1']",9.356384121539625,35.64754393367722,130.4662865472532,516.7991386468076,125.71485598221044,334.71485055868584,816.9824256841978,2835028.828042216,11362666.25981062,66374149.24379276
229,229,4.520000000000001e+50,845000.0,0.17,39.476,10.96,28.516,False,5.715,-0.044,2012-05-03 01:37:10.365,O5,"['H1', 'K1', 'V1']",8.851880899215026,488.902302811688,2074.052497775042,8805.440204788127,155.3433910330491,413.4310731820033,1007.709840911959,48423696.88203903,240487405.7667872,1414399779.8673186
230,230,2.2599999999999998e+51,401000.0,0.085,53.721,14.69,39.031,False,1.258,0.198,2012-05-16 06:50:03.502,O5,"['H1', 'K1', 'L1']",10.14697322918792,20.600052120566627,76.06324312919327,514.6019957298993,72.85731334092247,194.4184613367028,481.1572502605169,423487.7755045716,1932128.938677177,16986950.353559516
231,231,3.59e+50,477000.0,0.1,29.511,16.307,13.204,False,2.903,0.332,2012-08-14 09:37:40.147,O5,"['H1', 'L1']",8.380231288653647,179.8882821341791,776.5721364221513,3433.110691395897,141.49375454058577,375.5376292197839,898.6432419173173,14808102.12803367,69714807.65892752,345874729.5781942
232,232,4.18e+50,455000.0,0.096,38.902,15.149,23.753,False,5.608,-0.14,2012-08-12 19:44:18.419,O5,"['H1', 'K1', 'V1']",9.265716006295674,25.50355530791324,96.58687716159224,634.0086925891039,94.55741398498036,252.12279145993028,622.0708390041091,762333.6254502977,3537135.6149942605,37126537.02699424
233,233,5.680000000000001e+50,287000.0,0.062,30.483,12.219,18.264000000000003,False,4.311,-0.628,2012-07-24 16:23:59.614,O5,"['H1', 'K1', 'V1']",17.61928775531707,1.819803364260088,5.980299976678251,23.91255238251712,33.92122336495123,90.40722781944794,222.2002772070369,7737.958694271639,29690.722403364613,164680.72701787337
234,234,1.55e+49,385000.0,0.082,50.323,17.576,32.747,False,3.431,-0.513,2012-09-07 21:50:41.730,O5,"['K1', 'L1', 'V1']",10.11848492907508,32.09230187107684,120.74305215212662,517.0322926760108,68.89661576517295,183.68774015987253,452.4007877161832,572055.7958432375,2504240.301435372,14987318.390774865
235,235,2.2599999999999998e+51,497000.0,0.104,42.693,31.26,11.432999999999996,False,3.869,-0.847,2012-06-30 18:33:05.272,O5,"['H1', 'K1', 'V1']",12.08252440551893,2.062973188441284,7.481428994605902,59.99986023563016,61.41833567639896,163.49917143152254,398.2591187569162,29040.89133839915,131260.02152581775,1340298.327497977
236,236,7.150000000000001e+50,746000.0,0.152,40.132,16.363,23.769,False,1.311,-0.681,2012-06-28 01:45:45.340,O5,"['H1', 'K1', 'L1', 'V1']",9.468813401068308,8.03789177183156,46.21931938880235,711.9966727050189,127.79557369232909,340.8805218349404,840.573555470829,625211.9706304586,4804720.721536564,99050698.61387056
237,237,1.9399999999999998e+51,661000.0,0.136,1.625,19.624,-17.999,True,0.838,0.603,2012-09-09 06:20:35.310,O5,"['H1', 'K1', 'V1']",9.661519600066311,23.00208637085234,85.36511390685203,382.4131067094417,87.91722905767165,234.70112995450603,583.780728330848,755320.8896963627,3261895.7890574243,21047344.47454859
238,238,1.9399999999999998e+51,467000.0,0.098,42.383,12.674,29.709000000000003,False,1.149,0.648,2012-07-16 11:46:50.277,O5,"['H1', 'L1']",9.84578098992592,205.8128801550444,691.0099066960377,2227.185433909151,97.91381198023691,258.2748939340978,611.3508053186829,4755039.210909244,19414709.803576216,91782687.01146688
239,239,4.1900000000000004e+49,790000.0,0.16,32.384,7.804,24.58,False,0.331,0.028,2012-03-02 07:37:54.447,O5,"['H1', 'K1', 'L1', 'V1']",8.408787560261288,17.49069005142361,76.36085483221262,1062.3909252203337,143.44851787640405,381.9865746784296,932.2566982775272,1676082.7183907086,10017015.13715696,184976498.76412445
240,240,1.8e+51,1480000.0,0.28,30.415,34.843,-4.428000000000004,True,2.147,-0.963,2012-03-25 11:39:13.999,O5,"['H1', 'K1', 'L1', 'V1']",8.568443349011517,34.62708828533014,265.00102537068506,3282.447062100321,168.504810672473,448.6198925228503,1094.2306761226932,6778975.437533491,63049378.80101784,1012926934.371014
241,241,1.33e+48,492000.0,0.103,40.828,11.61,29.218000000000004,False,0.889,-0.796,2012-07-10 20:18:58.535,O5,"['H1', 'K1', 'V1']",9.68047408100233,2.748308435745133,11.96635947150835,150.7645476534961,89.49435965768873,238.8952052830688,593.1212224061118,90475.82757044528,497607.6442946002,9440858.292901156
242,242,4.520000000000001e+50,366000.0,0.078,32.392,17.909,14.483000000000004,False,3.104,0.51,2012-03-19 00:40:07.664,O5,"['H1', 'K1', 'L1']",11.87687435399965,13.849150775537458,96.69651470342174,746.5474144284269,58.82259343642557,160.61278033027696,422.40150434787336,109535.15340133548,1183059.550514852,15633378.228901634
243,243,1.43e+51,286000.0,0.062,56.576,13.553,43.023,False,4.847,-1.512,2012-04-01 18:28:25.496,O5,"['H1', 'V1']",12.96158417225317,26.48949797102957,87.99902210543347,308.51877811404614,53.84216170419813,141.88708809444068,330.7468074226356,151890.61821652786,620258.1898971468,2949625.5634360886
244,244,5.28e+49,465000.0,0.098,35.459,22.823,12.636000000000005,False,4.004,-0.349,2012-07-20 13:23:28.017,O5,"['H1', 'K1', 'L1', 'V1']",14.57274666644395,3.6599441655359,15.791391284319898,106.49793249576712,67.4262838303606,179.85369791144836,440.5075167533389,64977.91091241013,338689.6571934196,2490108.4784003124
245,245,5.25e+51,390000.0,0.083,75.103,18.605,56.49799999999999,False,5.454,0.097,2012-02-22 19:47:56.220,O5,"['H1', 'K1', 'L1']",8.96136519079839,89.88447944485894,493.0166523406567,2359.3198045380245,137.40235273507324,364.7753662402463,874.5412290706081,7370956.773741837,45227319.698737554,251919876.2327153
246,246,7.150000000000001e+50,447000.0,0.094,59.192,16.561,42.631,False,0.513,0.506,2011-10-14 09:23:42.692,O5,"['K1', 'L1', 'V1']",8.01476234826987,704.4631533972432,3422.2618895188443,12138.430561406738,167.9024960539948,446.0139221896168,1072.830986634895,77231303.58983707,461941766.8727067,2293625584.290457
247,247,3.58e+51,488000.0,0.102,30.664,5.596,25.068,False,5.352,-0.299,2012-01-29 01:22:28.002,O5,"['H1', 'L1', 'V1']",10.17660829482693,2.827766525807969,9.297147699900671,41.507584879759456,66.88646426003828,178.2336856813635,437.37827852275296,57292.86599130807,224742.8649747177,1399228.3141887488
248,248,6.63e+50,847000.0,0.17,14.668,46.6,-31.932,True,3.204,1.166,2011-09-25 19:26:16.755,O5,"['H1', 'L1', 'V1']",10.50027498164144,15.99424490784613,53.68270251180477,385.0540149102794,105.0479264246378,279.90364161877903,685.9140029048665,794917.4044171755,3209488.3007022967,35161742.50411813
249,249,5.7e+49,330000.0,0.071,55.136,10.093,45.043000000000006,False,5.66,0.479,2012-04-10 13:23:28.786,O5,"['H1', 'L1', 'V1']",16.84178501646284,2.244986134510448,7.506826291872787,39.7323498304711,58.01892219891346,154.72395871047405,363.6143486436282,21628.93924357172,83742.36256050873,469709.6203692097
250,250,1.66e+51,1240000.0,0.24,7.847,22.289,-14.442,True,0.639,-1.106,2012-06-22 01:05:18.279,O5,"['H1', 'K1', 'L1', 'V1']",8.709713905323072,34.35957404118295,241.7559369883284,2105.851738835592,158.51079213054118,421.95030883944014,1027.1452764014634,5168761.526863873,43777133.99422031,504039340.3182329
251,251,6.63e+50,809000.0,0.163,15.414,17.888,-2.474000000000002,True,0.84,-0.272,2012-09-11 00:12:13.263,O5,"['H1', 'K1', 'L1']",11.47594865747297,108.1151762059922,435.4694835251832,1535.8419254070834,95.9498621133198,255.3237574650736,618.960810454166,2115760.3362717885,12751481.000635516,64855925.41389396
252,252,2.45e+50,757000.0,0.154,46.995,15.683,31.312,False,5.484,1.015,2012-03-05 15:06:30.841,O5,"['H1', 'L1', 'V1']",9.61191524772714,8.211335881339576,38.70019587116414,653.8277700358823,135.88870542082122,362.5742201010482,895.0593415318658,748126.137850749,4127428.664178501,99914150.49206488
253,253,4.1699999999999995e+51,180000.0,0.039,13.042,25.744,-12.702,True,5.666,-0.738,2012-01-09 19:24:02.069,O5,"['H1', 'K1', 'L1', 'V1']",29.31423605789014,0.1052948877446373,0.3320826641753435,1.1486474626199006,11.977578150879223,31.929356221341976,78.54194853433661,46.7175422477611,173.34509390852975,797.590025156894
254,254,1.2300000000000002e+50,182000.0,0.04,47.945,14.587,33.358000000000004,False,4.727,-0.166,2012-08-21 18:26:23.481,O5,"['H1', 'L1', 'V1']",23.6926514559087,2.0713985528180943,6.428399602407156,21.120970975744623,18.062568521482973,48.183239365001015,119.17255734752862,2754.6253012277407,10092.21246500986,44880.78617149443
255,255,1.8e+51,1270000.0,0.245,2.789,20.662,-17.872999999999998,True,4.288,0.43,2012-02-02 13:49:31.993,O5,"['H1', 'K1', 'L1', 'V1']",8.907185490666162,31.092054004456298,196.76240738963503,1120.9737818320364,157.59555695898803,419.5443289354823,1021.8570691668864,4720451.139402684,33051853.96647612,237172144.741842
256,256,1.2199999999999999e+51,732000.0,0.149,53.746,12.822,40.92400000000001,False,2.3,0.672,2012-02-10 15:44:32.258,O5,"['H1', 'K1', 'L1', 'V1']",8.375157458559269,195.040388958804,1303.048576999097,18764.64454794042,168.3942385554484,444.59324595504495,1042.757305838295,21467429.433325704,190294215.7207304,3681865176.8558736
257,257,1.9399999999999998e+51,323000.0,0.069,16.361,33.374,-17.013,True,4.761,0.065,2011-12-06 03:37:15.759,O5,"['H1', 'K1', 'L1', 'V1']",13.15265421225306,2.176962000496,6.929352108210671,24.221906420775408,29.80320313096888,79.4394408978072,195.23691038800345,6461.974754896432,24728.027731787435,122885.10414975512
258,258,3.59e+50,250000.0,0.054,68.644,10.662,57.982000000000006,False,5.75,-0.004,2011-10-11 10:22:44.618,O5,"['H1', 'K1', 'V1']",8.32492016572143,231.84088970281857,979.4714023192622,5603.869150486898,132.01972362523782,353.21318731936543,914.3816283335876,8475047.177869229,49285890.91799589,488948712.3411606
259,259,8.36e+49,507000.0,0.106,40.762,11.633,29.129,False,2.071,0.713,2012-06-01 19:20:28.292,O5,"['H1', 'L1', 'V1']",12.80507068801633,1.5968403574482426,5.429686570799134,19.77655675668741,60.70543470693292,161.9312464648853,400.0914000857605,30077.47404317194,120593.88214752953,565560.7443004044
260,260,7.19e+48,786000.0,0.159,38.754,8.618,30.136,False,4.622,1.041,2011-11-13 19:49:40.426,O5,"['H1', 'K1', 'L1', 'V1']",11.34739678013216,1.9644315715928848,7.195409357130826,64.75356161299206,99.93870211130968,266.6497663484439,660.1206368276312,106215.55594785088,479163.4441217157,5692162.335037622
261,261,1.0499999999999999e+51,801000.0,0.162,27.122,16.132,10.989999999999998,False,4.726,-0.164,2011-11-06 01:16:50.519,O5,"['H1', 'L1', 'V1']",9.215331692502176,18.70185453831365,63.6172542720793,233.47132518030827,96.3667983452716,256.85676261747005,630.9763570848088,731883.5302847604,3086115.33283546,16845430.639482968
262,262,2.63e+51,294000.0,0.063,72.745,9.198,63.547,False,0.764,0.18,2012-06-25 06:09:22.530,O5,"['H1', 'K1', 'L1', 'V1']",10.18660245217403,29.074440504360823,85.18395073960934,279.7957074365904,86.5031011582563,230.476598251754,565.3786019258503,858205.2375543577,3052428.105016196,14938920.240423571
263,263,1.54e+50,791000.0,0.16,8.239,31.28,-23.041,True,5.692,0.015,2012-01-17 18:49:56.909,O5,"['H1', 'L1', 'V1']",8.663870340743086,56.44953430014877,258.51099184621165,1132.735620731436,119.22128021760705,317.5959926700201,777.5929965333034,3700426.0645152647,18090057.481178857,106269578.96508037
264,264,2.09e+51,1090000.0,0.214,51.745,13.363,38.382,False,3.497,0.149,2011-11-23 14:16:36.932,O5,"['H1', 'K1', 'L1', 'V1']",8.537798030513304,83.61573773763006,293.42841473531456,1403.9024715045643,167.99221744628494,446.7872991447225,1082.119881407686,12839952.17605479,53082729.017083086,392404043.5915752
265,265,5.7e+49,1340000.0,0.257,16.779,24.06,-7.280999999999999,True,5.62,-0.118,2011-12-04 12:53:27.731,O5,"['H1', 'K1', 'L1', 'V1']",8.666644117374206,65.09014586857042,322.6021221668431,1684.3628606389163,148.48874120351286,394.9682146029143,957.69307510164,8439741.987427099,50669991.233967565,334706202.4408454
266,266,1.43e+51,774000.0,0.157,44.595,17.392,27.203,False,4.241,-0.393,2012-06-21 10:55:56.753,O5,"['H1', 'K1', 'L1', 'V1']",8.00423191976043,177.34064811197732,2247.8339756761,24775.549265757323,176.69995925521266,471.4024367135487,1149.2677893681544,27809219.670856003,499407801.41758,5979837836.757403
267,267,9.749999999999987e+49,1130000.0,0.221,5.394,12.443,-7.049,True,3.242,0.697,2011-11-21 11:30:56.407,O5,"['H1', 'K1', 'L1', 'V1']",8.55687063545022,4.863569463530787,20.36214348754504,964.0902190793972,153.87409673256252,410.4844535693017,1012.8838420337536,575192.5466440773,3126913.8959958977,212039838.19366783
268,268,9.03e+49,439000.0,0.093,57.255,12.702,44.553,False,5.772,-0.387,2011-11-08 10:54:25.853,O5,"['H1', 'L1', 'V1']",11.49868535941525,8.092092011096113,27.254881424856336,97.34721471179088,79.2792270344022,211.3186886415984,518.36745515782,232269.8435571952,893690.7873715411,4639668.994878498
269,269,1.8e+51,267000.0,0.058,87.845,25.667,62.178,False,1.815,-0.505,2011-10-11 19:52:43.333,O5,"['H1', 'K1', 'L1', 'V1']",10.84992499402185,8.362750421903932,32.61713508207446,243.4518018863161,83.87555057111854,223.77449105853373,553.0314708050687,234089.3476235982,1157781.311252643,12235619.164978322
270,270,2.09e+51,424000.0,0.09,9.416,9.855,-0.439,True,2.96,0.928,2011-12-13 12:29:41.849,O5,"['H1', 'K1', 'L1']",19.71983060004581,18.881365616088424,82.99184872937634,340.7147359533433,39.75835535371067,105.92141870027416,259.039084502601,120945.29627747631,534209.8788030023,2630700.779395054
271,271,1.66e+51,920000.0,0.184,21.712,13.8,7.911999999999999,False,5.844,-0.113,2012-08-17 00:19:31.999,O5,"['H1', 'K1', 'L1', 'V1']",8.214475538257712,1851.6728195796688,9288.639714043802,31363.209859771523,143.05439232411504,381.44553733673706,937.9843580338862,404206608.1782632,2106884851.070251,7681932446.50379
272,272,4.86e+51,741000.0,0.151,44.055,9.218,34.837,False,3.552,-0.513,2012-02-21 21:42:01.053,O5,"['H1', 'K1', 'L1', 'V1']",9.846460141804542,74.64919468597924,340.11422237458095,1428.5584091534356,128.50398558280187,342.1468873102792,833.5213549309332,5681956.173345078,30830032.085080475,172534312.46333644
273,273,5.26e+50,708000.0,0.145,26.855,6.305,20.55,False,5.245,0.094,2012-08-31 16:41:49.546,O5,"['H1', 'K1', 'L1', 'V1']",10.15380689305501,14.399455379284852,42.84433733414222,135.0054764269581,88.40663266094225,236.065767126281,585.2927919202618,445629.4048785477,1593767.8426319186,7353900.178793254
274,274,9.749999999999987e+49,384000.0,0.082,16.282,8.887,7.395,False,3.785,-0.771,2012-04-14 10:39:42.935,O5,"['H1', 'K1', 'V1']",14.2831715862309,16.505058473902608,91.11234160186451,613.572552363458,31.25196044575219,97.5141445545836,279.0449082725128,19268.56179413532,197838.5487941064,2751312.5285090394
275,275,5.3e+47,1100000.0,0.215,27.187,18.874,8.313000000000002,False,2.644,0.683,2011-10-30 17:12:29.471,O5,"['H1', 'K1', 'L1']",9.368848495770488,31.93672418967552,123.06396650582802,1417.9672487556695,135.95621494917327,360.81340359751937,866.048945099667,2680694.9221890047,12583155.78822129,152904170.81241313
276,276,6.63e+50,361000.0,0.077,38.74,11.567,27.173,False,3.274,-0.501,2012-01-09 16:38:27.032,O5,"['H1', 'K1', 'L1', 'V1']",14.14633282995822,2.5009270248403057,7.811128371285454,26.91832046920541,42.280868352570565,112.64177523708906,275.8266414606167,20694.58051391607,76224.97856571416,354680.2519432532
277,277,1.3199999999999999e+51,329000.0,0.071,51.706,19.246,32.46000000000001,False,4.79,0.096,2012-02-08 09:48:36.459,O5,"['K1', 'L1', 'V1']",11.18793200553161,6.117149297033184,21.27181620158644,109.87379063685027,55.40777126229023,147.71267406169756,363.24467802455786,69695.16993518997,286913.93935541593,2144253.030067772
278,278,1.67e+50,6290000.0,0.94,49.523,5.989,43.534000000000006,False,0.338,0.295,2012-02-11 19:47:26.859,O5,"['H1', 'K1', 'L1', 'V1']",8.116647654230063,1497.8760723946298,9213.659016321924,30408.16013031447,197.24920667914603,527.7362383935049,1328.7568812836082,648913432.1807808,4029450794.7322736,14982862414.959322
279,279,3.1e+47,273000.0,0.059,78.756,16.219,62.537,False,2.269,1.113,2012-06-17 12:46:16.269,O5,"['H1', 'K1', 'L1', 'V1']",9.146300544599246,7.615761868120552,33.60274966337456,190.07205382507243,101.16327279993016,270.5158945115288,680.793726345899,215459.7054663602,1167095.158412679,11881887.767733635
280,280,9.77e+48,599000.0,0.124,47.016,19.228,27.788,False,5.875,0.607,2011-10-14 22:22:18.729,O5,"['H1', 'K1', 'L1']",8.747131844635575,98.24540082029448,395.0667275819965,2034.8910649212405,130.19072941677166,346.1091964083082,837.2540232185229,7064075.586888788,33046859.5530758,219164017.4390649
281,281,2.45e+49,131000.0,0.029,20.486,7.749,12.737000000000002,False,6.097,-0.697,2012-06-04 18:28:29.471,O5,"['H1', 'L1']",29.96907792681958,13.160946328136305,42.59628794405394,143.29686996024208,14.022959457930824,37.57661540856438,95.58682668569344,3667.0975465570896,13867.297143003874,70477.89987335194
282,282,1.3199999999999999e+51,768000.0,0.156,26.245,9.412,16.833,False,2.269,0.757,2012-08-23 06:46:45.865,O5,"['H1', 'K1', 'L1', 'V1']",8.135493334356447,203.3059687247849,1348.3960043415875,13720.599436362672,196.66571051074743,520.8826927496982,1237.550718183991,31116791.20688354,267100558.7775953,4110761626.752476
283,283,5.73e+47,428000.0,0.091,55.598,9.339,46.259,False,1.884,0.314,2012-06-19 18:42:16.285,O5,"['H1', 'L1', 'V1']",12.24971439257195,4.26786990528223,23.88150381079049,177.72810347859425,72.81970789080594,194.44193038843133,481.4262590324216,107994.48464926332,692022.7902342246,6215650.405118368
284,284,1.81e+48,465000.0,0.098,51.242,17.953,33.289,False,2.087,-1.055,2012-04-02 21:12:40.097,O5,"['H1', 'K1', 'L1', 'V1']",12.00596142542667,2.7027520098325657,10.405701812637735,41.60041268932525,68.93674724861341,183.4385637694081,445.7524753466726,53562.76256066331,243560.12638329828,1320038.023104469
285,285,3.08e+50,650000.0,0.134,60.305,12.7,47.605,False,3.996,0.076,2012-03-18 20:15:52.323,O5,"['H1', 'K1', 'L1', 'V1']",8.595718031917624,28.281096167361657,91.41306424463048,585.5540419474404,135.27959693101832,360.7332106898252,887.4062870194848,2168857.422262217,8928125.81703663,98566203.79178554
286,286,1.67e+50,535000.0,0.112,27.828,14.299,13.529,False,3.737,-1.033,2012-05-24 01:46:48.910,O5,"['H1', 'K1', 'L1']",9.722072090441548,10.719972387496751,36.240710945423785,183.15652069616573,80.45235360809511,214.4388316160241,527.8289546262461,231139.5155501049,952506.865564626,7812313.000326127
287,287,1.05e+50,686000.0,0.14,35.128,13.139,21.989,False,0.943,0.581,2011-12-09 06:43:31.245,O5,"['K1', 'L1']",8.318981250111035,1045.3844870697235,4623.616072045659,14683.681931620116,140.20261739499006,367.94754775490486,854.5888860909715,37402701.97025095,247443545.20389524,1086867204.5491626
288,288,4.89e+49,408000.0,0.087,53.778,8.644,45.134,False,4.214,1.474,2012-01-10 05:21:55.508,O5,"['H1', 'L1']",10.19661808015545,72.30447297220238,239.9616236824366,966.007810678169,109.6591254677288,291.855970435839,701.271073574799,2954663.353589692,10323157.113558669,46979358.6432104
289,289,5.7e+49,1800000.0,0.332,66.465,17.267,49.19800000000001,False,1.083,0.181,2011-11-04 06:40:15.259,O5,"['H1', 'K1', 'L1', 'V1']",8.76365265559925,549.140591039324,4260.771380935767,25509.17010640763,190.64405812303244,510.027223468491,1270.1077107786805,140056668.0242814,1371405093.396516,9078649166.54789
290,290,1.06e+48,461000.0,0.097,74.431,26.139,48.292,False,2.167,0.638,2012-07-13 23:40:10.415,O5,"['H1', 'K1', 'V1']",8.205686437443763,397.0791666048639,1941.0158554297848,10453.1809507026,162.3202306331848,431.6315184057489,1044.4642379346928,41036240.002771005,260197703.7435597,1942323021.919427
291,291,1.43e+50,295000.0,0.064,56.531,22.992,33.539,False,3.961,-0.394,2012-03-26 13:36:51.809,O5,"['H1', 'L1', 'V1']",13.26324595334587,2.560664649235888,8.043621505257164,27.876622504759727,44.92701380384739,119.61609676366248,291.8713478142127,22635.85101668068,84385.2939717595,398365.50217579794
292,292,1.0499999999999999e+51,1620000.0,0.303,37.397,30.468,6.928999999999999,False,4.444,0.802,2012-04-02 09:57:52.339,O5,"['H1', 'K1', 'L1', 'V1']",8.68151868621908,104.20199095631364,666.4506266965503,2954.4560632755,173.34020974170107,461.4060012715997,1124.101894182253,23239781.581872787,160134031.52956736,948463196.168351
293,293,2.09e+51,254000.0,0.055,41.025,14.401,26.624,False,2.957,0.613,2012-01-09 21:37:08.761,O5,"['H1', 'K1', 'L1', 'V1']",15.72970153283787,0.6670382623102544,2.044260275842837,6.766101010332285,30.60047285442204,81.4917577517709,199.02320477304448,2251.4707771940093,8158.176645025124,36784.05233015083
294,294,5.7e+49,372000.0,0.079,13.22,11.628,1.5920000000000003,False,1.804,0.378,2012-01-05 07:14:54.929,O5,"['H1', 'K1', 'L1']",22.47260963491834,8.211847679707565,24.96911715805956,73.53277202457109,34.52696081051516,91.9408259172547,224.5785692443962,37260.08734607935,126645.12538483142,522098.5048277314
295,295,1.66e+51,1230000.0,0.238,15.312,12.123,3.189,False,2.868,0.66,2012-06-11 23:05:30.493,O5,"['H1', 'K1', 'L1', 'V1']",8.992148891912091,12.822528884137109,68.47424457403524,621.2744000810821,153.8208347938114,409.55700980421886,999.2528381537228,1986062.640020448,12057420.025757248,144775826.78258234
296,296,1.23e+49,495000.0,0.104,39.39,12.154,27.236,False,1.047,0.227,2012-07-02 18:55:17.583,O5,"['H1', 'L1', 'V1']",11.25129631624449,12.4303583938461,47.04661319181663,180.3885340695174,65.96263761024471,175.74598528197936,431.3027978779276,275301.34144822246,1205678.4337154557,5662643.205069391
297,297,1.3200000000000001e+50,1250000.0,0.241,38.305,15.625,22.68,False,4.494,-0.977,2012-01-23 00:12:04.890,O5,"['K1', 'L1', 'V1']",8.251392984271511,181.658147902991,1136.3861576811698,8914.723996346549,171.44380830012017,456.7389302192954,1118.3489003696186,20688673.42560151,160863764.83890852,1759239844.6544244
298,298,2.6400000000000003e+50,627000.0,0.129,39.163,15.485,23.678,False,5.879,-0.011,2011-10-13 13:27:05.766,O5,"['H1', 'K1', 'L1', 'V1']",8.212402693200007,31.65302731148855,128.74015346574217,1249.0914765038322,149.5440818786966,398.1559139893611,967.4262841496776,2834648.425151039,14974462.130205298,241039234.1658252
299,299,7.77999999999999e+47,643000.0,0.132,33.555,40.673,-7.118000000000002,True,0.47,0.473,2012-08-04 07:35:03.498,O5,"['H1', 'K1', 'L1']",10.25796771409449,31.385790931946207,139.096288077169,588.4188144033033,96.92285931587752,259.51122755630166,647.2673344878772,856899.3072973295,5352802.45921316,36640221.75183332
300,300,1.3199999999999999e+51,634000.0,0.131,16.144,10.564,5.579999999999998,False,0.199,-0.126,2011-12-11 23:06:54.221,O5,"['H1', 'L1', 'V1']",9.159876859395329,9.73895673844154,44.74965879084338,493.3486748510258,93.5978561551624,250.0875253482967,624.0559837493652,248326.484347472,1614870.992499043,25544839.459472384
301,301,5.29e+48,843000.0,0.17,9.075,23.097,-14.022000000000002,True,4.781,-0.015,2012-06-24 05:36:24.200,O5,"['H1', 'K1', 'L1']",8.756802996977779,46.42352161835325,144.49038260831907,999.1430138819028,127.22808131781176,338.60754665754666,824.2431074634276,3410131.6384707047,13325940.01064692,119727595.68401666
302,302,6.2e+46,338000.0,0.072,48.731,7.105,41.626000000000005,False,3.835,0.206,2012-07-08 13:50:30.662,O5,"['K1', 'L1', 'V1']",9.187772650179964,277.5954477336169,1490.1311025804946,8498.75596754975,127.00135841746884,337.44336439113886,817.1662831773111,13204768.389815295,89616905.65861385,694823046.9214413
303,303,9.03e+49,664000.0,0.136,15.127,24.961,-9.833999999999998,True,1.534,-0.393,2011-12-06 13:04:10.488,O5,"['H1', 'K1', 'L1', 'V1']",11.28288525178973,2.176640203334068,6.980333403412349,28.43113906813113,87.16050435844193,232.1254380866908,565.6401834149972,64523.07509098276,248417.1455891741,1402972.7196174853
304,304,4.5000000000000006e+51,645000.0,0.133,7.631,7.863,-0.2320000000000002,True,3.26,-0.229,2012-06-19 11:26:03.886,O5,"['H1', 'K1', 'L1', 'V1']",12.65314875593482,2.337893217098489,8.029099809662679,44.38407787913629,60.94024368904286,162.2804834161655,396.21477227871145,42518.22107527463,176853.63442927258,1368564.6738573208
305,305,6.14e+50,359000.0,0.077,64.123,13.673,50.45,False,0.929,0.457,2011-09-19 06:46:45.668,O5,"['K1', 'L1', 'V1']",8.241254999064534,60.80734179573707,1081.3367926617518,10229.617756865166,143.46239504033042,382.3468589992814,935.722929824647,4894043.097819468,105166716.11597106,1370833918.0420592
306,306,4.18e+50,476000.0,0.1,53.072,28.452,24.62,False,3.65,-0.706,2012-07-27 07:21:17.654,O5,"['H1', 'L1', 'V1']",9.415546009268354,3.457655330309188,16.64643050101754,335.0578389621049,108.35255293448164,290.6895483708668,745.8730392775756,175133.07602894853,1107060.408779047,36123321.816822745
307,307,1.54e+50,670000.0,0.137,40.133,22.833,17.300000000000004,False,1.133,-0.573,2012-06-24 07:40:20.148,O5,"['H1', 'V1']",9.228368514668926,341.9611698212475,1263.9990675060728,4965.2092479101775,94.83259789619116,252.9440832929673,618.9363707560166,11302427.170432476,48387627.4575726,251222447.14967707
308,308,9.03e+49,1030000.0,0.203,24.924,11.977,12.947,False,0.991,-1.201,2012-05-01 07:54:02.088,O5,"['H1', 'L1', 'V1']",10.20576283259892,6.947042557290798,38.9409287375535,475.8188208862525,119.17374440171602,318.0575627970481,787.0327236296416,531799.386356305,3690175.855058996,57493454.54297332
309,309,5.680000000000001e+50,13100000.0,1.705,22.19,17.273,4.917000000000002,False,5.081,1.299,2012-05-22 07:21:48.489,O5,"['H1', 'K1', 'L1', 'V1']",8.199654258607438,1194.4842960405915,5326.623836308364,28738.330870218702,261.4753220059042,696.3648095810227,1700.822054943191,911642369.4168508,5088854096.173974,27358429214.36685
310,310,1.55e+49,469000.0,0.099,38.729,15.673,23.056,False,2.432,1.028,2011-10-15 20:16:12.849,O5,"['H1', 'K1', 'V1']",11.49911502783282,1.5789346077400142,4.901745690545073,21.94206018737884,62.55050096804507,166.4203744953182,404.2676893897112,24153.966154000223,92195.37845636575,574726.4004627985
311,311,1.8e+51,1130000.0,0.221,9.919,8.647,1.2720000000000002,False,2.769,-0.731,2011-10-08 05:00:32.316,O5,"['H1', 'L1', 'V1']",8.999638649723588,53.15189162687654,203.2166134786429,929.5726626544648,157.38135118815035,418.7946580863788,1017.7642179173284,7507756.487698602,33853800.51369957,202958218.44983488
312,312,2.2600000000000003e+50,871000.0,0.175,27.382,6.776,20.606,False,4.787,0.387,2012-07-04 04:01:06.751,O5,"['H1', 'K1', 'L1', 'V1']",9.598785412247354,11.02727323760922,68.43853473501593,537.1204694237437,126.62716603786816,337.3407719745393,826.1260126698655,912685.4772207123,6814975.352469833,77855079.18561758
313,313,5.7e+49,624000.0,0.129,40.248,17.355,22.893,False,0.251,0.683,2012-06-05 14:30:56.860,O5,"['H1', 'K1', 'L1', 'V1']",11.22777817994658,8.68335713524056,28.646111078537025,143.05812289954096,95.35367476715646,254.02777285216013,621.6817372953785,398977.79777246737,1562916.4054168267,11053932.433038212
314,314,8.36e+49,845000.0,0.17,37.843,7.961,29.882000000000005,False,2.394,-1.431,2012-04-18 19:43:08.119,O5,"['H1', 'K1', 'V1']",10.64897070893922,2.148943312710359,8.97337532578156,42.0691812631341,80.51586301179793,214.3732271757576,522.9661966892061,62291.73122596659,294881.504389884,1919513.160605206
315,315,3.08e+50,733000.0,0.149,27.034,32.497,-5.463000000000001,True,5.975,0.387,2012-02-17 13:27:14.213,O5,"['H1', 'K1', 'L1', 'V1']",9.578875015768626,3.80040710471039,13.900160129916989,70.70199603872169,89.84193153105582,239.34298845981027,586.5693814603064,152366.4616460449,654595.5180030178,4802720.489763934
316,316,6.14e+50,434000.0,0.092,62.647,19.754,42.893,False,5.441,-0.934,2011-12-17 18:10:29.539,O5,"['H1', 'L1', 'V1']",9.876034755808368,5.599129401516456,20.479268932981263,81.79948736408319,79.70445920960708,212.211004384827,517.7719398210043,153914.5195752076,652336.818981527,3664091.306029964
317,317,3.58e+51,645000.0,0.133,32.777,22.338,10.439,False,1.634,-0.994,2011-09-28 07:17:04.546,O5,"['H1', 'K1', 'L1', 'V1']",8.658446211428648,4.952342796910603,18.970871881402644,291.61152686928324,134.85490105129202,360.0815091458478,891.9084405516485,318869.8873730078,1620815.5638078812,45856406.12676607
318,318,3.07e+51,459000.0,0.097,19.263,14.854,4.4090000000000025,False,2.958,-0.755,2012-01-05 14:37:09.832,O5,"['K1', 'L1', 'V1']",9.702544526531748,35.16359817413284,210.63952692127327,1519.8501193565432,87.65324790774145,233.6845146837937,575.439723510137,978660.1889825482,6341609.105983784,59491715.13818684
319,319,4.86e+51,1530000.0,0.288,24.225,16.712,7.513000000000002,False,1.605,-0.287,2011-10-07 21:23:38.455,O5,"['H1', 'K1', 'L1', 'V1']",8.257411627359287,220.00605295714763,1054.897603592407,5054.029343834651,178.72417005785587,475.07865241642014,1147.5342868075977,41505881.85324781,234746876.85820305,1550531492.1759973
320,320,7.7e+51,779000.0,0.158,64.284,24.103,40.181,False,3.008,1.284,2012-06-04 03:30:19.293,O5,"['H1', 'K1', 'L1', 'V1']",8.438172597161065,37.37244319358318,424.1590174640806,2915.7903759366595,164.57090152738556,437.7366451641632,1061.4149328448116,5426552.710268727,79270313.00785768,729309976.1645005
321,321,8.38e+48,318000.0,0.068,50.924,8.605,42.319,False,5.79,-0.873,2012-08-17 17:36:14.080,O5,"['H1', 'L1']",18.55057390822253,44.23735876506821,155.31123388425596,592.5514142379683,43.9166810322568,116.90930530141496,285.1821692798118,329935.8763004708,1274905.9163476482,5394328.739517986
322,322,1.8e+51,1390000.0,0.265,45.97,14.7,31.27,False,2.153,-0.074,2012-08-03 04:52:30.646,O5,"['H1', 'K1', 'L1', 'V1']",8.212066904859684,84.06899519946538,508.7592620000827,7682.056209761674,179.36113783938276,477.3807183665711,1161.459106503641,18799617.43969969,136388389.56100035,2582558826.402612
323,323,3.59e+50,2290000.0,0.408,39.966,12.388,27.578000000000003,False,1.532,-1.233,2011-10-08 21:56:13.145,O5,"['H1', 'K1', 'L1', 'V1']",8.483083085470383,975.5782532406924,5157.878589131977,26754.96490845601,190.63335036855483,508.97562616752816,1257.6064438023386,256690855.80844423,1551409904.6043456,9359818590.249308
324,324,1.96e+47,10600000.0,1.435,71.277,6.621,64.656,False,4.361,1.133,2011-12-19 21:40:14.414,O5,"['H1', 'K1', 'L1', 'V1']",8.153066413556294,919.975764419287,6174.50781576198,28975.35050586857,261.2536889027656,696.858908314118,1712.3556587087717,626057230.1370417,4676360424.696646,22728249207.961792
325,325,1.66e+51,243000.0,0.053,60.742,12.307,48.435,False,6.199,-0.594,2012-06-24 02:29:27.138,O5,"['K1', 'L1', 'V1']",11.8237371918325,53.9226794977168,370.1161699451621,3720.2018121899446,63.59302452182556,170.30626382376687,426.159989203176,591473.6306719014,5669209.776036917,66040882.49917893
326,326,2.4399999999999998e+51,718000.0,0.146,44.864,15.646,29.218,False,2.706,-1.058,2012-04-01 17:21:17.808,O5,"['H1', 'K1', 'L1']",8.687003053840831,126.4787834450928,484.9674146517367,2046.107853951993,149.4240182397648,396.9798753988002,955.7777745034224,13937908.06912131,58280226.618430585,292311537.8766841
327,327,7.74e+49,457000.0,0.096,58.182,10.613,47.569,False,0.478,0.163,2011-09-25 23:09:00.356,O5,"['H1', 'L1', 'V1']",9.129244769408572,29.67174749895525,119.5380370877955,650.1952961041408,106.107417112044,283.15320967843115,701.3199849025789,1119323.8812125872,5973969.903526095,46021449.603849895
328,328,7.77999999999999e+47,335000.0,0.072,61.239,21.184,40.05499999999999,False,0.952,-0.477,2012-03-10 01:17:22.590,O5,"['K1', 'L1', 'V1']",8.629827121551719,73.00008194518546,477.991777171514,4221.288400139804,117.49992558920349,315.61019700830093,822.197057253571,2545701.394828906,23050657.763440944,363625356.3654232
329,329,3.08e+50,893000.0,0.179,39.188,6.399,32.789,False,4.662,-0.012,2011-11-12 09:08:31.509,O5,"['H1', 'K1', 'L1', 'V1']",9.853318101449029,132.73746649310783,478.5003119603996,1596.496480862413,161.34221058932042,429.1837206205371,1040.3391123865904,17695872.140255243,72212321.14392984,332567651.8531031
330,330,1.54e+50,12900000.0,1.684,88.498,11.855,76.643,False,4.566,-0.366,2012-09-12 05:46:28.654,O5,"['H1', 'K1', 'L1', 'V1']",8.237525816896762,128.9565890112687,916.4828702761826,8021.699420950572,341.5621999872892,904.7259716495644,2145.8144416840864,68811366.11318961,577676303.7130839,8618216235.23427
331,331,9.749999999999987e+49,387000.0,0.082,23.639,14.063,9.576,False,5.481,-0.148,2012-01-19 23:16:20.256,O5,"['K1', 'L1']",9.221776507928308,415.5650661857749,2879.2044701349155,11714.086046507686,92.84975651284162,246.86361677029163,596.2157349880065,7582244.059185036,75971200.04088295,418514871.18343085
332,332,3.89e+48,245000.0,0.053,54.008,20.32,33.688,False,1.115,0.962,2011-11-04 15:51:49.299,O5,"['H1', 'L1']",10.99819567643719,45.85986977836624,144.97893627132336,520.7490548914395,51.04572246213718,135.99573285448923,332.8671403015452,433258.00569789857,1610054.9477328963,7591109.3541778205
333,333,1.0500000000000001e+52,8580000.0,1.209,75.497,19.453,56.044,False,0.907,0.089,2012-08-12 08:27:36.193,O5,"['H1', 'K1', 'L1', 'V1']",8.13127728449992,1691.5860418543568,8352.150650542448,29888.193642944243,231.77567472129653,617.9904456296338,1518.3951167006007,967355273.7375666,5134748565.290826,19954874439.85678
334,334,4.5300000000000003e+49,467000.0,0.098,33.994,16.394,17.6,False,2.744,-0.187,2012-08-08 05:21:15.119,O5,"['K1', 'L1', 'V1']",11.85862487269425,3.385687817144012,11.551307543203096,63.412800638054506,55.38550965897514,147.63331431079524,362.7309154156586,46461.53033206368,192837.2868209492,1416192.169378273
335,335,1.9399999999999998e+51,754000.0,0.153,22.753,18.124,4.629000000000001,False,1.059,-0.797,2012-01-26 06:27:25.447,O5,"['H1', 'K1', 'L1', 'V1']",8.686142063726134,171.41711150934472,913.2802314277536,5994.74134948118,174.1551304909558,463.25462332286463,1119.3592186594688,16439668.417660946,101369245.61079045,1234307257.2831595
336,336,2.09e+51,191000.0,0.042,29.19,7.972,21.218,False,3.283,-1.192,2011-11-05 17:55:13.533,O5,"['H1', 'L1', 'V1']",25.2204200051239,0.2912715000789498,0.9150961921916224,3.188736531430309,17.20411326149562,45.85645332664717,112.62989144233562,223.19894256698728,826.2116824634137,3821.548978378447
337,337,5.25e+51,4480000.0,0.712,54.682,17.107,37.575,False,4.509,0.371,2012-01-08 01:52:14.347,O5,"['H1', 'K1', 'L1', 'V1']",8.142912131808115,2902.387553401208,11089.952026347686,31133.366380920503,162.6807261332101,433.28793083957,1059.176080385229,899077131.846834,3592195362.427452,11628086154.874653
338,338,9.78999999999999e+47,827000.0,0.167,8.108,16.053,-7.945,True,5.511,0.28,2012-07-10 09:44:10.550,O5,"['H1', 'K1', 'L1']",9.398164336804673,168.87175713477893,580.2985517626961,3027.3534958904083,140.16364539274787,371.81283585455367,889.0727826047643,14899153.287918856,58978597.84035032,332219617.9310394
339,339,2.84e+51,774000.0,0.157,17.361,18.869,-1.5079999999999991,True,4.539,-1.239,2012-01-10 15:33:41.723,O5,"['H1', 'K1', 'L1', 'V1']",9.77571983656949,15.004532964735866,102.47202251870588,518.7022516479022,134.82115007324342,360.1011358115836,881.852345914272,818916.3998747165,8270023.39472199,64157543.81567763
340,340,2.09e+51,572000.0,0.119,14.461,15.522,-1.061,True,3.107,-0.607,2012-08-03 13:44:45.599,O5,"['H1', 'L1', 'V1']",10.87814948326962,15.058315340144524,49.13426320168139,304.63618988414703,81.01750537973226,215.6853189629938,525.7142954709823,406912.19314181,1694514.410503593,13611390.47147398
341,341,1.54e+50,867000.0,0.174,42.866,17.729,25.137,False,2.971,-0.047,2012-05-08 13:04:17.750,O5,"['H1', 'K1', 'L1', 'V1']",9.31132312030471,25.71785007800407,194.10171276185304,1353.5068998405434,136.35398893484546,363.97792579889153,897.18642405572,1845658.9657375207,18755883.9826271,202508921.42041767
342,342,1.3199999999999999e+51,1050000.0,0.207,44.057,12.007,32.050000000000004,False,4.152,0.901,2011-09-23 01:09:35.479,O5,"['H1', 'K1', 'L1', 'V1']",8.63515641862857,363.0277400785056,2613.470191055523,18589.28365375784,185.58315881522208,494.6047892466254,1207.2917240364154,69395900.12712772,616135622.3676214,5585564945.604857
343,343,2.2599999999999998e+51,582000.0,0.121,47.284,13.414,33.87,False,5.271,-1.044,2012-06-18 16:47:21.246,O5,"['H1', 'K1', 'L1', 'V1']",10.50984868284013,2.4193368252866416,9.729335974313305,54.962956070746365,84.20056193772939,224.5497864133309,553.7572066395284,92754.06198672892,459087.0515625108,3773266.239250488
344,344,4.1900000000000004e+49,199000.0,0.043,74.33,11.779,62.551,False,4.144,-0.335,2012-07-07 01:19:13.090,O5,"['H1', 'L1', 'V1']",12.92238406865996,19.950869211965824,103.29916239104747,376.1787196938477,40.86028703211525,108.9831757815098,267.8176657892983,117844.18642942113,552862.8855372044,2542834.3364590155
345,345,5.6699999999999995e+51,419000.0,0.089,84.194,9.438,74.756,False,2.977,0.783,2011-10-16 21:48:19.606,O5,"['H1', 'K1', 'L1', 'V1']",8.398170517728285,48.68234914182793,243.70442266647487,12699.975931062232,169.55416978395056,448.88528218264537,1063.3510630807311,4829842.94239483,32004930.19763011,2639764234.878655
346,346,4.1900000000000004e+49,1020000.0,0.201,28.613,8.699,19.914,False,2.388,-0.085,2011-10-16 15:26:09.483,O5,"['H1', 'K1', 'L1', 'V1']",8.654038998125165,22.994437130639387,84.30729715001539,1083.6250732905792,153.7899642429603,410.6839502676004,1015.3627483856268,2062712.0250931743,9747847.049288852,221499462.64387503
347,347,2.45e+50,756000.0,0.154,53.224,15.405,37.819,False,1.262,0.748,2012-05-03 20:54:40.496,O5,"['H1', 'K1', 'L1', 'V1']",8.881904351213153,67.31464370379729,309.38748607749574,1261.505791190432,139.60944591401233,371.6634349372273,905.9124673191408,8028270.576297256,40776616.50484645,222006891.02571955
348,348,1.0499999999999999e+51,535000.0,0.112,40.642,5.195,35.447,False,5.598,-1.48,2011-11-24 12:32:18.480,O5,"['H1', 'K1', 'V1']",9.87013463628834,26.837985391854293,92.02501443842124,389.7510059685738,89.46850539703462,238.63628665371343,589.204762093089,1015083.036520786,4095611.7681212393,23294101.40008956
349,349,1.2300000000000002e+50,770000.0,0.156,26.465,16.346,10.119,False,3.538,0.702,2012-03-24 00:28:12.860,O5,"['H1', 'K1', 'L1', 'V1']",9.318545769652296,8.459037442790105,32.84632524958765,463.20076891664456,134.06555247966708,358.6780853419989,902.6686902970392,580805.3276626243,2840844.1578734294,69719503.20359775
350,350,1.9399999999999998e+51,437000.0,0.092,44.888,12.267,32.620999999999995,False,1.045,1.109,2012-01-14 14:28:59.822,O5,"['H1', 'L1', 'V1']",9.193942914936216,3.01518797647142,11.349695993326808,223.97236023154755,98.13185262109232,267.0069937247154,732.4449575238716,69757.32985144938,346899.363651624,19522363.82556684
351,351,8.36e+49,427000.0,0.09,36.616,33.453,3.1629999999999967,False,4.586,-0.048,2011-12-21 06:16:39.217,O5,"['H1', 'K1', 'L1']",14.33142712331284,7.666504805031516,28.92479123044212,160.11966596995978,57.43713528528178,152.9193579701922,372.12453508337967,106960.30755843088,472587.16269216535,2970984.756111143
352,352,4.86e+51,489000.0,0.103,21.023,7.632,13.391,False,4.111,-0.808,2012-06-08 22:52:47.295,O5,"['H1', 'V1']",10.31433325224486,30.441657253685715,118.5247524231317,1698.206707751393,78.19599747184446,208.45545383587364,511.5121990716551,545827.3867000899,2886092.7411164604,63844914.25600885
353,353,1.43e+51,627000.0,0.129,40.766,20.849,19.917,False,0.347,0.143,2012-03-27 16:20:40.783,O5,"['H1', 'K1', 'L1', 'V1']",8.322943393573254,93.94987305599253,865.7050102142944,24221.37904096512,207.6129898452964,544.6674507688584,1241.3392237207051,9004899.534239722,179041906.86723033,5876731936.251772
354,354,1.3199999999999999e+51,698000.0,0.143,18.586,7.227,11.358999999999998,False,3.624,-0.92,2012-07-30 01:40:37.722,O5,"['K1', 'L1', 'V1']",9.947936508649002,14.337219347740032,161.17380448690872,2168.0470681235183,93.38451989471577,251.09857997207047,646.2203132019149,350709.6708227373,5850074.650155395,112487265.96693592
355,355,9.72e+50,278000.0,0.06,72.285,14.492,57.79299999999999,False,0.407,0.195,2011-10-31 15:16:59.697,O5,"['H1', 'K1', 'L1', 'V1']",11.39169939136058,13.57913044896748,41.88691068424912,140.70464279162198,60.27302977492877,161.0848416712206,401.60764515914514,157647.6487094928,569709.1970760864,2566631.775271533
356,356,7.719999999999991e+50,1070000.0,0.21,7.095,24.885,-17.790000000000003,True,2.586,1.238,2012-07-06 01:48:26.492,O5,"['H1', 'K1', 'L1']",8.936139845019959,1326.8422824297245,7042.045088625356,29089.33542057576,191.314726554898,509.8457830370269,1246.0952047912983,266447365.7824335,1720187889.2642848,8460690161.359246
357,357,1.93e+52,394000.0,0.084,67.01,19.649,47.361,False,1.868,-0.502,2012-06-10 09:16:43.179,O5,"['H1', 'L1', 'V1']",11.31262958594663,11.675272746972537,43.26109157976276,233.8629402847793,87.67051036755913,233.4154718212003,569.0884347017507,468453.5090819329,1947737.8170841888,14614579.760945484
358,358,5.680000000000001e+50,2050000.0,0.371,4.528,21.529,-17.001,True,3.606,-0.609,2012-04-04 16:19:09.434,O5,"['K1', 'L1', 'V1']",8.22793819459006,48.12398084439592,206.92497333070165,6344.519247071469,169.3890045293797,452.2750778546021,1122.9850027577102,6713019.729180332,34629706.39880384,1604264783.1926582
359,359,1.43e+51,1320000.0,0.253,40.107,8.52,31.587,False,3.562,-0.973,2012-05-01 15:34:17.938,O5,"['H1', 'K1', 'L1', 'V1']",8.14580359422467,98.04554083233674,462.8360818458575,2890.4871164080373,168.73829748807634,448.54273831012654,1083.7799066070238,16873377.1937799,94684119.05908205,801917359.5026588
360,360,1.44e+48,294000.0,0.063,55.734,11.326,44.408,False,0.179,0.562,2011-12-11 08:27:42.271,O5,"['H1', 'K1', 'L1', 'V1']",8.920146872983821,5.92864360489643,20.64068506222256,85.31676274349778,94.15228727171166,251.47274177172585,631.7606065826271,175670.62563207815,714781.4685043376,4777727.489733629
361,361,1.66e+51,984000.0,0.195,51.43,7.546,43.884,False,4.185,0.899,2012-04-17 13:39:24.728,O5,"['H1', 'L1', 'V1']",8.148168305917851,286.46965428244704,863.5579283216234,4896.779126015112,169.34860959928346,450.4797004816305,1092.935502989449,40772745.750046805,147845548.21788874,1206183085.1360605
362,362,2.28e+48,481000.0,0.101,69.731,24.571,45.16,False,5.185,1.283,2012-07-25 14:52:13.734,O5,"['H1', 'K1', 'L1', 'V1']",8.430413955441464,4.028663014853837,18.11141872716095,1185.433367147668,140.18866686753006,374.3920246626556,927.1372609399068,286965.9497495722,1760180.216289053,198197354.02510348
363,363,2.65e+49,853000.0,0.171,67.735,13.722,54.013,False,3.733,0.678,2011-09-30 20:03:01.503,O5,"['H1', 'K1', 'L1', 'V1']",8.166601274652248,35.91866383812333,402.7563453246031,12110.038574777194,154.8323593784594,411.94216575033215,1000.8432300058518,6618350.342463213,90453626.7552658,3126897743.843395
364,364,1.2300000000000002e+50,515000.0,0.108,15.34,11.373,3.967000000000001,False,1.235,-1.133,2012-07-08 11:01:42.245,O5,"['H1', 'K1', 'L1']",13.43168297823667,13.520354521284371,62.77498234249124,282.2812295331044,49.22182483783018,131.22667353013662,323.4939411783127,123974.99829657863,652920.9885242863,3594265.507994977
365,365,7.150000000000001e+50,1090000.0,0.214,24.848,10.222,14.626,False,1.341,0.723,2011-12-27 00:29:49.061,O5,"['H1', 'K1', 'L1', 'V1']",8.986573488658456,396.960579605895,1752.78128159749,11763.660323309798,216.5146283789179,578.7978145802206,1854.8789367880413,51836209.42168995,326774294.3827582,5574073900.027459
366,366,3.86e+51,692000.0,0.142,31.492,13.217,18.275,False,4.936,0.085,2012-07-05 19:03:16.162,O5,"['H1', 'K1', 'L1', 'V1']",10.10083965934452,26.36712633971023,93.61355512320382,536.9997421575949,106.1867637779959,283.8969270972318,710.7971798811448,1238690.5012866885,5337962.236218448,49835456.75887752
367,367,4.8800000000000005e+50,476000.0,0.1,73.259,9.296,63.963,False,0.699,0.559,2012-02-11 23:05:31.757,O5,"['H1', 'L1', 'V1']",9.423945833938555,36.03218731402512,169.96259576866558,793.0141114557787,123.04342557329312,327.54005795110766,797.7276162474697,2950764.604460752,14859046.299210755,91535968.18382645
368,368,2.85e+50,1240000.0,0.24,50.336,11.679,38.657,False,1.106,1.447,2012-08-11 10:37:43.252,O5,"['H1', 'K1', 'L1']",8.1028803163514,240.48487425423505,1058.5222240459382,4207.188410506753,181.17351812805964,480.9785085906627,1153.684252475521,34939194.37893138,171543838.06897673,890551440.9486207
369,369,1.8e+50,713000.0,0.146,13.863,8.956,4.907,False,4.478,0.374,2012-06-20 00:22:47.363,O5,"['L1', 'V1']",8.3222535680393,56.04161591557431,185.333129744906,1015.4575328310822,118.50576041023578,314.5731597758128,765.0269888519261,1729928.4904070888,8304306.775159963,80021909.17122997
370,370,3.08e+50,607000.0,0.125,51.574,16.271,35.303,False,6.102,-0.003,2012-05-24 13:51:00.843,O5,"['H1', 'L1', 'V1']",9.990890926950147,23.90228108685568,105.718885686268,608.1586095181777,113.40886260748027,302.9237265400151,748.4597335400891,925380.9360791798,5377404.5696737,49489646.5055516
371,371,2.46e+47,12900000.0,1.684,71.054,17.006,54.048,False,5.213,-0.592,2011-11-03 03:22:30.397,O5,"['H1', 'K1', 'L1', 'V1']",8.030832146733504,1780.2577832005666,8088.599037362139,30727.29530417567,294.06439333847857,784.6074884409827,1938.4171568531008,1591778298.156571,8120332511.874491,32873179586.597977
372,372,3.59e+50,650000.0,0.134,33.444,19.368,14.076000000000004,False,6.221,0.153,2011-11-13 05:47:54.938,O5,"['H1', 'K1', 'L1']",9.993216312390556,36.37335362444015,129.19315847773365,754.7554549739859,109.22003637634724,290.55418353349785,703.9895019768167,2040345.576110377,8256712.134614271,62125369.58303969
373,373,6.14e+50,288000.0,0.062,73.593,14.994,58.599,False,2.445,-0.733,2012-02-14 21:25:25.014,O5,"['H1', 'L1', 'V1']",9.049946621419878,37.25579455142087,172.17672524557975,795.9219298407077,122.64504451370624,326.62093882444606,797.4708597815795,2699506.400469541,14597198.027718434,95555117.98231097
374,374,1.1299999999999999e+51,1300000.0,0.25,25.698,7.677,18.021,False,3.615,0.202,2012-06-25 05:04:47.573,O5,"['H1', 'K1', 'L1', 'V1']",8.791387221254755,63.96893125409021,230.5281820953135,1520.5919811601816,161.322676305865,429.030134620637,1040.5571856922395,8595407.788048308,36789716.18209923,346694416.2569671
375,375,8.36e+49,852000.0,0.171,41.089,9.512,31.577,False,3.622,-0.705,2012-01-02 12:32:25.859,O5,"['H1', 'K1', 'L1', 'V1']",8.768692262226436,104.370688440623,476.8448878975936,4603.579405057609,167.8617340120013,446.0302984502911,1071.843529713689,9888235.362156324,67324696.72604705,1000480803.3852276
376,376,5.680000000000001e+50,432000.0,0.091,63.527,10.431,53.096,False,1.112,-0.452,2011-10-01 21:31:29.778,O5,"['K1', 'L1', 'V1']",9.04415287395744,100.32380485580036,718.3823785074096,5442.409401901551,112.82600458737876,300.5422310437523,736.0035434979638,5691600.998564508,42840154.96187454,376306173.7536978
377,377,1.3200000000000001e+50,471000.0,0.099,52.47,10.694,41.776,False,6.059,-1.428,2012-01-02 14:17:35.513,O5,"['H1', 'K1', 'L1']",9.966646207455833,88.66857237854259,294.5423770024191,1602.9793597066034,105.432934093786,280.3897831411683,680.1676439428221,3764823.8844040753,15827217.491610529,104641414.50344972
378,378,5.6699999999999995e+51,778000.0,0.158,12.042,11.519,0.5229999999999997,False,0.316,1.048,2012-03-28 18:43:58.501,O5,"['K1', 'L1', 'V1']",8.400547574820656,333.0676043226516,1702.8411607558007,7761.813946148195,141.6771176019398,377.4109086431292,924.0989516798512,24469282.19344916,154354771.21100977,1003100322.4189746
379,379,2.6400000000000003e+50,1750000.0,0.324,75.609,10.646,64.963,False,6.142,-0.446,2011-09-22 20:16:18.809,O5,"['H1', 'K1', 'L1', 'V1']",8.099642457688798,365.6249379239736,1189.053995361378,6162.383527677312,164.6154098103034,438.11192559091774,1066.108911873412,75514503.11535457,287968610.4270424,1994591677.355136
380,380,1.1299999999999999e+51,541000.0,0.113,51.841,13.135,38.706,False,1.464,1.439,2012-05-15 20:26:54.691,O5,"['H1', 'L1']",8.431945264613871,166.46544926850436,652.7939938299913,3325.394668592497,143.79308391981817,381.2000290667282,910.9429615700706,13772836.499533905,55218165.39078722,322292875.7778973
381,381,1.8099999999999998e+47,688000.0,0.141,60.049,6.853,53.196,False,4.671,0.91,2012-04-10 10:32:48.619,O5,"['H1', 'K1', 'L1', 'V1']",9.407591113466214,11.125494503185925,56.60855775381791,924.8651602401496,151.04671163255705,401.7618958983612,974.2122262965668,1332900.0065321417,8260992.131742038,176704634.22768697
382,382,1.2199999999999999e+51,186000.0,0.041,68.775,24.508,44.26700000000001,False,4.954,1.022,2012-03-11 07:17:16.667,O5,['H1'],8.685852587331926,2939.19194772191,8805.689472647811,25491.849147436773,102.01593042459685,269.0161380694362,630.8044305154859,96885441.92970727,261019461.72561628,680198705.5895804
383,383,9.7e+51,1330000.0,0.255,14.681,13.616,1.0649999999999995,False,2.049,-0.135,2012-01-12 00:20:32.516,O5,"['H1', 'K1', 'L1', 'V1']",8.999541239252668,481.9969887134809,2389.685780041895,19281.879845605847,189.844634621004,504.189559673978,1212.5203472365026,90884594.96929792,564561062.7942777,5971947353.920635
384,384,3.59e+50,1170000.0,0.228,26.643,8.902,17.741,False,1.507,0.099,2012-05-22 07:56:58.006,O5,"['H1', 'K1', 'L1', 'V1']",8.264005571793403,25.36067715335036,118.42171158931689,2679.5812177543235,160.2116929911391,425.7962551406731,1026.6662193942589,2964314.500895955,16794806.5318594,616683826.1475713
385,385,4.86e+51,284000.0,0.061,88.067,16.139,71.928,False,5.159,-0.685,2012-07-28 10:23:43.731,O5,"['H1', 'K1', 'V1']",9.062912164933683,94.87883219549742,543.5063792159812,3392.4730387205577,132.60946081126815,354.707645912014,921.942715288071,3940181.199251581,26781782.70212643,310150168.29282427
386,386,5.6699999999999995e+51,1010000.0,0.2,35.157,13.967,21.19,False,2.111,0.311,2012-04-03 04:23:50.283,O5,"['H1', 'K1', 'L1']",8.217590838640843,205.0285738687409,820.3609418010376,4614.547155908963,177.36537172527073,471.4393168097751,1137.0816190262815,35209080.9157938,154127264.0141723,1069649707.7255808
387,387,2.2599999999999998e+51,511000.0,0.107,30.58,14.55,16.029999999999998,False,3.489,0.081,2012-08-11 21:37:39.479,O5,"['K1', 'L1', 'V1']",10.57311641298439,63.29773639684688,300.568472797617,1424.4753398499038,86.65885798790327,230.71403823206748,563.2001327311913,1839944.9360633907,9732463.376273395,64070029.91114717
388,388,3.87e+50,878000.0,0.176,33.376,41.769,-8.393,True,0.471,0.394,2012-05-16 18:42:38.348,O5,"['H1', 'K1', 'L1', 'V1']",10.67242155849832,17.991711346267174,79.87614398404754,655.3482234227741,116.8237800560687,311.15744384198695,760.2985545270448,1115223.1527996208,6381737.230362671,72409313.96541838
389,389,2.63e+52,5990000.0,0.903,71.188,20.001,51.187,False,5.226,1.038,2012-04-10 11:30:16.704,O5,"['H1', 'K1', 'L1', 'V1']",8.129924627451269,400.90119422599474,3780.4300732695847,26404.299391987795,236.6788439256732,629.4347805322755,1523.4134236688035,156415921.53337568,1834129862.355723,13941552679.365875
390,390,1.05e+50,682000.0,0.14,35.522,18.072,17.45,False,2.943,-1.323,2012-06-11 18:39:05.099,O5,"['H1', 'L1', 'V1']",10.46080569178332,2.8598088422470265,9.235052239947564,41.22504068260283,85.68928101715358,228.1769579546543,557.5634081088282,91659.81097670032,357692.778801902,2521773.0813851105
391,391,4.8800000000000005e+50,1570000.0,0.295,17.803,13.249,4.554,False,5.334,-1.381,2011-11-13 14:03:30.437,O5,"['H1', 'K1', 'L1', 'V1']",8.765542861953135,63.58380337008493,248.8694409689768,1800.7329158581329,164.96909078899125,438.6914166469878,1062.6876204404275,10744175.78515452,50775637.45047766,489687927.6840167
392,392,1.43e+51,1010000.0,0.2,42.465,8.328,34.137,False,5.164,-1.418,2012-02-12 01:21:24.931,O5,"['H1', 'K1', 'L1', 'V1']",8.28978023395272,1394.5748450415597,6825.948219597255,27693.00002949051,149.49917799748778,399.6293329183391,996.2853263703028,252455347.26564705,1336303938.1703534,6382516357.678322
393,393,4.2000000000000003e+48,346000.0,0.074,69.682,14.443,55.239,False,1.37,0.131,2012-06-02 05:39:48.558,O5,"['H1', 'K1', 'L1', 'V1']",10.83358434740324,15.510279923213504,58.47057535439412,191.7970052038641,69.47770075443736,185.0890014472297,453.2779768980326,370026.6674135155,1523780.0170972596,6977018.083746483
394,394,4.5300000000000003e+49,247000.0,0.054,28.942,13.652,15.29,False,5.082,-0.59,2011-12-16 22:51:44.369,O5,"['H1', 'K1', 'V1']",16.28227977444647,2.35582139555602,7.95546406355926,50.58209982588299,24.494651325602035,65.29828166083459,160.48141052122412,4004.288510347986,16395.67234098098,138937.28965413012
395,395,1.8e+49,328000.0,0.07,53.92,17.075,36.845,False,5.376,0.235,2012-08-15 13:48:26.449,O5,"['H1', 'L1', 'V1']",8.74731090151938,38.23022155049115,150.0812747539468,1529.2176401856457,133.41741653664548,352.7744120509329,857.1610266763635,665282.211266848,4370428.164263431,117369352.81751367
396,396,5.680000000000001e+50,663000.0,0.136,14.607,9.926,4.680999999999999,False,0.711,0.066,2012-03-31 22:53:17.100,O5,"['H1', 'K1', 'L1']",11.21298929376601,73.02981845802319,251.21002382254565,1249.8430840122237,101.18013363878674,267.71641658845243,635.2436343271827,2163176.9921871326,9732433.07232599,57746483.33250066
397,397,7.19e+48,205000.0,0.045,84.724,13.595,71.129,False,2.41,0.647,2011-12-23 11:51:44.341,O5,"['H1', 'K1', 'L1', 'V1']",14.98428976391377,6.997420607918848,22.51311102179062,86.0462801132552,64.00338675259064,170.55637328992367,418.0764797034324,100177.52225046662,383529.4966953523,1993449.524539767
398,398,9.03e+49,601000.0,0.124,37.314,17.514,19.8,False,4.651,-0.666,2011-10-23 07:49:20.002,O5,"['H1', 'L1']",10.96473363163757,114.16236483393074,382.3453017700447,1572.9186566983626,91.83104261318556,243.8274431715634,585.8859426118983,4337784.990366289,15918795.730992304,69152498.29780905
399,399,6.66e+48,594000.0,0.123,42.94,18.246,24.694,False,5.259,1.045,2012-05-08 07:27:28.906,O5,"['H1', 'K1', 'V1']",9.069564290323344,10.22549610094018,62.34277042439766,742.4582930578287,104.5387179469609,279.20599377549627,694.3546089857135,379580.6998142778,3119227.118590941,56124813.05882318
400,400,2.84e+51,607000.0,0.125,34.4,9.792,24.608,False,2.058,0.503,2011-11-28 04:26:02.460,O5,"['H1', 'K1', 'L1', 'V1']",10.66972154521294,3.173813248397385,12.34303933341893,51.041367815827904,90.38499250659686,241.10808571533903,597.8547269445505,120755.76265646526,555667.5855493661,3329916.2811073745
401,401,6.67e+47,241000.0,0.052,71.271,5.75,65.521,False,4.128,-0.345,2011-12-06 23:30:08.056,O5,"['K1', 'V1']",9.423442563843912,103.93943953104385,352.99100492401203,5414.27164497132,60.07851008649095,160.44935528633516,399.4452541263824,997475.859106823,4106871.64008476,97124543.3323958
402,402,1.43e+50,631000.0,0.13,36.851,8.398,28.453,False,5.968,0.369,2012-02-09 11:28:57.804,O5,"['H1', 'K1', 'V1']",8.28533162071977,41.89676740693085,167.13025409525204,1198.3865864815114,121.62850157637342,325.32571382135507,819.7692772132322,2104432.755185982,10725460.00655917,135323852.8131004
403,403,9.72e+50,630000.0,0.13,6.899,10.109,-3.21,True,0.353,0.956,2012-01-30 03:23:18.421,O5,"['H1', 'K1', 'L1', 'V1']",13.06391559872267,3.119627711984104,10.100323915558118,42.07372066898718,66.71089386060976,177.48295404178953,430.9635260158514,61618.93680385411,248514.30562893645,1349220.3936998
404,404,5.7e+49,488000.0,0.102,58.11,20.304,37.806,False,5.119,-0.575,2012-05-17 18:45:19.092,O5,"['H1', 'L1', 'V1']",9.892789431598192,4.770222396507588,25.25624229587146,271.7366349866212,99.28541047191288,265.2761026948855,664.0350919690106,226790.65157184933,1498988.4339667135,20545297.081082214
405,405,2.09e+51,930000.0,0.185,54.055,23.076,30.979,False,4.899,-0.358,2012-06-12 18:30:21.170,O5,"['H1', 'K1', 'L1', 'V1']",8.250585552705939,440.6423601047552,2199.5317094891616,22914.379123674444,153.33850380036006,408.213747266384,994.715417852186,91209423.25451285,539984213.2355659,5998788861.866908
406,406,9.03e+49,451000.0,0.095,46.642,23.581,23.061000000000003,False,1.453,0.403,2012-03-31 16:49:49.296,O5,"['K1', 'V1']",8.592280689308362,1587.8679816426022,4773.526820507868,12371.670998255626,101.17420232579131,268.7847781496433,647.6523377016283,38979707.34601766,145594182.7223117,537155852.4335278
407,407,1.3200000000000001e+50,2870000.0,0.493,28.725,28.344,0.3810000000000002,False,3.147,-1.07,2011-09-21 06:43:44.658,O5,"['H1', 'K1', 'L1', 'V1']",8.408670285967206,90.35730543065353,372.5424435466544,2181.938594493344,186.4489021716784,495.94560652955056,1203.4840197138103,22420445.103792623,109369078.7490515,849339008.9496418
408,408,3.61e+48,1140000.0,0.222,35.969,17.816,18.153,False,4.928,0.064,2011-10-10 00:30:22.113,O5,"['H1', 'K1', 'L1', 'V1']",8.262004636291628,47.12541718645883,272.7445762258606,2359.550722011496,165.6306949553359,440.6634910636048,1069.5962607439556,7106873.305763495,53569966.88014356,587818466.9797738
409,409,1.95e+48,324000.0,0.07,24.806,12.158,12.648,False,3.257,-0.944,2012-08-14 07:30:37.939,O5,"['K1', 'L1', 'V1']",17.62861449605736,3.2531015080999035,11.80834591697586,41.355508975976505,29.00679095804992,77.34257296067545,190.5169197877171,12766.347392843354,53116.69162124358,240358.70629073755
410,410,3.07e+51,5880000.0,0.89,40.155,11.145,29.01,False,4.637,-1.259,2011-10-07 01:53:55.135,O5,"['H1', 'K1', 'L1', 'V1']",8.176947323714888,4469.362242322349,13934.324341111933,33023.560121209906,201.2848729740192,536.1341687400416,1310.5734390305136,1979609108.0732508,6605386266.264086,18621475025.81461
411,411,1.67e+48,224000.0,0.049,55.139,12.611,42.528000000000006,False,4.706,0.182,2011-11-18 04:09:42.191,O5,"['K1', 'L1', 'V1']",11.19075740931078,3.2246001000476303,10.04789170784448,37.30140188864043,35.25538528113577,94.0722239105994,233.19842739698043,12339.952342355313,46669.364354433084,262225.47984264186
412,412,3.89e+48,816000.0,0.165,36.892,13.299,23.593000000000004,False,5.725,0.068,2011-10-11 08:18:39.453,O5,"['H1', 'K1', 'L1', 'V1']",8.158633420681543,42.45552205114007,220.2799303035419,6909.224254221129,163.35821209020776,433.6191153276907,1038.6246924813124,4241522.578709115,32720919.69296955,1607631668.1635635
413,413,9.72e+50,602000.0,0.125,15.836,8.105,7.731,False,5.873,0.192,2011-11-27 22:14:32.506,O5,"['H1', 'K1', 'L1', 'V1']",12.59459867257607,3.903112566297207,13.080800545622871,52.59408506818632,62.49177621620646,166.50654328715206,407.8749684580412,70102.65923462166,278580.8220501535,1453154.0185388285
414,414,9e+50,411000.0,0.087,33.916,24.803,9.112999999999996,False,0.989,0.105,2011-11-06 16:34:08.738,O5,"['K1', 'L1']",10.34047085576866,346.2294371964234,1903.059433266177,10069.458310191285,68.45841696994404,182.2905331415904,444.109227408634,5757055.979305041,35759052.60568565,210894931.3008808
415,415,2.4399999999999998e+51,1250000.0,0.241,2.505,11.1,-8.594999999999999,True,5.659,1.287,2011-10-13 06:51:54.945,O5,"['H1', 'K1', 'L1', 'V1']",8.348827765590775,125.60804150604952,744.9011890323246,6212.736029182116,167.89486120029983,446.3787775059845,1079.673141860368,19909384.48629673,140881711.56631452,1558418344.5665977
416,416,5.26e+50,476000.0,0.1,37.105,16.8,20.305,False,0.619,1.064,2012-06-29 23:32:45.196,O5,"['H1', 'K1', 'L1', 'V1']",10.25156797161902,1.0307467299061304,3.727511247684759,22.684906515826725,76.43771968538692,203.73721971926352,501.38400843116807,23987.06201514288,108335.64135581732,960766.3364014892
417,417,1.0499999999999999e+51,463000.0,0.097,14.945,18.556,-3.6110000000000007,True,5.387,-0.232,2012-03-22 03:48:44.605,O5,['H1'],12.44857031105895,2852.6773029748524,8571.85593797237,25104.5254609951,59.42944974700458,156.3399867770813,363.1977458505331,25397823.886565547,68134121.17290504,173441240.36324972
418,418,3.6e+49,1350000.0,0.258,25.841,14.67,11.171,False,4.673,-0.61,2012-06-10 12:51:47.135,O5,"['H1', 'K1', 'L1', 'V1']",8.078504592170022,666.9941402200554,3054.5027407934954,21309.566608435685,173.70299443839485,462.035938820492,1119.634771926056,127251791.121437,706717172.6990561,6174118379.432236
419,419,1.54e+51,654000.0,0.134,85.069,4.736,80.333,False,2.17,0.992,2011-11-02 13:50:22.199,O5,"['H1', 'K1', 'L1', 'V1']",8.360059230447678,511.6583400110528,2558.705519795352,18933.654228358228,138.28230116005602,368.1627299353868,897.7273274574873,83373612.09081931,481006461.0036327,4075956954.930215
420,420,7.14e+51,11700000.0,1.555,72.828,17.689,55.139,False,1.173,-0.376,2012-01-27 12:03:56.684,O5,"['H1', 'K1', 'L1', 'V1']",8.012293460421786,31.51197650173928,262.1695421018664,14786.571789212789,286.95087108467965,761.6039711078754,1828.216052951277,15852393.757838905,186828443.6501933,12356844599.639378
421,421,4.8800000000000005e+50,794000.0,0.161,29.593,18.386,11.207,False,2.293,1.407,2012-07-31 23:00:34.610,O5,"['H1', 'K1', 'L1']",8.928101974272105,45.58812644312286,184.85647709366327,974.0907120500324,127.12817518851512,338.513816170975,825.1341771031963,2639517.18136964,13685099.901884507,101299725.03603336
422,422,2.2599999999999998e+51,113000.0,0.025,81.165,20.825,60.34,False,3.175,-0.577,2012-02-07 02:31:59.207,O5,"['H1', 'K1', 'L1', 'V1']",23.78024687494401,0.94184749406177,3.3326742081840384,16.2884779613351,4.184342094401529,11.271333137603634,30.14369382712343,83.43680418469555,356.7556645320452,2634.6438019625057
423,423,1.43e+51,1060000.0,0.208,14.798,41.785,-26.986999999999995,True,4.048,-0.873,2012-03-29 15:21:56.354,O5,"['H1', 'K1', 'V1']",8.432548951312185,33.573950347105466,171.54613017462503,4229.156393545101,166.49144467201836,445.8002323615992,1127.0010103474783,3393072.1894248063,24499936.42063788,1061119515.4339296
424,424,7.150000000000001e+50,449000.0,0.095,38.859,18.359,20.5,False,6.015,0.744,2011-12-21 08:08:27.310,O5,"['H1', 'K1', 'L1']",8.75866471264274,27.44915694249146,98.29159970496876,1194.1513152040166,121.17775539837908,323.1263967492773,848.8775660567235,514954.9204183751,2842845.5823315205,100802603.9250948
425,425,5.3e+47,495000.0,0.104,56.13,10.935,45.195,False,3.077,-0.693,2011-12-15 21:43:12.372,O5,"['K1', 'L1', 'V1']",8.056626714854405,27.148976424504703,138.93415700183394,3717.699774395655,135.88156600468608,362.69361508298414,898.4636868300684,2110227.656455014,13733219.873723837,584967985.3578258
426,426,2.28e+48,540000.0,0.113,21.879,4.932,16.947000000000003,False,1.833,-0.372,2012-01-11 17:36:40.944,O5,"['H1', 'K1', 'L1']",15.3654749749241,39.39953367477811,138.657526504778,573.7797796479991,56.89638230563008,151.65241108241628,371.90321568324015,505724.9657391549,2008765.0509277289,9886412.32314002
427,427,3.58e+51,4120000.0,0.665,31.584,13.25,18.334,False,2.54,-1.103,2012-09-07 06:29:03.348,O5,"['H1', 'K1', 'L1', 'V1']",8.020954479610474,236.62335333262843,3809.097634218938,23411.307789035232,248.55277745366857,664.965714552452,1603.5297630214318,65760219.15651267,1486084001.574889,11091814171.18243
428,428,2.27e+49,383000.0,0.081,52.475,9.797,42.678,False,4.987,0.374,2012-06-17 00:42:25.374,O5,"['H1', 'K1', 'L1', 'V1']",11.41660090742569,5.816852462628384,17.71478644784857,62.05698543043817,59.49368477510143,158.43633959065596,387.01858186569103,103282.9713792971,376990.1894693715,1816415.2246945293
429,429,9e+50,222000.0,0.048,47.317,5.013,42.304,False,3.452,-0.46,2011-10-12 18:46:44.336,O5,"['H1', 'K1', 'L1', 'V1']",17.51927387207857,0.5230962239281974,1.6637019589557691,5.989122948573325,23.98291522416747,63.87796766981805,156.236069348161,1351.8194064690808,5085.780036579055,24638.882317998465
430,430,2.2599999999999998e+51,937000.0,0.187,14.578,7.608,6.97,False,2.876,0.198,2012-01-21 06:18:51.148,O5,"['H1', 'K1', 'L1', 'V1']",9.326038303471648,6.996814605701791,23.05526541400277,87.15259884443566,105.99097621658188,282.5657883451322,695.8837900931348,367372.4675046156,1433070.2472006748,7876540.403124777
431,431,3.86e+51,796000.0,0.161,33.627,9.006,24.621,False,5.726,-0.176,2011-10-24 00:25:42.734,O5,"['H1', 'K1', 'L1', 'V1']",8.433715357273378,59.32240812874696,198.0012464111299,1518.778747057121,174.37351385517104,463.5629809810396,1115.1117950624644,4748948.690043931,22473264.67887055,334076158.5795107
432,432,2.63e+51,436000.0,0.092,23.704,12.281,11.423,False,4.348,0.984,2011-11-30 17:13:49.698,O5,"['H1', 'L1', 'V1']",18.24193169064509,0.8829218251007261,2.827231276160597,9.679333952197476,44.12192487166914,118.20424242287282,299.1723744968872,7480.959160763232,27340.26101758407,122068.60755573324
433,433,9e+50,1140000.0,0.222,40.599,11.398,29.201,False,5.095,0.733,2012-04-19 04:00:22.771,O5,"['H1', 'K1', 'L1', 'V1']",8.148363384776378,74.48380379373515,521.9592425796665,6954.33552097418,185.2898675383841,493.0015706958968,1189.7457465419716,7544211.296398835,75562997.68986885,1763291583.724777
434,434,6.14e+50,1510000.0,0.285,38.393,14.468,23.925,False,5.558,-0.922,2011-11-19 14:39:49.012,O5,"['H1', 'K1', 'L1', 'V1']",8.411560169130402,72.05131968632234,257.0288539492234,1539.9058650816462,172.95752022124157,460.1018968198736,1116.312625355074,11762949.844348287,49797687.26680122,417523181.89853376
435,435,3.07e+51,8640000.0,1.216,33.607,7.909,25.698,False,3.175,-0.097,2012-01-23 00:26:57.656,O5,"['H1', 'K1', 'L1', 'V1']",8.03686242312732,1217.2045936614034,6211.112391149146,27616.00518353005,248.9793226905781,663.7451583130066,1628.6148933255438,746250257.8152878,4306850709.183818,20524084552.32916
436,436,5.74e+46,808000.0,0.163,9.886,18.961,-9.075,True,0.277,-0.409,2012-02-16 20:58:36.743,O5,"['H1', 'K1', 'L1', 'V1']",9.528195140248258,53.8390928451738,212.10014034759945,1214.0497498002403,159.48195576374087,424.8231087807784,1036.9206996780615,5632817.942287262,29620756.86283535,261468920.2125354
437,437,1.67e+50,500000.0,0.105,38.246,23.277,14.969,False,5.047,-0.366,2012-01-24 19:07:25.552,O5,"['H1', 'K1', 'L1', 'V1']",8.57082596137655,27.38188804438466,91.610126196305,543.7016387386022,139.72658729115926,373.6938969373317,934.544965688332,1716899.1565863655,7517517.953079069,85094846.00482085
438,438,2.86e+49,443000.0,0.094,41.251,7.315,33.936,False,1.683,0.667,2011-10-12 03:27:11.360,O5,"['H1', 'K1', 'L1', 'V1']",9.753007029355302,7.34093107612931,34.23100583893204,373.5533349080593,95.25134973637375,254.9260172285261,643.6058482849583,222575.68519866004,1449773.3185755662,22724110.0343872
439,439,2.28e+47,893000.0,0.179,50.23,10.233,39.997,False,5.241,-1.449,2011-10-25 20:01:55.267,O5,"['H1', 'K1', 'L1', 'V1']",8.900325772633419,8.546457383296756,97.98117740177796,2372.230300562383,165.5736529271296,440.5531381591092,1068.8026321047057,999692.5404174096,17151814.99506523,556158767.8980039
440,440,8.36e+49,960000.0,0.191,33.019,12.216,20.803,False,2.147,-0.68,2012-06-13 06:23:33.220,O5,"['H1', 'K1', 'L1']",8.584000450224952,163.14730079705677,615.1091643580158,3167.996511304778,147.69100252057342,392.3700010309348,943.0892035288676,14629139.75886249,67649277.56861886,400886576.472461
441,441,2.2599999999999998e+51,455000.0,0.096,65.104,11.912,53.192,False,2.63,0.479,2012-02-28 10:09:48.648,O5,"['H1', 'K1', 'L1', 'V1']",8.716478115640097,66.87893851190464,301.0881459637528,4645.423328502487,160.668850187408,426.58215264431976,1023.4823199345096,6754228.978236719,38520639.00559341,1087717155.1829574
442,442,3.59e+50,620000.0,0.128,38.24,5.99,32.25,False,0.927,-0.604,2011-12-09 12:31:53.464,O5,"['H1', 'L1', 'V1']",9.052151705379304,6.209562891687324,20.094272249813525,97.6005763650051,105.72091128606814,282.10743121234805,699.3248683771187,337981.53715786873,1298864.869321985,9684405.014011646
443,443,9.749999999999987e+49,637000.0,0.131,5.51,13.756,-8.246,True,4.133,-1.188,2012-04-14 00:24:30.495,O5,"['H1', 'V1']",9.289063395135395,47.006026748457,185.10975717276145,2925.3156722080707,103.82545224444652,275.9836189854375,671.0312115549996,1487764.7386388727,8099878.985008446,176344961.5243565
444,444,7.17e+49,1080000.0,0.212,2.686,9.606,-6.92,True,3.972,-0.138,2011-12-18 03:06:42.827,O5,"['H1', 'L1', 'V1']",8.772171813878888,34.285187096644314,125.76019208497706,431.8002383820483,141.00854674661616,375.7287909621044,920.8465899971824,2767189.712255848,11355691.305934705,61921727.55500115
445,445,9e+50,894000.0,0.179,41.044,7.666,33.378,False,3.209,-0.949,2011-11-06 09:44:03.194,O5,"['H1', 'K1', 'V1']",8.072888324918523,169.3913419568667,929.6493695010978,6374.720443676345,150.364783545146,400.3363829864544,977.8632214185463,17583007.26206981,116074731.32417226,1019640361.2771276
446,446,1.1299999999999999e+51,289000.0,0.062,64.558,34.455,30.10300000000001,False,1.709,-0.109,2012-06-04 02:59:00.870,O5,"['H1', 'K1', 'L1', 'V1']",10.25182774890796,9.400090433960203,29.61671185952962,104.82710830424612,88.52997020214525,235.61864651699165,575.8707864796818,90401.86183750031,426730.6100411413,3008792.633715515
447,447,3.6e+49,976000.0,0.194,16.393,15.564,0.8290000000000006,False,4.162,-0.819,2012-04-12 03:20:58.638,O5,"['H1', 'K1', 'L1', 'V1']",8.461117306049148,51.92170198218676,296.378867081616,8832.552698920275,171.28754981449526,454.4093748599903,1087.9188860434062,7038864.659455248,59084240.10959266,2247143691.6497416
448,448,7.19e+48,583000.0,0.121,54.222,18.652,35.57,False,3.919,0.382,2012-01-30 11:41:20.118,O5,"['H1', 'L1']",8.676146634944846,121.06594250385594,440.91002424087225,2136.581839210641,127.60529348297018,338.5291592717872,810.9077930872958,7956032.069224268,30577040.6597425,166196523.808132
449,449,1.0499999999999999e+51,962000.0,0.191,50.763,11.564,39.199,False,5.629,-0.723,2012-05-22 02:00:58.154,O5,"['H1', 'K1', 'L1', 'V1']",8.640258163605258,107.10114105906266,423.59195007430776,2128.5813832698486,156.45476960323117,416.3296339897298,1012.1506198781548,15295045.118674058,70831339.11554375,464030164.483676
450,450,1.9399999999999998e+51,719000.0,0.147,50.09,11.87,38.220000000000006,False,4.947,-1.039,2012-05-05 21:23:40.424,O5,"['H1', 'K1', 'L1', 'V1']",11.33929538622774,22.009232020132057,109.52188684183947,629.9627239058622,106.11412555189736,283.21169054599045,698.9759579983925,1312989.9367512802,7310590.480313128,54789535.50583144
451,451,2.09e+51,216000.0,0.047,22.448,11.015,11.433,False,0.015,-0.939,2012-06-12 22:24:29.271,O5,"['H1', 'K1', 'L1']",28.90362766702433,8.072388105902625,30.94950724542078,126.56680097975972,25.577182276412373,68.39212002917972,170.6119497554118,13047.84464597019,54445.24312729352,266914.7312421916
452,452,4.89e+49,3620000.0,0.598,76.921,13.201,63.720000000000006,False,2.517,-0.438,2012-04-11 09:29:54.935,O5,"['H1', 'K1', 'L1', 'V1']",8.068114474688464,2458.033506649609,10508.218414944366,31658.10592521136,167.67187982246014,447.1027768899926,1100.0141248508166,902357983.0154724,3917303324.696414,12979501058.14701
453,453,5.28e+49,571000.0,0.119,14.426,8.105,6.321,False,1.152,-0.417,2011-12-18 10:31:06.918,O5,"['K1', 'L1', 'V1']",11.45411340512233,11.302489481848106,36.34948050921796,152.16187211995828,63.96535266101768,170.5984824260511,422.4386844646008,177034.8804927366,672339.976816189,3782948.677621657
454,454,7.17e+49,684000.0,0.14,25.707,4.004,21.703000000000003,False,2.823,-0.59,2012-01-06 22:23:39.437,O5,"['H1', 'L1', 'V1']",11.95976807778655,11.427898795154592,56.06336016115454,396.9854733165574,94.75977038835026,252.79130877359185,620.1261468550442,539440.2251336889,3133037.854853288,24636002.834630672
455,455,3.07e+51,501000.0,0.105,37.618,48.092,-10.473999999999997,True,1.013,-0.183,2012-06-24 13:42:01.534,O5,"['H1', 'K1', 'L1', 'V1']",9.11983887301486,21.97352450677417,69.52347897909571,269.36573142616453,114.97203726573709,306.37631487286296,753.0776281145672,1067941.0837509844,4161524.522658637,25001907.74996861
456,456,8.36e+49,553000.0,0.115,72.326,6.799,65.52699999999999,False,3.844,-0.717,2012-03-12 02:48:49.287,O5,"['H1', 'K1', 'L1', 'V1']",8.650186836103561,577.1503242059858,2866.8255967023456,14345.29886433748,177.66403749329788,474.0131909717286,1172.3504512437178,93425055.32416072,520627468.680033,3655099618.45276
457,457,1.3300000000000002e+49,128000.0,0.028,74.31,5.736,68.574,False,0.845,-0.112,2011-10-28 13:56:32.129,O5,"['H1', 'V1']",15.84490799982842,29.72256386780223,113.1447350904912,756.0949842673974,32.625052897755495,86.37515709114888,201.1694354133595,67918.73721435707,306460.3377846908,1956778.519819627
458,458,5.25e+51,531000.0,0.111,85.445,11.011,74.434,False,6.25,-1.172,2012-08-28 04:00:23.820,O5,"['H1', 'K1', 'L1', 'V1']",8.331730938656854,758.1568329983678,6290.962417558769,29011.0664363906,156.72444161514727,419.478091610079,1052.3379584883382,156203304.09692982,1398945308.8812394,6939309441.982268
459,459,2.2599999999999998e+51,833000.0,0.168,59.916,24.218,35.69799999999999,False,4.356,0.911,2012-05-04 10:16:28.276,O5,"['H1', 'K1', 'L1', 'V1']",8.36122653858924,63.08045260922049,393.4558338257647,2374.9030811915286,150.30566106815377,399.88229710747737,970.7004964336916,9165048.165032975,60166982.25167208,519851677.3782357
460,460,1.05e+49,317000.0,0.068,37.972,12.06,25.912,False,5.418,1.33,2012-04-10 16:42:07.744,O5,"['K1', 'L1']",11.24567247820733,495.8129543410801,3027.903014005495,11078.601537144392,67.86025502032385,180.21552309908816,431.42885404133074,4142744.668260287,38331181.44810468,183561897.9490955
461,461,3.07e+51,1170000.0,0.228,21.611,16.501,5.109999999999999,False,1.573,0.842,2011-09-28 17:15:34.008,O5,"['H1', 'K1', 'L1', 'V1']",8.176959925666013,1581.1806668491197,9072.302588015804,31313.26418414508,141.1477125260085,376.34942407543576,924.9121968066144,343784007.7118797,2035484189.211393,7445944488.125427
462,462,1.55e+48,11800000.0,1.566,71.727,18.293,53.434000000000005,False,1.977,0.104,2011-10-26 05:31:40.886,O5,"['H1', 'K1', 'L1', 'V1']",8.137487285429078,1929.1166158670685,7783.550115428356,27591.34250934879,269.1301585824458,717.0283323442245,1754.526922776943,1353031621.832354,6160441000.963705,25070675301.90077
463,463,9.03e+49,1070000.0,0.21,37.104,23.539,13.564999999999998,False,3.592,-0.665,2012-07-27 11:56:34.456,O5,"['H1', 'K1', 'L1']",8.535263181035335,89.54081487813637,407.0493731940008,1943.0929545026008,163.46378966842713,434.5480358634943,1048.5880831492304,13212964.56060395,68960714.90452826,362264618.4909576
464,464,8.339999999999991e+50,421000.0,0.089,45.604,12.78,32.824,False,0.682,-0.101,2012-05-11 00:01:42.326,O5,"['H1', 'K1', 'L1', 'V1']",9.669019125162333,6.705622130478827,24.460274384883512,103.17981116104602,76.52065941030219,204.4486834158775,509.5655232119576,146698.92911310898,689488.7598933344,4113117.5171312816
465,465,7.19e+48,1080000.0,0.212,16.57,17.462,-0.8919999999999995,True,4.301,1.081,2012-08-15 06:54:07.369,O5,"['H1', 'L1', 'V1']",8.364049202666775,346.3845814982901,1473.2548191040812,7446.236726460771,182.00113544679084,483.1438155008283,1157.394115290501,39203217.19974932,222814667.15759856,1711930033.4200163
466,466,1.94e+50,2240000.0,0.4,75.666,44.209,31.457,False,1.687,-0.437,2012-07-22 12:26:31.080,O5,"['H1', 'K1', 'L1', 'V1']",8.151641025472896,3358.03718305898,13012.198734520434,33756.647324938654,142.5504735078914,379.9186151842348,932.3270822915551,865055637.8747884,3355118424.823814,9670606865.147957
467,467,1.23e+49,559000.0,0.116,27.619,22.961,4.658000000000001,False,5.228,-0.851,2012-04-08 01:48:44.109,O5,"['H1', 'L1', 'V1']",16.72178750899918,3.77017928152176,14.452648888794224,81.92926575711965,56.5204153351558,150.83948907169395,367.6926444682223,50802.8529739405,228872.9557040001,1622669.839336425
468,468,1.66e+51,442000.0,0.093,58.358,57.952,0.4059999999999988,False,2.172,-0.177,2012-09-04 06:44:00.713,O5,"['H1', 'K1', 'L1', 'V1']",9.574326510894489,30.76799561312661,167.6542306886607,841.4901113202511,130.36878211683995,347.17697489040927,847.4038519417772,2945992.078885718,17102606.310186353,114502002.48215802
469,469,5.6699999999999995e+51,636000.0,0.131,24.657,28.253,-3.596,True,5.25,0.398,2012-05-25 15:37:38.321,O5,"['H1', 'K1', 'L1', 'V1']",8.243580939661554,399.57904140782273,6715.521449565241,29993.949055788053,156.38519719642932,418.04377639514064,1033.495147048442,80227947.14172748,1426043698.460609,6895341145.072948
470,470,9e+50,212000.0,0.046,66.41,10.269,56.141,False,3.396,-0.63,2012-02-23 21:08:05.984,O5,"['K1', 'L1', 'V1']",15.36320551389265,1.4261953009315247,4.910885017570068,26.520283175431626,38.83493477959172,103.41345321399058,252.4479277110338,9981.406801117108,40990.33513734644,300451.0511867838
471,471,1.0500000000000001e+52,987000.0,0.196,33.782,27.773,6.008999999999997,False,2.753,-0.466,2012-08-04 07:25:17.957,O5,"['H1', 'K1', 'L1', 'V1']",9.784893203161143,29.61193384778342,121.17318162463506,728.2377114812804,133.92503218816205,356.5820450110922,870.025180191695,2746846.5409631385,13906294.903785134,110106834.91693038
472,472,2.11e+48,292000.0,0.063,15.653,20.159,-4.505999999999999,True,0.859,0.436,2012-07-09 07:26:42.608,O5,"['H1', 'K1', 'V1']",17.97633024850236,1.835982837580604,5.851722308093474,26.29773047526978,28.961093638579115,77.03327870944534,184.75898138134409,3272.3651020541784,12496.44712289216,71801.6164982576
473,473,4.9e+48,382000.0,0.081,55.641,10.222,45.419,False,2.173,1.054,2012-04-28 22:39:53.121,O5,"['H1', 'K1', 'V1']",11.95936082966755,11.27897164701498,39.42998310831487,293.3823142420705,62.18469669028451,166.60970414943864,422.2266017104896,179113.9453716409,772158.0436262359,6166604.424960822
474,474,8.36e+49,804000.0,0.162,44.844,10.955,33.889,False,6.02,-0.278,2011-10-14 17:38:22.983,O5,"['H1', 'K1', 'L1', 'V1']",8.547667729167841,75.57281365036884,295.132244392344,1279.7387131900389,162.04446184169933,430.9246677487757,1043.1686389390552,11670414.303921616,53268651.552431405,307111915.5123879
475,475,1.66e+51,1770000.0,0.327,43.146,33.404,9.741999999999996,False,2.578,1.382,2012-07-16 07:33:37.630,O5,"['H1', 'K1', 'L1', 'V1']",8.078364867482113,146.15908335651238,1303.0784886973518,19179.23759841873,189.3059222914389,502.34927424035504,1203.423770193203,28917863.767182074,330515977.7719699,5878504548.903245
476,476,5.25e+51,230000.0,0.05,63.689,8.429,55.26,False,5.526,0.993,2012-01-16 06:18:01.395,O5,"['H1', 'K1', 'V1']",12.48885018282597,2.4307553863752345,8.271738949096742,46.63322421393064,49.31964850933503,131.88105575013833,331.8110823038319,14247.008804048934,61363.73757266216,547769.1271047994
477,477,5.28e+49,96200.0,0.021,37.233,4.278,32.955,False,1.708,-0.074,2011-11-21 00:35:44.351,O5,"['H1', 'K1', 'L1']",44.61131604921356,0.4387848557837431,1.4261567851684511,5.371372546108863,8.935709253755732,23.863475402342857,59.12771025745357,59.66592190573392,228.1084298075336,1123.567864375949
478,478,7.74e+49,242000.0,0.053,21.614,13.985,7.629000000000001,False,0.561,0.481,2011-12-09 20:47:12.033,O5,"['H1', 'L1', 'V1']",23.44849772108189,0.344240290041743,1.0859163314572349,3.7565075662591134,17.740358386413988,47.26021168989181,115.69121726026388,469.24785388657097,1742.249358809096,8042.226197929181
479,479,8.319999999999999e+51,594000.0,0.123,44.671,13.867,30.804,False,2.341,0.424,2011-11-07 13:26:57.962,O5,"['H1', 'K1', 'V1']",10.27030821008923,85.22114728875351,361.5584048746613,2755.2827190632524,98.4378610200324,262.27269883573217,642.7999518135244,3232222.1746482784,17600792.852931693,181639012.0390123
480,480,7.17e+49,553000.0,0.115,26.478,22.415,4.063000000000002,False,0.171,0.3,2012-09-03 19:23:45.933,O5,"['K1', 'L1', 'V1']",11.26786317452974,9.040108971837908,34.832610611337685,258.28908073773067,65.4920750527869,174.37851727188206,426.2156005898133,199540.51220702453,952746.537967425,7766583.851006167
481,481,6.61e+51,278000.0,0.06,66.584,17.012,49.572,False,0.668,-0.361,2012-09-01 12:19:41.301,O5,"['H1', 'K1', 'V1']",9.226657914927872,37.05378043155933,133.5245408598791,560.9976576009785,85.17819492089069,227.24601545784964,562.6762354350815,764554.1659301547,3503085.46443968,24943814.3563834
482,482,4.5000000000000006e+51,565000.0,0.117,50.875,19.764,31.111,False,0.311,0.462,2011-10-04 01:41:14.402,O5,"['H1', 'K1', 'L1', 'V1']",9.235862911194856,20.16449251377048,62.20933949670941,349.00710300951386,149.48121012520028,398.159547898428,972.7604106963404,431924.9772765451,2193452.208785572,39138909.66874013
483,483,8.339999999999991e+50,153000.0,0.034,45.15,8.992,36.158,False,0.577,0.249,2012-06-02 06:59:43.996,O5,"['K1', 'L1']",15.89841125877416,242.10913997710165,1113.061157048371,5205.812580871894,39.49363588225711,104.97516804958178,252.99338730592456,933992.0396271136,4773522.719145804,25671015.206732526
484,484,1.1299999999999999e+51,429000.0,0.091,35.987,6.422,29.565,False,5.556,-0.538,2012-02-09 23:31:03.019,O5,"['L1', 'V1']",11.11114653640476,17.428131511347235,65.4382514941098,419.91831760844815,60.48831221498784,161.61542486130452,409.3451306410867,217308.47089866883,994723.7704317316,7264833.121409906
485,485,2.28e+48,659000.0,0.135,46.189,7.88,38.309,False,5.191,-0.256,2012-06-19 18:06:23.245,O5,"['H1', 'K1', 'L1', 'V1']",9.13684098424347,10.11729333120743,34.041598501505604,614.328304491844,136.3994866339027,363.4265535195901,890.4400961532042,699605.0010498661,3163514.815978842,85535146.61679243
486,486,3.09e+49,1870000.0,0.343,33.52,11.154,22.366000000000003,False,0.88,0.46,2012-04-23 17:04:03.286,O5,"['H1', 'K1', 'L1', 'V1']",8.544841508809846,23.296555859852447,98.013437669478,1418.5642724067368,172.10944601356005,458.0980720052105,1112.4065570396997,2430824.799887262,15726575.709102416,349399991.6843272
487,487,2.2600000000000003e+50,12700000.0,1.662,34.657,15.6,19.056999999999995,False,3.277,-0.283,2012-07-15 16:09:57.350,O5,"['H1', 'K1', 'L1', 'V1']",8.225390383353101,4440.850488359778,14050.179752810796,34033.534097043346,237.819199709676,633.581969448036,1550.7082060807993,3096579675.1303744,10439795543.436672,28720778757.23202
488,488,1.9399999999999998e+51,486000.0,0.102,36.734,29.657,7.077000000000002,False,5.792,-0.057,2012-08-15 04:28:39.453,O5,"['K1', 'L1', 'V1']",9.298360520141731,25.7358291189468,80.16226474474789,796.3380796419442,83.16834031942926,223.7282790601423,583.1914843918123,504596.5629917223,2124352.658029759,44312789.38884524
489,489,1.43e+51,1030000.0,0.203,21.924,20.413,1.5109999999999992,False,0.701,-0.215,2011-10-19 07:28:27.640,O5,"['H1', 'K1', 'L1', 'V1']",8.532861858107967,85.97993495175999,503.9035265817784,3378.332680962735,165.0461628383414,438.8978591007923,1062.8199360704134,13842207.545510205,97025690.33913496,867971007.7237668
490,490,1.43e+51,2650000.0,0.461,44.445,19.684,24.761,False,0.818,0.685,2012-07-19 16:38:54.008,O5,"['H1', 'K1', 'L1', 'V1']",8.09850118074326,721.4138344717077,3041.7569677841875,19238.14500806373,176.15617147675448,468.90375952483896,1142.4486067530845,191305549.95499352,964786271.0268706,7168811562.180495
491,491,3.850000000000001e+52,434000.0,0.092,42.475,7.697,34.778,False,3.872,-0.575,2012-06-15 16:45:34.289,O5,"['H1', 'L1', 'V1']",13.67199659920494,6.1937710266069335,29.254278948138417,148.64050731228048,68.48857302376689,182.5681373616568,446.4967230567692,142899.73316181244,761587.560139036,5038916.826899456
492,492,1.3300000000000002e+49,215000.0,0.047,72.68,7.354,65.32600000000001,False,3.404,-0.59,2012-06-14 14:46:16.788,O5,"['H1', 'K1', 'L1', 'V1']",15.35959129518922,2.1735679749613466,7.170351261493038,28.66906400565771,60.026689708006586,159.93350997116175,391.52183041718496,33768.34504018821,130119.36574778774,709892.560730104
493,493,1.54e+52,679000.0,0.139,23.301,10.586,12.714999999999998,False,4.611,0.33,2012-04-06 03:54:10.075,O5,"['K1', 'V1']",8.837152207705202,408.89498602650326,3336.197774095486,11566.182291486077,85.28659728220038,226.60644805514,547.2302369795922,10215067.542948838,70824670.82118115,342743356.16062456
494,494,1.43e+49,378000.0,0.08,31.412,6.585,24.827,False,4.297,0.476,2012-05-28 17:13:34.591,O5,"['H1', 'K1', 'L1', 'V1']",14.15322703796369,2.276013507662979,6.8165583911822125,22.53026042125142,36.975664599597565,98.44160127362892,240.06706308059816,13603.508926024717,48685.12441204457,220941.6801072253
495,495,2.09e+51,1110000.0,0.217,21.412,23.746,-2.334,True,2.402,0.159,2011-12-13 09:43:04.121,O5,"['H1', 'L1', 'V1']",9.41625259013365,29.15039141723716,153.43967705986827,724.2416161166757,128.06551611782766,341.11061443972415,834.0344329704914,2615545.3137161587,14717567.872797877,95518130.07903191
496,496,1.14e+50,804000.0,0.162,37.601,17.864,19.737,False,1.601,0.352,2011-09-19 05:40:24.112,O5,"['H1', 'K1', 'L1', 'V1']",9.040677563122072,6.30156486875244,20.55367204153433,99.23964317298405,108.61461994459648,289.8043940684081,719.7030475960332,326326.75225803326,1303874.8924308517,9983645.640318835
497,497,1.0499999999999999e+51,607000.0,0.125,29.208,13.84,15.368,False,3.428,-0.273,2012-01-21 04:34:12.076,O5,"['H1', 'L1', 'V1']",9.404126047071388,26.6636042438697,88.81497836135097,408.55770238677286,95.78162348413208,255.90798463707665,637.2613276978107,989819.2499366334,4030739.594559452,27593507.020236462
498,498,4.520000000000001e+50,454000.0,0.096,29.714,21.132,8.581999999999997,False,1.649,-1.075,2011-09-26 22:10:10.196,O5,"['H1', 'K1', 'L1', 'V1']",15.42366320634232,0.5789442173410944,1.933197975160953,9.025094261607824,48.96682876904725,130.5089057111848,320.00647214057955,7538.489425930129,30593.21041178756,171664.18546959257
499,499,2.28e+48,476000.0,0.1,11.607,18.551,-6.943999999999999,True,2.729,1.144,2012-09-06 21:05:09.929,O5,"['H1', 'L1', 'V1']",17.42968807854706,3.157918094242292,11.29832880578256,58.85287925147757,44.199101065819264,118.49235528162052,300.3552564405152,17035.64219842323,71388.40768980708,464819.87766275456
500,500,4.1699999999999995e+51,651000.0,0.134,61.387,11.481,49.906,False,5.09,-1.074,2012-04-23 00:22:44.214,O5,"['H1', 'K1', 'L1']",9.199285198684482,112.42768215741442,444.8442675055681,2078.7038288807403,136.8722762513321,363.2753183308713,870.2593121219109,9254128.564535432,42815775.04529532,230680327.36065567
501,501,1.43e+50,1100000.0,0.215,5.81,15.711,-9.901,True,0.713,0.904,2012-04-08 20:23:03.525,O5,"['H1', 'K1', 'L1', 'V1']",8.801761258741088,49.77391014401207,328.6229113962179,2329.421555684201,161.77035726613985,430.5648858076311,1047.8103726040183,8285125.806148131,62714115.50605129,555871799.0260584
502,502,4.2000000000000003e+48,1050000.0,0.207,30.95,13.465,17.485,False,3.968,-0.137,2012-03-24 21:47:59.968,O5,"['H1', 'K1', 'L1', 'V1']",8.929769971069911,125.89711764509474,486.89120272908457,2718.625192048553,175.10478574531612,465.8817911033964,1131.5440230200657,24937700.593913093,113232798.96440975,806516226.3764942
503,503,7.74e+49,384000.0,0.082,51.382,9.56,41.822,False,1.978,-1.021,2012-04-20 08:55:28.356,O5,"['H1', 'K1', 'L1', 'V1']",13.63920396510668,1.0754221270061894,3.6452488069616944,13.614685579691598,52.134487282818725,138.84537989387934,339.37895288725514,17926.88988065223,70402.66685435631,353914.225414203
504,504,4.5300000000000003e+49,1070000.0,0.21,40.044,11.457,28.587,False,1.581,0.441,2012-05-17 18:32:35.729,O5,"['K1', 'L1', 'V1']",8.618560042926726,228.41941640772288,1733.843932704926,10152.0311168986,169.33732932478472,450.6656121255145,1102.031201313733,25376414.060047187,223844589.2087047,1771536274.2052886
505,505,1.8e+51,1320000.0,0.253,13.621,20.264,-6.642999999999999,True,5.779,-0.192,2011-11-21 14:07:04.771,O5,"['H1', 'K1', 'L1', 'V1']",8.021475038779652,64.05504416555178,379.7549634948416,2431.8106215660514,161.28512229085004,428.63273419430186,1034.3853779551127,10113457.84307523,70740647.46647583,609942512.2572521
506,506,9.06999999999999e+47,251000.0,0.054,19.891,28.538,-8.647000000000002,True,2.564,0.164,2012-07-17 11:05:09.544,O5,"['L1', 'V1']",19.99438189722022,7.5364180768737885,24.52083080678484,111.48192431382014,24.255924678113782,65.32107422196415,160.92808119095787,9996.734947954505,38778.55078195942,188416.4416313909
507,507,1.95e+48,240000.0,0.052,81.948,24.353,57.59499999999999,False,4.435,-0.701,2012-09-07 21:45:36.003,O5,"['H1', 'K1', 'L1', 'V1']",11.07794004735744,6.784039955935913,22.95524134872005,91.38300636259694,71.48069550039833,190.79734979768057,470.13943199355697,105307.3791487194,409854.64311697247,2335624.121624609
508,508,3.59e+50,790000.0,0.16,29.953,6.305,23.648,False,5.501,-1.303,2012-02-12 10:39:07.464,O5,"['H1', 'K1', 'L1', 'V1']",9.899377626745794,6.809699109662632,32.53718415584329,679.4784615324328,138.56608310781633,369.2731831130248,905.470329192983,584352.8672676922,3749034.64293875,113507379.05268107
509,509,1.54e+51,543000.0,0.113,56.903,21.155,35.748,False,1.57,-0.783,2012-06-20 01:19:31.372,O5,"['H1', 'L1', 'V1']",10.59072328635507,1.7560322570069598,5.95324030739878,28.37803763899005,83.2256627603615,221.8859298630649,546.2556977708182,51792.1375554419,210197.86216775925,1428917.4951619625
510,510,6.150000000000001e+49,1060000.0,0.208,27.401,22.718,4.683,False,2.032,0.395,2011-10-01 13:11:04.760,O5,"['H1', 'K1', 'L1']",9.132677283531928,167.6487270951973,594.200392957188,2685.6499646285106,133.60094459029085,354.75396181853864,853.4914338554362,13721171.464956995,52038607.90470661,292547716.7574743
511,511,3.3300000000000003e+49,603000.0,0.125,30.361,12.633,17.728,False,2.984,-0.562,2012-06-03 11:16:16.253,O5,"['H1', 'K1', 'L1', 'V1']",12.42912092835068,2.2883081718764786,8.79179259642494,99.03995453445296,74.16289938675743,197.7332483818978,486.563813153038,63409.52820709393,311527.960362901,4177788.755992239
512,512,2.2599999999999998e+51,361000.0,0.077,13.346,16.756,-3.41,True,5.873,-0.751,2012-07-30 07:29:59.324,O5,"['H1', 'L1', 'V1']",13.1313371366324,2.1162237937451915,7.060175648246637,34.84426189050634,35.3256104322046,94.1066038237928,230.48042855673228,10776.542190730865,43493.27601922426,303022.14007393504
513,513,3.58e+51,453000.0,0.095,42.319,19.6,22.719,False,4.509,-0.984,2012-08-12 07:03:12.359,O5,"['H1', 'K1', 'L1', 'V1']",9.8052445210604,1.9921721403558508,8.207763471828088,165.87418454748985,86.05491196316541,230.01491781252105,577.0200043768637,60054.15295458095,316026.3480235672,10330891.03100592
514,514,1.43e+50,577000.0,0.12,70.13,11.175,58.955,False,2.642,-0.687,2012-04-21 12:07:15.106,O5,"['K1', 'L1', 'V1']",8.96452583765758,223.093344523474,1194.4900501183774,6602.314586380314,130.27232522640315,346.9746271825427,849.8753797924315,14551099.684469689,92761583.26669396,647972526.6836729
515,515,3.09e+48,1020000.0,0.201,11.572,13.096,-1.524000000000001,True,0.38,0.478,2012-04-21 05:47:23.395,O5,"['H1', 'L1', 'V1']",8.191002859522296,32.8936336728619,142.6914519015989,1649.8233502704545,147.38448274060806,393.2202242690401,965.7179201101632,2312343.306907402,14164713.739028342,273746080.1882658
516,516,2.84e+51,283000.0,0.061,62.235,11.06,51.175,False,5.706,-0.144,2012-05-03 17:59:13.533,O5,"['K1', 'L1', 'V1']",10.13141845890388,24.151977257028413,81.07297474118725,268.21622169550955,71.47523212416348,190.15576618782444,461.711882670148,467872.0974861941,1804545.0251640405,8771525.015367407
517,517,1.43e+51,6380000.0,0.951,70.048,7.509,62.539,False,0.871,0.78,2012-01-07 12:35:31.796,O5,"['H1', 'K1', 'L1', 'V1']",8.044868536229805,3653.558605124178,12058.45070346582,32848.4687035269,200.1629908245809,533.3590651532688,1306.8792241760127,1651947689.895413,6060188303.473594,18328982414.10018
518,518,1.43e+51,9780000.0,1.344,79.555,15.252,64.30300000000001,False,3.221,-1.366,2011-12-22 14:05:20.534,O5,"['H1', 'K1', 'L1', 'V1']",8.002225814016192,959.2733215668048,5886.741838359129,28654.48824599776,249.72500590744403,666.9110189866158,1650.4405659077954,561379581.1481056,3874400951.3965487,20037855010.7315
519,519,7.17e+49,529000.0,0.11,55.85,10.549,45.301,False,0.581,-0.153,2011-12-28 05:30:33.782,O5,"['K1', 'L1', 'V1']",9.500081311250208,61.21876676847975,226.86551620333296,805.6280482526596,89.27702215348165,237.66035756170675,579.9016648568108,1749668.2701014727,7589407.0812798515,37463051.529643945
520,520,2.84e+51,367000.0,0.078,20.092,9.16,10.932,False,4.407,0.261,2011-12-24 08:41:17.784,O5,"['H1', 'L1', 'V1']",14.13985949744058,2.087620153829399,6.8958005020723245,28.120018392336604,36.93734124042027,98.37415902493632,240.4918007985474,11888.833823798504,47207.67126732463,256804.28224410568
521,521,2.86e+48,959000.0,0.191,38.351,23.618,14.733,False,5.077,-0.515,2012-07-09 19:46:32.124,O5,"['H1', 'K1', 'L1', 'V1']",8.588782768009766,130.84032140148986,498.8495744426172,2270.757319331709,156.32091717328765,416.0027098515544,1011.7852819495232,20198104.81333259,90075073.2808885,521767000.4494452
522,522,4.8800000000000005e+50,931000.0,0.185,2.891,10.466,-7.574999999999999,True,0.797,-0.309,2012-04-26 04:32:02.382,O5,"['H1', 'K1', 'L1', 'V1']",9.512096068656698,9.255912802307178,34.84954520533761,321.3826384364985,126.29534379820564,335.55307617736975,808.843529119181,403455.1393839878,1881065.9005610603,25545449.62380258
523,523,9.72e+50,983000.0,0.195,40.127,9.855,30.272,False,3.107,0.919,2012-09-02 12:21:26.413,O5,"['H1', 'K1', 'L1', 'V1']",8.37086736542907,905.464727982852,4068.50981414561,23540.33724707811,178.6481821363766,475.1712674660762,1151.4367499045013,170101913.16030207,948827722.9455912,6728076755.503511
524,524,6.63e+50,383000.0,0.081,36.012,14.177,21.835,False,1.083,0.067,2012-07-22 23:28:36.856,O5,"['K1', 'L1', 'V1']",11.19177357291171,15.076957595885805,59.75785052959144,734.01400015993,58.5611720208077,157.10673770290197,401.5083127315199,154605.46267809637,836877.2433360552,16471607.142013893
525,525,7.17e+49,850000.0,0.171,25.544,16.297,9.247,False,3.122,-0.895,2012-04-04 05:43:16.163,O5,"['H1', 'K1', 'L1', 'V1']",8.183011126204736,23.93470839058453,249.12793187766889,10290.471763761288,198.312548141997,524.7889763578814,1222.000076048979,1785493.6150878456,33449756.39990176,2714169030.9860177
526,526,8.36e+49,591000.0,0.122,44.727,7.198,37.529,False,0.486,-0.075,2012-05-03 15:58:00.450,O5,"['H1', 'K1', 'L1', 'V1']",10.060178446281,6.862395495350165,24.60281313444996,103.61241623562162,93.18955020853912,248.21538534094705,607.488673069759,301013.97554991004,1279657.5888835478,7662043.448613536
527,527,1.67e+50,834000.0,0.168,32.786,11.555,21.231,False,2.972,-0.484,2012-05-12 23:31:18.586,O5,"['H1', 'K1', 'L1', 'V1']",8.17905745143453,46.80569782371124,711.3333830391034,16525.772796151254,202.1494378315313,525.2604162918865,1178.7917549431525,4039753.410994735,117073271.68126598,3987088246.201921
528,528,9.749999999999987e+49,544000.0,0.113,80.49,35.056,45.434,False,0.333,-0.475,2011-09-14 21:54:40.563,O5,"['H1', 'K1', 'L1', 'V1']",9.679600220135333,34.58975130401857,126.3782803941096,795.0679960976557,145.5040062538484,387.3148554302372,943.2129591338224,3799618.368822374,17115515.915657762,136262108.983345
529,529,7.719999999999991e+50,1300000.0,0.25,57.955,23.7,34.254999999999995,False,6.165,0.223,2012-04-08 15:52:08.831,O5,"['H1', 'K1', 'L1', 'V1']",8.856166816910058,31.33492699920135,189.02622762166948,1678.7263840745609,152.84594749631538,409.71949045943006,1025.463680920975,2495056.480207717,20392888.4985877,310337580.1383662
530,530,2.09e+51,833000.0,0.168,9.692,17.689,-7.997,True,0.401,0.639,2012-04-02 17:16:40.031,O5,"['H1', 'K1', 'L1', 'V1']",11.15907194816557,2.1978527549632214,7.453103951161015,56.09057945636357,97.22415444672868,259.3388919510044,640.2159068820281,113166.08965046138,466823.2323527956,5035331.83099187
531,531,1.2199999999999999e+51,157000.0,0.035,54.302,15.942,38.36,False,1.057,-0.206,2011-11-17 15:54:31.149,O5,"['H1', 'L1']",21.63411192469535,13.660933644995298,47.34703183418579,213.217181682104,24.87171069353181,66.28324729458305,162.89029820585236,20508.38783966264,84308.89111463998,464096.239758847
532,532,1.2199999999999999e+51,474000.0,0.1,45.328,8.834,36.494,False,4.449,-0.783,2012-04-09 20:44:36.473,O5,"['H1', 'K1', 'L1', 'V1']",13.65510316434476,2.1324089687247216,8.11446095581391,233.19229114936425,72.41755617036199,193.4661991927884,479.2732204294166,54692.49566786012,263150.56933396857,8171037.555843453
533,533,5.29e+48,905000.0,0.181,68.325,39.083,29.242000000000004,False,4.857,1.085,2012-02-26 14:31:24.391,O5,"['H1', 'L1']",8.042817536682017,187.97510417306165,692.0001195927272,2658.457835978424,163.55570178996936,434.1241742482724,1037.630423140353,23408862.83969588,90724017.77020304,385833905.91310745
534,534,1.55e+48,332000.0,0.071,56.633,14.889,41.744,False,6.274,0.891,2011-09-24 02:54:31.177,O5,"['H1', 'L1', 'V1']",16.64373133310971,0.9920437726458292,3.1698946142466955,15.473522058695258,42.66187226323382,113.77289066949498,280.66777997522166,9052.205663734792,34616.008147147404,221566.9198710036
535,535,1.43e+51,141000.0,0.031,38.494,17.428,21.066,False,2.306,-0.489,2012-07-18 05:46:32.802,O5,"['H1', 'K1', 'L1', 'V1']",46.28182831069538,0.0768004899769864,0.239434235831716,0.803081397207651,9.794035128986875,26.07675333569816,63.64595908288403,28.8414387092749,105.12342431127271,462.6451513571674
536,536,2.27e+49,404000.0,0.086,39.071,10.783,28.288,False,5.97,0.334,2012-01-31 12:17:17.553,O5,"['H1', 'L1', 'V1']",10.9927158775249,10.339047284819156,33.786487013387514,164.35442938348012,65.4624032723832,174.52046317189354,429.57074115948353,173954.092915682,687994.3788983041,4798302.619320248
537,537,2.1e+50,356000.0,0.076,61.779,14.098,47.681,False,5.353,-0.559,2012-01-30 23:08:58.573,O5,"['H1', 'L1', 'V1']",9.716241541779652,2.0586963042945454,6.732498152900825,26.86032575013397,78.9518622391206,210.2649262521071,514.2461291748767,60813.04286584928,240789.1448841158,1382244.1905304068
538,538,2.6400000000000003e+50,1270000.0,0.245,63.015,21.786,41.229,False,3.889,1.077,2011-10-19 22:33:37.159,O5,"['H1', 'K1', 'L1', 'V1']",8.165385462477603,99.9885949307474,327.31744224305754,1932.322971349916,167.50926025742228,445.2819442878304,1075.9590596637074,15720557.67817,61411456.92232091,520387955.5163024
539,539,1.8e+50,3270000.0,0.55,64.104,10.312,53.792,False,2.286,-0.357,2012-06-30 10:35:48.888,O5,"['H1', 'K1', 'L1', 'V1']",8.008919748967452,901.2300286821396,5777.41588153342,28597.82889005075,175.70787665393163,467.9868818178197,1143.5124830403288,283249850.61593425,1986252707.8609104,10541049306.19778
540,540,4.1900000000000004e+49,475000.0,0.1,41.93,6.218,35.712,False,4.97,-0.633,2012-08-13 22:20:21.197,O5,"['H1', 'K1', 'L1', 'V1']",9.14211088880065,30.258185358185287,113.51467399151484,1460.0801202962862,145.8444411845447,389.06517249418016,965.4477857585306,2498421.532410489,12613586.27283415,214320166.79461288
541,541,1.0499999999999999e+51,502000.0,0.105,35.485,10.214,25.271,False,1.229,0.218,2012-01-07 00:01:58.747,O5,"['H1', 'L1', 'V1']",9.541869748955468,17.079538916758057,72.28738249817582,495.2900978135554,97.47997490187674,260.1278051310732,642.5132335986636,542399.861104704,2847301.8962839395,28779537.554272808
542,542,3.6e+49,753000.0,0.153,15.034,6.472,8.562000000000001,False,1.62,1.237,2012-03-24 11:03:28.909,O5,"['H1', 'K1', 'L1', 'V1']",8.172855905049119,9.575797287009287,227.3126367902744,15523.275935967316,170.91685387597067,451.0418375830112,1057.8640048127377,1039043.3651187778,34536847.37929139,3236554698.890352
543,543,2.2600000000000003e+50,364000.0,0.078,40.7,23.736,16.964000000000002,False,1.885,-0.404,2012-08-22 09:37:34.434,O5,"['H1', 'L1', 'V1']",10.11990871862792,6.367865427668057,21.26205104776789,107.17108939981782,64.73148909712921,173.69348199868608,437.83632770630186,75447.50901314158,312413.8033468796,2123036.806616968
544,544,6.63e+50,470000.0,0.099,48.643,56.448,-7.805,True,4.707,0.047,2012-04-25 09:10:08.122,O5,"['H1', 'L1', 'V1']",10.5186144998695,12.4948693953533,52.23910475645886,263.8858018007029,86.6188759122158,230.6935601569969,563.5977732649571,427896.67828677176,2133448.7751297834,12768204.918073958
545,545,8.38e+48,173000.0,0.038,40.912,10.02,30.892,False,4.654,-0.456,2011-11-10 17:51:20.157,O5,"['K1', 'L1', 'V1']",18.29052452646332,3.02993136309917,9.520716857245336,29.70011914905596,21.03400748201534,56.4118572198505,143.69427218294385,3712.647930949456,12944.95978686631,53242.35091011076
546,546,4.18e+50,618000.0,0.128,52.736,46.536,6.199999999999996,False,4.169,0.3,2012-07-11 13:29:03.415,O5,"['H1', 'K1', 'L1', 'V1']",10.65983950140152,23.91756124945508,96.76717189974472,397.9894002489011,97.4704913312628,259.8361915628465,637.8805994567379,797791.6981372292,3766900.946735178,23520371.43995574
547,547,1.8e+50,882000.0,0.177,38.891,19.785,19.106,False,2.294,-1.026,2012-01-28 00:55:52.540,O5,"['H1', 'K1', 'V1']",8.492804241745771,22.73828368641908,401.526435477042,6262.648263617858,142.59041986454713,379.9626895172786,930.4330553098604,1581297.3714214538,39354281.950717896,883451261.226602
548,548,2.09e+51,200000.0,0.044,38.661,15.688,22.973,False,2.351,-0.294,2012-06-12 03:43:56.804,O5,"['H1', 'K1', 'L1', 'V1']",25.04521547251139,0.5100078970871716,1.5847901608822692,5.34879780738744,16.97971027692438,45.26868104828645,111.3733715824912,550.0859965972884,2010.418559748327,8996.470590810528
549,549,2.46e+48,361000.0,0.077,15.977,19.617,-3.640000000000001,True,3.192,0.433,2012-06-29 12:01:38.848,O5,"['H1', 'V1']",11.38739848766104,22.739706646205097,72.27441262351353,267.0138545123152,58.292522776182295,154.09784170435353,369.7429480923321,201359.0386228864,732427.5648458289,3388384.2303662864
550,550,7.19e+48,343000.0,0.073,32.713,12.231,20.482,False,0.687,0.988,2011-12-22 05:12:46.014,O5,"['H1', 'K1', 'L1']",19.30276086233781,27.967648764838668,97.80628845849309,396.4230610897464,45.346513326076376,121.16113147748496,289.01008700062744,123957.4836790168,431565.934051109,1909961.765185732
551,551,2.63e+52,452000.0,0.095,29.33,16.835,12.494999999999996,False,5.231,0.706,2012-03-31 12:28:41.677,O5,"['K1', 'L1', 'V1']",12.47548859650855,9.013333848787756,35.311799563525945,171.2023662870895,53.963603868767,143.8439212709357,353.9038794250476,98580.76041900474,496320.4312746218,3517927.914193544
552,552,2.28e+48,1070000.0,0.21,17.487,15.813,1.6739999999999975,False,5.407,-1.227,2012-05-02 23:16:34.990,O5,"['H1', 'L1', 'V1']",9.188000696543224,74.6190086679184,331.6066890748343,1347.6753394528146,150.15304811955662,399.2603120693637,966.232919971382,8851518.218582578,42038185.95887116,234864267.06050235
553,553,1.9399999999999998e+51,841000.0,0.169,16.92,10.768,6.152000000000001,False,6.033,-0.296,2012-07-10 13:14:53.638,O5,"['H1', 'K1', 'L1', 'V1']",8.420979957093056,31.62226666550377,137.30956245562032,1409.4787801344364,157.54465188916254,419.2048185712507,1014.8840950045212,2578793.125107344,15344919.827414269,287882889.0975785
554,554,7.719999999999991e+50,407000.0,0.086,47.117,10.505,36.612,False,5.544,-0.447,2012-08-16 21:15:47.941,O5,"['K1', 'L1']",9.597135299752932,862.7367303857668,3319.8558731620697,11582.596675139646,96.96826919185798,257.29727725642675,616.4911079845394,28539176.529937714,122029079.88214476,494775785.4001015
555,555,2.2599999999999998e+51,493000.0,0.103,10.546,12.138,-1.5920000000000003,True,0.525,-0.004,2012-05-01 18:59:57.785,O5,"['H1', 'L1', 'V1']",15.45543908155164,4.479629384123167,14.23340180632879,51.872230341992825,43.01187362100222,114.6023066650838,280.7979174060676,40480.8794198163,150658.29780668224,714715.123117619
556,556,1.95e+49,998000.0,0.197,34.623,16.847,17.775999999999996,False,1.646,-1.469,2012-02-03 15:09:53.355,O5,"['H1', 'K1', 'L1', 'V1']",8.972247861420454,18.788871955090062,112.4659506274173,3812.587401952543,148.53547602668198,395.3962700771858,962.2359846457134,2147779.29236723,16030880.21306222,746901913.526836
557,557,1.0499999999999999e+51,159000.0,0.035,15.407,13.612,1.795,False,4.175,0.025,2012-04-24 16:14:05.382,O5,"['K1', 'L1', 'V1']",23.80870575604713,0.8609230529853861,2.7054350024969427,9.144227089100395,12.407599182904306,33.124006162330005,82.15418766859788,363.1443636876296,1365.7453056384363,6447.340354083795
558,558,9.72e+50,798000.0,0.161,36.842,14.274,22.568,False,3.782,-0.251,2011-12-30 16:45:21.385,O5,"['K1', 'L1', 'V1']",8.626812723967587,187.7209405055764,784.4669023775357,7819.480904722872,153.67628151764802,409.2920377198548,999.7609157584856,15094091.599572249,81033404.02377345,1332659544.5575805
559,559,1.54e+50,598000.0,0.124,56.985,23.636,33.349000000000004,False,1.106,-1.017,2012-06-12 00:17:45.124,O5,"['H1', 'K1', 'L1', 'V1']",9.454830217074466,5.353830702297556,18.800994071036985,131.41691880323663,134.464849323958,359.60529165299386,905.1373640812704,434680.0663149334,1861106.780440762,20559380.322658304
560,560,1.43e+51,746000.0,0.152,54.214,16.054,38.16,False,4.745,1.011,2012-01-14 15:09:54.760,O5,"['H1', 'K1', 'L1']",8.317868171709618,93.81223762070644,486.34739422563945,2493.4820312545216,164.19160897616325,436.5638008316199,1050.5562846728496,14758323.861589711,76188220.52988443,407795376.3888512
561,561,1.54e+51,462000.0,0.097,37.743,15.365,22.378,False,4.814,-1.19,2012-01-28 03:42:03.157,O5,"['H1', 'K1', 'L1', 'V1']",12.50422840148827,1.662933933803244,5.888986626259671,56.012422893785406,66.13505590085049,176.39561265801757,435.6158330839328,39782.14171097503,173730.62078488778,2259419.8148090234
562,562,9e+50,1510000.0,0.285,25.867,15.079,10.788,False,1.722,0.203,2011-11-19 08:26:01.438,O5,"['H1', 'K1', 'L1', 'V1']",8.05259192049594,95.83123680676864,1591.320146978108,18939.360555556905,182.498411678148,484.8800529223479,1167.859645449366,19227719.994138483,400743245.5482345,5669605735.680904
563,563,1.66e+51,349000.0,0.075,80.545,16.367,64.178,False,1.931,0.276,2011-11-28 09:20:42.614,O5,"['H1', 'K1', 'L1', 'V1']",13.69305259145513,23.8582054669784,81.39195175768816,428.4380219562251,80.26973085361294,214.11639185177265,521.2466104706106,622038.3361217418,2603763.3427746086,15440930.745546997
564,564,1.3199999999999999e+51,152000.0,0.033,88.664,15.989,72.675,False,5.591,-0.738,2012-02-07 18:52:37.629,O5,"['H1', 'K1', 'L1', 'V1']",12.17323691969821,1.666146155703546,5.502427136309144,24.266863478839927,12.897634882752245,34.62929496594785,93.7894019638422,999.275039407291,3968.774894749484,26982.927842332407
565,565,2.1e+49,1050000.0,0.207,13.825,13.384,0.4409999999999989,False,5.238,0.55,2012-01-10 20:24:00.480,O5,"['H1', 'L1', 'V1']",8.547241555307638,130.75962265641851,475.4850450873736,1893.217475270825,163.2602299359762,434.3021420514664,1053.9144569451043,20974497.77763161,89992188.57062443,469064385.0433329
566,566,1.23e+48,13800000.0,1.779,55.724,14.266,41.458,False,4.777,0.059,2012-05-27 00:39:49.581,O5,"['H1', 'K1', 'L1', 'V1']",8.112278028010746,146.80051363010045,823.4317681449238,17273.507848932986,334.27897291992986,887.0211363130568,2127.744785824036,112275002.68919297,790720828.1597056,19410405012.015656
567,567,4.18e+50,376000.0,0.08,85.762,22.127,63.635000000000005,False,3.589,-0.813,2012-01-13 03:18:46.468,O5,"['K1', 'L1', 'V1']",8.378999489619412,340.7678927268056,2165.059879086035,10296.60420144761,160.34615264746503,426.98770019195456,1046.3670353591422,39509672.218881264,271757674.0397977,1748611290.3310292
568,568,9.77e+48,523000.0,0.109,41.556,9.374,32.181999999999995,False,0.429,0.142,2011-12-01 17:01:23.256,O5,"['K1', 'L1', 'V1']",10.16156642870172,24.393550915566543,92.60095418082696,696.3711843612506,86.55374585513187,230.8874996160486,570.3465473550874,711875.8707761875,3551311.536556992,34495716.12397342
569,569,9.72e+50,729000.0,0.149,14.456,12.682,1.7739999999999991,False,4.205,-1.211,2012-07-26 13:45:39.154,O5,"['H1', 'L1']",11.06254843089287,70.19253244633403,267.3022025937487,1106.6119901912186,93.32824106217174,248.0476017698716,598.1218877175927,2812422.34458695,11358691.777598642,51717647.6950115
570,570,1.66e+51,765000.0,0.155,39.011,10.901,28.110000000000003,False,3.706,-0.709,2012-07-28 02:53:21.319,O5,"['H1', 'K1', 'L1', 'V1']",8.230092470859812,90.94497295473806,654.6719905649841,4580.616535998277,166.9831639110511,445.990350752128,1108.1981827023883,7462590.287112015,67375158.93746099,890956868.5757926
571,571,1.95e+48,1040000.0,0.205,17.615,7.592,10.023,False,0.605,0.574,2012-08-30 11:11:50.448,O5,"['L1', 'V1']",9.5531564848006,179.00966534128725,699.9645020529254,3747.9577789025698,93.20597356744076,247.94773922238284,602.7466027918249,5331258.42489413,27424855.64693421,172813586.04608423
572,572,2.1e+49,10200000.0,1.391,12.376,22.853,-10.477000000000002,True,2.731,0.383,2012-06-08 10:01:41.461,O5,"['H1', 'K1', 'L1', 'V1']",8.226623700734674,222.7775561859133,926.6580782994316,10617.272994837407,287.10855226711124,763.5690438914992,1851.127565841431,138487024.64117625,650387423.9705445,9340155292.089664
573,573,1.67e+49,775000.0,0.157,4.112,23.792,-19.68,True,5.549,0.485,2012-08-20 23:53:25.258,O5,"['H1', 'K1', 'L1']",8.495278663026909,81.1910989523564,368.6718348882528,1769.2582562502723,138.9478781676777,367.96762847475225,876.12407991328,3488337.304537746,23937334.52075089,177200779.09772858
574,574,4.1900000000000004e+49,242000.0,0.053,57.603,8.29,49.313,False,2.659,1.076,2011-09-28 01:29:57.321,O5,"['K1', 'L1', 'V1']",11.00898137728965,1.064288992083017,3.993270801771647,16.834931167522495,46.47506292332241,123.78733073565428,302.61719981177515,8553.44007554814,37603.19485925502,216286.3780138568
575,575,1.8e+51,504000.0,0.106,42.735,21.27,21.465,False,0.217,-0.365,2012-03-16 11:14:35.489,O5,"['H1', 'V1']",8.643280191995428,97.10502576229248,379.92124995058015,3190.1018288012924,100.65728810485008,269.7111358994065,688.6397541996785,3531410.79865422,17238905.48866609,256608679.68846467
576,576,8.36e+49,465000.0,0.098,51.511,9.572,41.93900000000001,False,3.498,-1.055,2011-10-26 10:04:01.028,O5,"['H1', 'K1', 'L1']",9.730382496389392,31.025380365208097,107.65188472344708,433.2538825641892,91.7193423274116,243.9666349802298,591.8908876793412,1132018.690241848,4430916.093844916,22594763.83039868
577,577,3.59e+50,456000.0,0.096,42.332,21.794,20.538,False,0.782,-1.125,2012-04-02 08:55:16.581,O5,"['H1', 'K1', 'L1', 'V1']",14.69089363533054,1.5968389982977391,5.163310246582428,21.198317958012485,61.481149757497576,163.85922122336729,403.6175886980065,31251.39724737297,119161.42054006516,643609.6671101435
578,578,1.94e+50,257000.0,0.056,74.673,16.839,57.834,False,2.748,-0.689,2011-09-29 16:41:47.162,O5,"['H1', 'K1', 'L1', 'V1']",9.15239002402754,27.006888202250632,232.82020853148097,2630.932814650584,147.80809706575542,397.76382758908,1054.047872970763,1429140.4186715905,14049679.510945205,359867275.4740716
579,579,1.3200000000000001e+50,802000.0,0.162,46.146,16.736,29.41,False,0.91,0.686,2012-06-26 19:07:47.075,O5,"['H1', 'K1', 'L1', 'V1']",8.752277055083647,78.58593218588446,268.75298751561155,1765.9061129697182,156.2112712712277,415.5490431128388,1008.5099498790184,9288548.900980638,38437534.52475725,365805737.2039257
580,580,1.2300000000000002e+50,184000.0,0.04,36.736,16.975,19.761,False,0.654,-0.176,2011-12-07 04:22:15.146,O5,"['K1', 'L1', 'V1']",22.71704485573702,2.892981746314838,9.91330692959944,31.309905116594,16.386961089556877,43.74620730417416,108.39393587964514,2624.2722402960767,10860.046204628674,48536.53419600521
581,581,1.43e+51,9740000.0,1.34,62.644,17.268,45.376,False,4.571,0.517,2012-02-14 21:00:48.085,O5,"['H1', 'K1', 'L1', 'V1']",8.066980575112009,370.6489233456759,3295.0978289956006,24160.35711166699,254.53392338237109,677.4713622740003,1647.5690207770242,218298040.9555404,2243009410.997674,18027494624.292454
582,582,1.43e+51,810000.0,0.164,28.309,25.756,2.553000000000001,False,5.309,0.894,2012-01-15 16:04:36.810,O5,"['H1', 'K1', 'L1', 'V1']",10.26349487536607,8.51528956775752,36.67256279405318,404.7670683890335,110.725810031283,295.64862882353714,734.0879130561393,514922.4313454696,2812723.850634176,45129527.079400524
583,583,3.88e+49,794000.0,0.161,45.996,32.6,13.396,False,1.509,-0.552,2012-05-05 12:51:38.879,O5,"['H1', 'K1', 'L1', 'V1']",9.869630617467644,23.413328292551725,100.44378630165733,764.7203494588225,126.71256831467711,337.7609490293672,831.0391498168436,1786044.7884329434,8683055.194795353,92471334.4277096
584,584,2.63e+51,2140000.0,0.385,24.116,21.586,2.530000000000001,False,4.837,-1.256,2012-03-22 02:20:40.518,O5,"['H1', 'K1', 'L1', 'V1']",8.122397677262345,1722.7560051874652,8501.218618703995,30704.510214295944,167.899015244888,447.57416517317415,1098.807458754039,450245439.438616,2432680470.23643,9662985234.956017
585,585,3.58e+51,825000.0,0.166,32.758,6.077,26.681000000000004,False,4.355,-0.55,2011-10-09 10:29:37.500,O5,"['K1', 'L1', 'V1']",8.703933752713938,333.27758710818824,1210.6400396219,6285.1427997290375,134.78161891923878,358.71565839931566,874.4725584410523,24867292.21616321,105085153.16501604,686463350.6794444
586,586,1.3200000000000001e+50,873000.0,0.175,61.653,18.358,43.295,False,2.442,-1.0,2012-05-05 18:07:58.831,O5,"['H1', 'K1', 'L1', 'V1']",8.337511804002686,360.7212282088236,1764.0379749927242,17722.301732760916,164.14192558551213,436.5011238759356,1057.709074041326,65531181.83273013,385537682.8146263,4590746108.322906
587,587,6.61e+51,598000.0,0.124,38.375,13.314,25.061,False,1.814,-0.864,2011-12-27 21:12:49.726,O5,"['H1', 'L1', 'V1']",12.28052979240646,17.007667222339087,70.75706029454,265.7882384238362,85.47584154881758,227.71325230706145,556.642675813608,658139.3638661024,2880604.712512149,14700357.150016224
588,588,4.54e+48,421000.0,0.089,39.347,22.862,16.485000000000003,False,2.109,-1.326,2012-04-10 12:14:11.552,O5,"['H1', 'K1', 'V1']",11.75426803875225,2.3663841945425115,10.205680131777838,345.7378534429695,57.471745884063466,153.88014746005808,388.0967059100757,31384.39233780768,168727.60084594396,5642391.317661275
589,589,3.09e+49,706000.0,0.144,33.473,5.761,27.712,False,0.483,-0.847,2012-01-05 07:22:15.025,O5,"['H1', 'K1', 'V1']",8.229796702236841,32.504039788141334,159.67639274569734,3646.9172352830287,129.22618434305764,345.21097147535886,860.578073442723,1685862.9304234365,10729292.136609612,466436689.7482953
590,590,9.72e+50,1390000.0,0.265,23.548,15.29,8.258,False,2.202,1.21,2012-05-01 01:25:26.966,O5,"['H1', 'K1', 'L1', 'V1']",8.187947648648171,50.02902026670911,425.3627027729082,3285.9005290443274,172.47334995390383,458.74893354479786,1112.5637433026036,10547832.123963272,98590732.84310272,1015576870.7905674
591,591,1.54e+51,1090000.0,0.214,23.133,20.3,2.8329999999999984,False,5.213,-0.762,2012-07-20 15:28:22.210,O5,"['H1', 'K1', 'V1']",8.060318518339102,133.9056082465784,767.5991920337726,11472.706306394091,164.34479642600877,437.8699929577752,1070.9568432522992,12506295.30899793,93874070.799206,2367048495.772382
592,592,1.2199999999999999e+51,338000.0,0.072,76.892,8.891,68.00099999999999,False,5.912,-0.291,2012-08-09 18:51:39.199,O5,"['H1', 'K1', 'L1']",8.971501842622104,133.32245017496416,473.67668222245527,2134.7434895742704,126.26977446981346,332.23508521129366,777.8290864174065,5067064.90694559,23774719.089402605,151506991.0591061
593,593,1.55e+48,374000.0,0.08,58.054,27.901,30.153,False,3.452,-0.394,2012-06-21 00:36:34.263,O5,"['H1', 'K1', 'V1']",8.61252159923713,10.718110632641975,145.53993437348058,3258.863465851256,167.4253797695095,444.4597637652464,1031.6660685622903,274212.1225629297,9895591.33354497,499922144.0120924
594,594,2.86e+49,1400000.0,0.267,4.547,17.818,-13.271,True,5.881,-0.948,2012-08-20 15:59:14.846,O5,"['H1', 'K1', 'L1']",8.580815490674564,227.35696470650285,1010.4672376239196,3399.206191293905,187.4273741032356,491.7683505611752,1137.5964745808706,24757059.78462328,140082557.15671933,622152696.2673657
595,595,2.2599999999999998e+51,5070000.0,0.788,27.899,24.933,2.966000000000001,False,1.238,0.975,2012-06-11 10:11:36.441,O5,"['H1', 'K1', 'L1', 'V1']",8.069376875446377,754.6700814770053,4638.849245358958,25372.28559539624,202.2431811886595,538.4437340219145,1312.248954346038,291209985.1418329,2086319321.925164,12329435481.32982
596,596,8.339999999999991e+50,574000.0,0.119,67.028,6.059,60.96900000000001,False,1.82,-0.341,2011-11-08 21:55:56.858,O5,"['H1', 'L1', 'V1']",8.926389346658084,11.140304950199686,74.25416532629087,1010.2228384098725,136.3239763208701,362.8291340877258,882.7210628320618,1107772.924118186,9223166.407934267,151604963.12346637
597,597,1.05e+50,7660000.0,1.103,52.654,9.198,43.456,False,1.769,-0.617,2012-05-25 03:12:16.193,O5,"['H1', 'K1', 'L1', 'V1']",8.07810565469965,2105.2723100023272,9645.896221264453,29904.291618159685,229.29030798042163,611.5408184745295,1506.8937422654212,1247738444.193332,5746280157.594631,20601518110.73413
598,598,1.1299999999999999e+51,790000.0,0.16,37.539,18.574,18.965,False,4.631,0.886,2012-02-23 10:46:14.880,O5,"['H1', 'K1', 'L1', 'V1']",8.895384171703396,9.059581736344516,65.04335393253386,1089.4222362416594,142.91974519670794,380.9435011195342,934.4072341090038,1032693.776380201,9296740.653058046,220217465.17326543
599,599,1.06e+48,662000.0,0.136,46.107,13.829,32.278,False,4.41,-0.318,2011-11-11 09:11:32.762,O5,"['K1', 'L1', 'V1']",8.082316206713363,128.48976548723428,988.4228156955556,7418.768610226637,150.23811015806243,399.9619013045117,975.1714002137492,14052623.610741468,112648486.28822485,1090628238.3520746
600,600,9.09e+46,618000.0,0.128,42.778,44.752,-1.974000000000004,True,2.07,-0.357,2012-03-02 12:43:17.172,O5,"['H1', 'L1', 'V1']",9.367171349228654,7.979894244287664,30.016296267302085,214.0071939916056,112.675686879531,300.29164441004434,737.6655667529004,393669.0174872257,1838557.907597948,19275008.86936827
601,601,6.64e+49,402000.0,0.085,62.311,12.781,49.53,False,5.052,-0.457,2012-04-09 07:55:19.171,O5,"['H1', 'K1', 'L1', 'V1']",8.569588710820684,152.88563667995632,1363.4624150087593,11352.376473127577,191.7293494408512,514.924043598876,1213.7259016531707,16126684.835572692,243831310.90667263,2728818761.3741345
602,602,2.84e+51,14300000.0,1.831,86.469,11.364,75.10499999999999,False,5.939,-0.246,2012-07-04 16:23:43.731,O5,"['H1', 'K1', 'L1', 'V1']",8.009307504703111,2470.730062417063,10513.557902485338,32193.34537321032,287.84834348949926,767.204447361406,1881.884154851757,2424733342.368043,10752933353.878304,35488871331.88473
603,603,2.4399999999999998e+51,557000.0,0.116,42.156,38.019,4.1370000000000005,False,3.236,-0.267,2011-09-23 18:09:44.557,O5,"['H1', 'K1', 'L1', 'V1']",9.242950449234808,36.32085166424888,172.37263387143778,1169.0138873491562,142.18659950091774,378.264270279556,917.1096606922312,2660465.492404495,16605600.950995348,180035229.69079503
604,604,3.32e+50,709000.0,0.145,89.634,11.342,78.292,False,4.933,0.472,2012-04-22 11:21:10.731,O5,"['H1', 'L1', 'V1']",9.081627343326833,73.06432976654871,251.7638176206833,982.788807094904,143.09521406104295,380.63516918517655,922.6776308415792,7305704.8703471795,29421335.74349732,154227451.84407982
605,605,9.05e+48,3770000.0,0.618,85.437,8.51,76.92699999999999,False,1.836,0.542,2012-05-12 06:13:01.640,O5,"['H1', 'K1', 'L1', 'V1']",8.240523416856009,770.6050243589117,4579.7326979524105,25279.646059034512,206.26328565219703,549.933563633338,1347.6124637184798,292950827.19830924,1968849384.746612,11742970828.82848
606,606,1.1299999999999999e+51,416000.0,0.088,50.039,16.464,33.575,False,4.527,0.543,2012-02-14 13:05:45.457,O5,"['K1', 'L1', 'V1']",11.57729496543847,11.043455797639613,41.41878132431129,199.7814978577328,62.042579125077566,165.3185711250943,405.534008066366,218882.77931971656,955160.9891215024,6197815.003790855
607,607,3.58e+51,1030000.0,0.203,13.812,17.658,-3.846000000000002,True,4.243,-1.161,2012-01-17 20:59:55.274,O5,"['H1', 'K1', 'L1', 'V1']",9.439669934521092,31.501656841665955,213.4231478704773,7720.108147530909,182.78027058766963,486.05600466318856,1174.9502015621074,3786488.322237665,30937762.331140388,1961698380.951996
608,608,1.55e+49,761000.0,0.154,22.32,50.312,-27.992,True,4.026,-0.918,2011-11-15 06:53:00.526,O5,"['H1', 'K1', 'V1']",8.3553155957584,164.77717846152242,976.0748232497176,6359.271808245665,153.87682759650784,409.908168240299,1004.1879543210111,16845322.13024964,124711575.71055326,1112771610.4704378
609,609,1.81e+48,306000.0,0.066,48.998,12.421,36.577,False,1.684,-0.284,2012-09-09 01:59:16.801,O5,"['H1', 'K1', 'L1', 'V1']",15.58676806230917,1.665657488703595,4.920845185980072,16.019129143860727,44.15993744288357,117.54439302592324,286.3378910226837,14485.33675395417,51166.07008758098,229383.9554319049
610,610,1.1300000000000001e+52,200000.0,0.044,72.145,21.271,50.874,False,2.711,-0.28,2012-03-29 14:27:22.428,O5,"['H1', 'K1', 'L1', 'V1']",12.48459417931325,2.5807606508660923,8.264232538472202,28.56996129151465,59.32476388523008,157.87880397650957,384.13280858602747,41159.50718882411,153045.08941450206,742289.8030501358
611,611,7.719999999999991e+50,783000.0,0.159,33.008,11.542,21.466,False,2.917,-1.043,2012-08-08 09:16:26.634,O5,"['H1', 'K1', 'L1', 'V1']",9.963118886761174,42.61975945630901,183.164671293321,983.8593033523116,134.3204989452487,357.52463695637925,870.2366429007691,4155845.6888488126,19862972.70527003,141596375.636419
612,612,1.54e+51,432000.0,0.091,55.075,12.33,42.745000000000005,False,5.421,-0.917,2012-07-28 12:05:17.875,O5,"['H1', 'K1', 'L1', 'V1']",11.22334671949802,1.4907208139227257,4.802745448891462,17.041985477571604,68.47877955681986,182.30802489595845,444.59128656748334,36460.01626813239,139250.1143258346,693920.5056424196
613,613,9.03e+49,336000.0,0.072,75.481,13.588,61.893,False,2.878,0.854,2011-12-01 00:34:20.979,O5,"['H1', 'K1', 'L1', 'V1']",9.340324517387442,26.819169755301363,242.4861884568251,2836.394765611626,132.31005893771396,355.9373761131273,947.3970141810104,1093314.0331816785,13880798.587060375,351884827.6613836
614,614,1.2300000000000002e+50,707000.0,0.144,44.375,10.107,34.268,False,3.034,-0.305,2012-07-15 12:24:22.821,O5,"['H1', 'K1', 'L1', 'V1']",11.35420647657639,10.752224456514195,37.75383724699569,210.2830663124936,83.14225136871573,221.39217040980407,540.654804122785,375763.86967064673,1587059.3945848644,11422336.116374684
615,615,3.07e+51,722000.0,0.147,18.48,15.322,3.1580000000000013,False,3.819,0.048,2011-12-13 17:18:04.463,O5,"['H1', 'K1', 'L1', 'V1']",10.81852770967914,14.339605095414118,54.67308236211958,233.80259053160967,87.52197682485087,233.0053216469203,568.2974706453615,529590.9099367809,2298362.6319375257,11731230.487786047
616,616,1.9399999999999998e+51,977000.0,0.194,11.899,10.44,1.4589999999999996,False,1.812,0.745,2012-07-09 12:20:25.841,O5,"['H1', 'L1', 'V1']",10.297354607015,2.577747800597436,8.912102588315328,39.749193385138405,80.73283771648312,215.01989493325232,525.7873473793829,92198.65194692885,392919.81905550975,2324126.99022837
617,617,3.58e+51,450000.0,0.095,13.986,52.988,-39.002,True,0.821,-0.026,2012-01-15 15:41:22.159,O5,"['K1', 'L1', 'V1']",13.57166834935591,15.624228501583392,64.3186508262016,309.49013467986686,42.07352866482762,112.06360338111858,273.94256161187343,108747.1453474346,533005.9413047855,3036260.5551332254
618,618,3.58e+51,199000.0,0.043,83.547,9.148,74.399,False,1.394,-0.225,2012-07-04 03:01:20.073,O5,"['H1', 'V1']",9.2604518239464,68.76380821942259,271.33315040890443,1763.606766086819,89.52334008163581,237.79951666730324,575.0803529959535,1964016.273123633,8222216.85696697,63402090.16376823
619,619,8.38e+48,338000.0,0.072,32.776,11.999,20.777,False,4.349,-0.588,2011-09-15 22:18:10.820,O5,"['L1', 'V1']",9.601017688305902,38.25763047186722,270.64751664782096,4258.07508654397,94.6251755477286,259.6668135187026,648.7261853652071,402261.4333452405,6179935.399624223,174001399.18193042
620,620,1.43e+50,1020000.0,0.201,14.878,8.351,6.526999999999999,False,5.774,1.018,2012-08-30 23:08:07.982,O5,"['H1', 'K1', 'L1', 'V1']",8.607148624619073,4.990035944450361,26.866474186330603,1595.3600719730775,140.88539006414155,377.86444600901393,968.5246366944616,406248.5082137029,3124076.7313809274,288245125.85026616
621,621,3.09e+49,10100000.0,1.38,47.496,16.43,31.066000000000003,False,1.415,1.027,2012-03-04 08:59:45.667,O5,"['H1', 'K1', 'L1', 'V1']",8.338896985798288,3639.5827338405898,13195.678879737512,33491.03175153384,222.82373248223485,593.8189866062376,1456.2449456142338,2394974587.125968,8771392124.448885,25162994060.48199
622,622,2.4399999999999998e+51,711000.0,0.145,37.28,24.347,12.933,False,1.105,-1.139,2012-03-10 02:45:01.175,O5,"['H1', 'L1', 'V1']",9.075681806107534,11.256922039428224,54.595758119754834,835.2854959722328,156.7139406081037,423.5305605395951,1041.0204260507576,460890.6365188606,4125614.3427069634,138234591.37194008
623,623,1.9399999999999998e+51,678000.0,0.139,23.632,20.426,3.206000000000003,False,2.142,-0.13,2011-10-25 15:32:10.148,O5,"['K1', 'L1', 'V1']",9.19154536938667,42.43096617214879,150.26258964303713,908.3485981806882,91.47223527500296,243.77269696265552,598.9275575647612,1156974.61242613,5283545.266661314,47277623.90349604
624,624,1.8e+49,503000.0,0.105,35.822,28.305,7.517000000000003,False,3.37,0.608,2011-11-03 15:07:29.026,O5,"['H1', 'K1', 'L1', 'V1']",12.88392873170956,13.512332895206288,43.8140930367498,212.79902717272685,75.87806620717913,202.14965932866505,494.5672409215735,339230.1475134316,1363653.1434650556,8299425.544668696
625,625,1.3199999999999999e+51,667000.0,0.137,66.672,8.121,58.551,False,5.668,0.537,2012-07-20 06:40:42.155,O5,"['H1', 'K1', 'L1', 'V1']",8.682746628026532,523.0380890289853,3672.442264507348,26494.609193935168,160.2264170060148,427.2042772058458,1042.5442106348412,82238744.98771194,703134220.1062757,5637906761.954697
626,626,3.07e+51,523000.0,0.109,49.498,20.396,29.102,False,4.715,-0.073,2012-02-28 16:14:18.380,O5,"['H1', 'L1', 'V1']",9.662859020431632,21.56850176570063,65.20624544463762,193.20085808343669,91.08024232151854,242.5782349110248,593.6273592457121,735274.8043030304,2530060.7348176595,11183872.842103709
627,627,1.06e+48,546000.0,0.114,60.514,39.954,20.56,False,5.327,0.988,2011-12-31 18:19:56.896,O5,"['H1', 'K1', 'L1', 'V1']",9.471077425507698,5.450026784986552,21.72245795127052,363.84535885284834,127.30694494822365,339.4732022812234,835.4991059850848,457003.4445309576,2223466.804706669,58469358.89368036
628,628,1.54e+51,371000.0,0.079,55.645,12.05,43.595,False,5.321,-0.87,2011-11-11 19:36:20.841,O5,"['H1', 'K1', 'L1', 'V1']",9.372519924818455,2.7769045156871828,8.417386955627162,33.87663223438312,93.15976260972354,248.2865060154802,611.2993036973147,97711.9975589252,362923.366356869,2323522.2542766607
629,629,2.6400000000000003e+50,856000.0,0.172,42.443,8.337,34.105999999999995,False,3.813,1.111,2012-08-20 18:22:11.012,O5,"['H1', 'K1', 'L1']",8.537234385333928,246.22231769768143,801.1116482939003,3358.9937596326386,157.10952351691503,417.5794691186904,1006.155041453468,31190617.153385133,111614460.61750636,563165032.2299764
630,630,3.3300000000000003e+49,556000.0,0.116,14.535,11.19,3.3450000000000006,False,1.854,-0.236,2012-06-03 03:55:03.634,O5,"['H1', 'L1', 'V1']",11.52423352059041,2.2452713541060283,7.362878166631647,30.17323847529613,50.282238697585456,133.98931614778525,328.73360407116564,25511.144485924164,98089.5722689217,529645.2030723459
631,631,2.63e+51,2340000.0,0.415,24.018,20.239,3.779,False,1.766,-0.395,2012-01-05 17:02:16.869,O5,"['H1', 'K1', 'L1', 'V1']",8.25837284337508,85.83070474998256,369.3037631718748,3420.1859346918936,180.9251499743391,481.40670357124895,1169.2846061024484,18804443.19106727,100118109.08824228,1150808438.9159353
632,632,3.3300000000000003e+49,647000.0,0.133,12.434,25.771,-13.337000000000002,True,0.109,-0.058,2012-01-13 01:26:52.813,O5,"['H1', 'K1', 'V1']",9.278112628573409,65.3612842092642,274.7840086724798,956.641918680867,107.90240882676812,287.7211967433825,710.7694118807884,2551239.564052471,12888832.529785397,70447257.61737531
633,633,4.520000000000001e+50,822000.0,0.166,50.49,6.945,43.545,False,4.72,0.482,2011-12-04 21:07:25.722,O5,"['H1', 'K1', 'L1', 'V1']",9.132413323349168,32.92147561289421,184.79495541369008,1183.3190764921358,152.3089139649103,405.27588869674776,984.738601826928,4784157.326383778,31074817.34580456,246711697.21757087
634,634,1.1400000000000001e+49,286000.0,0.062,36.348,20.167,16.180999999999997,False,1.889,0.44,2012-06-10 15:06:36.786,O5,"['K1', 'V1']",15.2064157417232,69.81652717184184,218.87895838325656,652.4479342636238,30.70562043191319,81.7997328442232,200.36879965297427,150572.9124459827,582400.0837898209,2364167.980511196
635,635,5.71e+48,1120000.0,0.219,26.165,19.228,6.936999999999998,False,6.118,-1.008,2011-12-19 14:55:10.225,O5,"['H1', 'K1', 'V1']",8.048236930977716,547.9460180634386,2993.6947809323515,16031.209910065165,179.9125744056348,478.2746830726087,1156.660869352664,81335415.86421706,545455354.7323083,3991959279.6884775
636,636,2.84e+51,2810000.0,0.484,75.967,8.859,67.108,False,5.397,-0.664,2012-01-10 02:06:09.988,O5,"['H1', 'K1', 'L1', 'V1']",8.143362153389111,1074.737968390502,6239.796600283049,27534.52770439332,184.4910827141391,491.86866776707234,1206.7405300142505,288410900.70262504,1902090261.9054344,9527047214.101776
637,637,8.36e+49,424000.0,0.09,20.375,6.626,13.749,False,4.98,1.086,2012-04-03 10:34:36.941,O5,['H1'],11.08755611935686,2875.641053995661,8634.070968548122,25208.5195517355,69.2980048062409,182.3610665329146,424.44888345313166,37884454.52353917,101675034.86511444,259463094.6927573
638,638,1.56e+47,518000.0,0.108,40.634,13.123,27.511000000000003,False,5.984,-0.431,2011-10-14 12:29:15.594,O5,"['H1', 'L1']",11.935394629208,103.5020184237251,331.9095828007533,1279.4308641971345,60.67350056180197,161.69082156543408,393.3302095292489,942532.5522526476,3925211.92482239,20577255.93125968
639,639,1.81e+48,751000.0,0.153,41.467,15.931,25.536,False,5.763,0.173,2012-06-27 03:01:44.368,O5,"['H1', 'K1', 'L1', 'V1']",8.012505542739257,1175.461456105943,8627.306055207091,30723.645993835697,139.4622129249176,372.01648629668057,916.1652468525964,231108337.4702485,1713276168.630896,6711574560.298814
640,640,1.9399999999999998e+51,286000.0,0.062,41.88,6.01,35.870000000000005,False,5.22,0.035,2012-06-04 08:18:57.054,O5,"['K1', 'L1', 'V1']",17.89083419825257,9.862380932075428,30.213049922293006,92.16186675532352,27.829567478861065,74.21129555315812,182.93035260663345,29099.967815605545,100442.83624366092,419892.028188259
641,641,1.8e+51,250000.0,0.054,80.169,20.897,59.272,False,1.205,-0.399,2011-11-09 15:20:17.543,O5,"['H1', 'K1', 'L1', 'V1']",9.365440208636272,6.143262839330933,41.99904158657069,1128.8657427052094,130.98413178820783,348.9489123360021,854.334258308803,451996.72691324895,4334362.0425955765,144991146.89701357
642,642,1.95e+49,188000.0,0.041,63.763,12.723,51.04,False,5.653,0.775,2012-07-26 10:41:53.568,O5,"['H1', 'L1']",20.38135837494868,21.914097626543864,69.02465400615316,239.3970683253793,31.61267144421496,84.36202382147448,209.3961093953785,62098.46172679225,211270.3473363585,829961.478571737
643,643,2.63e+51,805000.0,0.163,17.487,10.801,6.685999999999998,False,6.176,-1.381,2012-08-25 18:19:20.074,O5,"['H1', 'K1', 'V1']",8.057206752867042,75.93530378305189,556.664430072213,6851.234919914747,156.97702815627292,417.941584762964,1020.1421995361308,6013817.741347337,59065816.15466482,1216257824.7568448
644,644,2.4399999999999998e+51,314000.0,0.067,22.017,10.182,11.835,False,5.891,0.574,2012-08-11 16:36:45.910,O5,"['L1', 'V1']",10.06179278423026,59.50226996367312,246.51082550349813,1681.1641524197971,75.63873568782503,205.3508630455841,529.7181535902657,556919.2313170099,2947209.0539763137,49602280.60747438
645,645,1.67e+50,7540000.0,1.089,71.052,11.563,59.489,False,2.594,0.014,2012-08-14 14:13:43.292,O5,"['H1', 'K1', 'L1', 'V1']",8.10223636219776,408.3532139077449,2447.985653900855,20558.0243755672,247.31042805134464,658.1987088511769,1600.3738979709728,194469614.9095924,1418706844.370527,13649757136.452955
646,646,8.339999999999991e+50,248000.0,0.054,42.339,12.755,29.584,False,1.878,-0.246,2012-02-22 08:24:14.991,O5,"['H1', 'K1', 'L1', 'V1']",18.40801191172715,0.7557518325020895,2.373841693858569,8.301174313534233,25.373734936044684,67.65051954439912,166.638977505756,2075.494959674841,7736.188660854415,36442.242499388536
647,647,1.3300000000000002e+49,785000.0,0.159,36.794,16.775,20.019,False,1.891,-0.32,2012-08-22 14:35:15.104,O5,"['H1', 'K1', 'L1', 'V1']",8.767960171295389,60.69438279815773,258.4325456708397,1162.6170586087237,136.27456249345084,363.27957852792406,891.5937914986422,4136626.631244246,21401817.74902148,150908943.9474916
648,648,9.749999999999987e+49,274000.0,0.059,36.842,30.216,6.625999999999998,False,1.308,0.497,2012-06-12 01:44:55.162,O5,"['H1', 'K1', 'L1']",10.7236184342429,6.140488676209435,19.045163428297727,62.69851261064069,44.11529725033358,117.677770284803,290.3784576451048,37284.88313400269,139890.79086113675,664561.202747515
649,649,5.26e+50,693000.0,0.142,35.675,15.701,19.974,False,2.069,-1.278,2012-02-15 09:13:52.426,O5,"['H1', 'K1', 'L1', 'V1']",8.148326964354307,57.8554510315082,1749.5286031873925,22164.87261209168,158.89756164845278,421.6542200507731,1010.4702595753644,8316706.427410415,298422208.2713852,4409600095.133413
650,650,1.2199999999999999e+51,433000.0,0.092,38.81,32.001,6.809000000000005,False,2.44,0.956,2012-07-18 12:12:02.366,O5,"['H1', 'K1', 'V1']",9.376800341597262,18.222081080649662,91.30682661885731,1010.276087646682,84.8230426362702,227.780788367348,581.8894097417026,348893.2805883917,2511141.846212484,41084238.00714769
651,651,2.2600000000000003e+50,872000.0,0.175,8.895,17.797,-8.902000000000001,True,3.025,-0.02,2012-05-31 13:15:02.614,O5,"['K1', 'L1', 'V1']",8.882959055279564,40.88067818357585,142.9378464937128,2106.75180953784,116.19282837670164,310.3604565662024,772.9193162271486,2052554.1340710907,8846208.151383495,224249556.8126933
652,652,4.5000000000000006e+51,182000.0,0.04,37.82,11.545,26.275,False,4.746,1.209,2012-01-29 04:47:55.560,O5,"['H1', 'L1', 'V1']",25.12710995022514,0.3043836951203306,0.9558572548748546,3.3475266152413385,17.536545260506614,46.69021836672263,113.90352358194755,245.082376540218,909.3601818032336,4278.651022285645
653,653,1.0499999999999999e+51,432000.0,0.091,36.779,13.32,23.459000000000003,False,0.099,-0.431,2011-10-21 12:32:32.853,O5,"['H1', 'K1', 'L1']",9.675076647354045,8.857173661164248,41.70971238498091,820.7535872658343,82.03440272635225,221.34683345792524,582.0543111663915,180864.78109260887,1137144.7241850568,43613370.53037514
654,654,5.26e+50,615000.0,0.127,37.215,21.206,16.009000000000004,False,0.751,0.796,2012-07-06 13:20:58.213,O5,"['K1', 'L1', 'V1']",10.25227660579528,43.3166870876096,234.4668080982105,2364.303534188677,100.69106651222717,267.98727848034423,654.131133719352,1993180.435609973,11844383.509035733,144845678.26881897
655,655,5.680000000000001e+50,575000.0,0.119,47.775,11.035,36.74,False,0.779,-0.346,2012-04-17 10:59:06.016,O5,"['H1', 'K1', 'L1', 'V1']",8.145154285793424,60.23168442363646,259.84005197435044,1535.5949132354308,153.99075985378374,409.6450019796714,994.0294372828216,8836553.444631591,43426228.3058926,353066364.91249883
656,656,4.1699999999999995e+51,764000.0,0.155,39.108,19.335,19.773,False,0.413,0.261,2011-11-27 21:45:52.148,O5,"['H1', 'K1', 'L1', 'V1']",8.559082530557962,90.06858237406513,463.35079811245873,4641.967575436619,173.83512541251253,461.9418762052853,1113.8819782001056,13291262.470786557,85838854.33529708,1187451144.729169
657,657,4.8800000000000005e+50,220000.0,0.048,73.513,8.556,64.95700000000001,False,5.712,-0.428,2012-02-08 16:30:02.259,O5,"['L1', 'V1']",9.739405258005204,185.61711800882705,954.4761803818808,4815.812664783794,89.39380278357379,236.77732814175303,565.6462637372822,4058615.142229795,25221254.577074923,163434751.37634164
658,658,2.85e+50,3590000.0,0.594,59.665,23.061,36.604,False,4.124,0.356,2011-11-06 06:22:54.469,O5,"['H1', 'K1', 'L1', 'V1']",8.221544004734506,720.9298815817613,5514.184230706006,28333.9621728024,196.28219340913645,523.7189011904661,1287.060707694182,249464555.6466656,2155767938.680686,11611692365.96444
659,659,1.66e+51,1130000.0,0.221,56.919,17.669,39.25,False,2.891,0.853,2012-03-04 07:40:40.833,O5,"['H1', 'K1', 'L1', 'V1']",8.287429425015098,167.07786850409212,827.7632183226149,6913.914954913612,162.74284575374372,432.9923192603221,1051.9830330084114,32499242.3648568,190339156.9215159,2078816684.9412904
660,660,1.0499999999999999e+51,930000.0,0.185,38.446,16.401,22.045,False,3.055,0.316,2012-09-10 16:30:49.036,O5,"['H1', 'K1', 'L1', 'V1']",8.00514333990728,94.35792383832164,711.560350248232,6455.1113912882,158.0449997717319,420.16463366740345,1015.9674571813962,14946889.654897273,125587895.292746,1526304728.728814
661,661,2.46e+47,774000.0,0.157,20.366,9.15,11.216,False,1.769,-0.436,2011-11-15 02:41:42.487,O5,"['H1', 'K1', 'L1']",8.668898159964707,61.25778975918477,211.3396083832241,1453.1518740895206,126.5530960088812,339.731377827473,868.9596223150374,2605895.4384655384,12336417.190431992,161798654.53298506
662,662,1.05e+50,1880000.0,0.344,23.869,12.373,11.496,False,2.213,-0.787,2012-08-07 01:00:07.147,O5,"['H1', 'K1', 'L1', 'V1']",8.710731916332652,13.345639439150998,60.24173468372569,2869.992642879193,174.57336962145973,464.6167785137415,1128.468328635858,1980933.503851572,12537235.408706708,894192450.671417
663,663,5.680000000000001e+50,390000.0,0.083,19.477,17.653,1.8240000000000016,False,0.872,-0.579,2012-03-19 21:00:55.415,O5,"['H1', 'K1', 'L1', 'V1']",12.68260820020084,1.2899394460647169,4.718274913314253,22.632153654932218,46.91952476995357,124.94175011587924,305.13188604495633,13023.57850200804,58194.86427176952,367779.4467939495
664,664,9.77e+48,606000.0,0.125,20.145,11.958,8.187,False,5.714,-0.198,2011-11-30 21:45:41.203,O5,"['H1', 'K1', 'L1', 'V1']",9.080066671998438,21.551619171171563,85.84652710607327,457.6310888982898,110.59843075166587,295.03799227696425,729.6189560939565,1113402.2225333652,5463811.22669756,42792133.05922282
665,665,3.08e+50,1520000.0,0.287,40.137,13.789,26.348,False,3.335,-0.38,2011-10-24 04:14:52.280,O5,"['H1', 'L1', 'V1']",8.81160963709481,116.78778817375738,395.1812707397926,1901.739447958608,172.91339869275384,459.8924822195636,1114.387031636543,18562466.66093088,75334519.59599487,496619205.6694036
666,666,2.11e+48,371000.0,0.079,30.23,11.124,19.106,False,1.658,0.381,2011-11-05 11:46:37.245,O5,"['L1', 'V1']",13.1151677976925,70.82602939282664,415.6764715605742,2344.471450810688,55.53921361035799,147.71034634820347,358.5255011367177,712672.5990650307,4307620.924310022,30278420.314685225
667,667,7.22e+46,503000.0,0.105,33.164,18.153,15.011000000000005,False,5.03,-0.841,2012-02-16 19:18:48.822,O5,"['H1', 'K1', 'L1', 'V1']",8.494987224607625,260.0142627836042,971.0664130608563,7431.061950768705,161.07479173772003,428.2982283268318,1032.088666713917,16748964.603429336,85695180.2508781,1242115811.5370183
668,668,3.88e+49,206000.0,0.045,48.158,13.577,34.581,False,5.292,0.896,2012-07-25 16:07:45.423,O5,"['H1', 'L1', 'V1']",16.66252591462507,1.4964738455095965,4.646384732009892,15.593541150891976,26.916070003262263,71.67877369343637,175.04465062091617,3668.4224656937736,13439.36650905177,60772.67988564622
669,669,9.77e+48,12400000.0,1.63,48.669,9.696,38.973,False,4.689,0.663,2011-10-19 19:48:55.351,O5,"['H1', 'K1', 'L1', 'V1']",8.04469580724751,1921.302585732336,9295.405451334618,31360.29250078921,273.2416420974396,727.8630658030302,1779.5486968131784,1491215134.4924288,7800335096.684305,28671087803.68231
670,670,2.1e+49,782000.0,0.158,8.23,26.217,-17.987,True,5.078,0.049,2012-01-22 21:15:58.726,O5,"['H1', 'K1', 'V1']",8.522423379490773,137.98772806989288,448.1649792139759,1612.8930600061776,130.24661180953467,347.5687856219149,862.0630439076565,7294626.743534367,29131904.924132787,192683942.12743345
671,671,1.0499999999999999e+51,415000.0,0.088,84.143,12.382,71.761,False,2.687,0.605,2012-01-03 05:22:55.308,O5,"['H1', 'K1', 'L1', 'V1']",10.08414903135466,13.605784006153012,50.52251923576651,278.700904540475,116.60124772577537,311.5191271301253,769.2774121432589,406536.2322866084,2079182.900361223,22602617.95217764
672,672,1.14e+50,773000.0,0.157,60.302,20.381,39.921,False,0.601,-0.639,2012-06-16 01:29:31.658,O5,"['K1', 'L1', 'V1']",8.779053967390146,202.87185162573945,1186.6012656645214,7642.594388110597,138.9609004931341,370.0420590824007,904.9387183616876,13080456.36095024,93428856.42740697,861576415.7493372
673,673,9.749999999999987e+49,337000.0,0.072,61.634,17.324,44.31,False,1.338,0.419,2012-01-26 05:53:26.718,O5,"['K1', 'L1', 'V1']",9.78130870887044,219.5354767360016,1054.8820526524162,5357.044496539618,98.59324113022706,262.24287152209814,636.6242949878365,8457908.533503914,40404660.9106434,245360062.6311773
674,674,7.77999999999999e+47,703000.0,0.144,19.788,6.311,13.477,False,4.106,-0.816,2011-10-02 02:02:16.594,O5,"['H1', 'K1', 'L1', 'V1']",8.89002156938819,1.5488274009892484,5.578091302522251,42.16166918047568,99.03194950296596,264.5605264412775,663.2068419198201,58192.49924742888,265981.11653061624,3288316.9745047693
675,675,4.5000000000000006e+51,559000.0,0.116,18.389,6.962,11.427,False,0.292,-0.412,2012-04-18 09:33:55.022,O5,"['H1', 'K1', 'L1']",10.56180840822135,81.38953434598132,271.29848299517386,1191.003242809683,96.99202384292003,257.96776241403893,625.028791474607,3139229.0391545547,11732778.639511174,60850971.50963594
676,676,2.1e+50,1270000.0,0.245,0.706,9.227,-8.521,True,3.673,-0.413,2012-02-12 09:31:17.353,O5,"['H1', 'K1', 'L1', 'V1']",8.037240379232907,1124.305367177881,7450.175605765345,29449.20344476416,152.22511148497392,406.2226158351032,1001.898826278939,231515967.5686099,1614642200.69808,7261400504.348498
677,677,4.5000000000000006e+51,417000.0,0.088,58.867,18.551,40.316,False,2.952,0.323,2012-05-07 04:02:13.085,O5,"['H1', 'K1', 'L1', 'V1']",12.10373859207678,4.3717270059566,14.320559995072896,69.03087290006057,80.37778760318793,214.07279434159352,523.3644637614086,136566.70667083736,538053.4451738276,3885270.679255396
678,678,2.28e+48,13900000.0,1.789,52.391,10.651,41.74,False,0.698,0.743,2012-08-25 17:28:30.418,O5,"['H1', 'K1', 'L1', 'V1']",8.091123499122565,2462.651619367537,10342.117260937604,30933.23466083929,276.68636099253126,737.264250758582,1806.505159678324,2038858750.3993225,9002571025.857231,30913207452.1504
679,679,3.6e+49,904000.0,0.181,43.355,11.057,32.297999999999995,False,0.841,0.519,2012-04-03 21:46:40.480,O5,"['H1', 'K1', 'L1', 'V1']",8.950139468701174,120.26391339683776,427.41897380884814,1626.635195377088,153.52162085691896,408.4972837081191,992.6939320289164,16793433.483895738,69509007.96968529,347863664.83684534
680,680,4.520000000000001e+50,231000.0,0.05,58.385,9.944,48.441,False,1.902,-0.057,2012-04-24 22:18:04.511,O5,"['H1', 'K1', 'L1', 'V1']",16.32951709930743,2.2675370351256947,7.333343809971557,25.134839799833813,33.96352231700689,90.4313617226577,220.6768020537941,12848.971062851371,48706.4158368282,220694.40704608403
681,681,3.09e+49,1270000.0,0.245,10.771,10.576,0.1950000000000002,False,5.734,0.608,2011-10-02 04:45:25.282,O5,"['H1', 'L1', 'V1']",8.506712310390533,53.567646028086365,250.2136425665412,1258.7541093752518,153.35279529867012,408.2315213291487,994.4128013930753,7604302.507437443,41024637.26070479,268354938.29121333
682,682,1.54e+51,216000.0,0.047,27.432,15.252,12.179999999999998,False,0.624,0.099,2012-02-29 20:38:07.636,O5,"['H1', 'K1', 'V1']",17.40491011450021,2.586518098209941,8.104472270899103,28.62417179763221,21.370077581772563,56.943036606958856,139.58025078588574,3877.730615596938,14323.311218154136,67538.00482109387
683,683,1.14e+48,753000.0,0.153,52.5,24.184,28.316,False,4.833,-0.504,2012-04-15 00:15:09.597,O5,"['H1', 'K1', 'L1', 'V1']",8.935882653330577,26.87028325298292,103.30830570944146,655.3391831880148,141.99172716678663,377.72415491735705,916.7769064557104,2894440.239817563,13055403.77707488,114570214.43075888
684,684,1.67e+50,547000.0,0.114,47.516,17.295,30.221,False,3.107,1.353,2012-08-15 23:15:57.245,O5,"['H1', 'L1']",9.105533323129308,197.23679703713952,648.1717878365793,2046.1783554459505,121.96649355744488,322.19402315323697,763.9253735578443,6775859.976431681,29307522.70926244,135903693.2331322
685,685,1.79e+52,924000.0,0.184,29.477,16.867,12.61,False,4.224,0.739,2011-10-26 00:50:02.529,O5,"['H1', 'K1', 'L1', 'V1']",8.41821608593778,51.19671762278678,258.9265394996104,2836.2404215407755,165.24536794364303,439.1300918863613,1058.6341436244563,6675794.731605397,40532455.97801812,676973411.2668728
686,686,7.719999999999991e+50,705000.0,0.144,3.22,10.807,-7.587,True,3.905,-0.519,2012-08-31 12:02:53.571,O5,"['H1', 'K1', 'L1', 'V1']",14.35789678267408,26.06747960834701,98.36513776374376,397.30906159995465,85.0251539511159,223.15935894628376,509.5395051573213,600526.2027015458,2257970.1770262653,10612422.95300184
687,687,1.06e+48,614000.0,0.127,43.516,14.336,29.18,False,4.263,0.025,2012-04-30 00:09:45.157,O5,"['H1', 'K1', 'V1']",8.84183792514148,38.32418310723106,130.56938756357135,811.3902111234528,104.28154962369172,278.8977112791541,705.7631697515649,1513644.7299098964,6491129.950664729,65998237.99745287
688,688,1.94e+50,972000.0,0.193,15.23,15.961,-0.7309999999999999,True,2.789,-0.574,2011-09-21 07:11:03.745,O5,"['H1', 'K1', 'L1', 'V1']",10.21688032160711,49.33697310397109,187.127254489952,877.6939312526122,134.3339243192413,357.478625265584,868.3661634707278,4419548.1117622005,19768383.785028823,114463650.31789702
689,689,4.2000000000000003e+48,710000.0,0.145,23.619,11.393,12.226,False,3.106,-1.525,2012-09-06 18:57:44.098,O5,"['H1', 'K1', 'L1', 'V1']",10.15061185238888,2.911431610742867,12.96113812723064,63.37220230011675,90.35480457486062,240.66645771044057,589.1318686225123,108440.53583462324,562225.8026380829,3822962.783867913
690,690,1.95e+49,1210000.0,0.234,4.027,9.27,-5.242999999999999,True,3.087,-0.465,2012-06-26 11:59:43.263,O5,"['H1', 'K1', 'L1', 'V1']",9.142499398568644,33.46535118974413,158.43511299923844,838.8682971454939,152.17204550378108,405.0728540779476,986.4020226756086,4764463.141977357,25508045.416465327,176413082.9475276
691,691,7.150000000000001e+50,786000.0,0.159,31.65,8.222,23.428,False,3.33,-0.792,2011-12-12 05:20:00.942,O5,"['H1', 'K1', 'L1', 'V1']",9.326079273531652,31.084610423723625,159.12681380436774,1313.8546535418182,155.47235167693668,414.4476340954965,1024.0406236353754,3611550.268210351,20545426.504037824,234705814.5607627
692,692,3.58e+51,378000.0,0.08,81.988,39.797,42.191,False,1.837,-0.082,2012-02-02 07:06:50.824,O5,"['H1', 'K1', 'L1', 'V1']",8.97767762901886,43.68987889106618,167.6430397486965,1272.379414935015,134.59369508620512,358.9472292851673,878.9428072435746,2722104.8819633983,13969432.839477297,180790322.94536784
693,693,1.54e+51,730000.0,0.149,20.265,26.513,-6.248000000000001,True,0.022,-0.836,2012-06-15 04:07:20.106,O5,"['H1', 'L1']",9.827734407055464,142.85736633938643,460.49909950852384,2017.482831014168,102.11010412110602,270.72087645256767,648.4804198497202,5431748.468514645,18598072.662002902,94671402.00664444
694,694,4.21e+47,773000.0,0.157,37.891,22.004,15.886999999999995,False,5.232,-1.161,2012-08-08 17:21:37.891,O5,"['H1', 'K1', 'V1']",9.55851503895278,491.55614071329336,1586.4301791318323,6165.662356545475,141.08818358108738,375.4994356198479,914.2161463407684,36452977.41534169,142310846.75842005,721186245.9969319
695,695,9.72e+50,604000.0,0.125,42.341,13.013,29.328000000000003,False,5.304,1.195,2011-10-30 19:35:13.278,O5,"['H1', 'K1', 'L1', 'V1']",11.04548231821691,1.160284380804799,4.056018066146021,27.5337034091934,74.7890939347883,199.6849134645932,496.9952254684689,32830.49601602763,141390.67805186947,1479320.3400623987
696,696,2.1e+49,511000.0,0.107,37.822,26.481,11.341,False,2.59,-0.425,2012-02-22 23:20:32.839,O5,"['H1', 'K1', 'L1']",8.924517036925767,18.86705587192324,94.82768407432977,571.2118197791739,101.02696794238511,272.2289476594447,682.0062146066825,415033.82818660815,3425360.4995626174,36444197.59819463
697,697,3.6e+49,2130000.0,0.383,5.556,5.938,-0.3819999999999997,True,0.861,-0.448,2012-02-27 06:33:55.540,O5,"['H1', 'K1', 'L1', 'V1']",8.245660416713825,93.30246306405476,1258.155838694351,17762.34215495015,191.3754445331881,508.49893285471353,1226.9047546732968,22366532.920490265,357392800.568657,6216141059.209391
698,698,1.8e+50,516000.0,0.108,21.933,11.044,10.889,False,2.484,0.258,2011-11-08 23:58:05.084,O5,"['H1', 'V1']",8.196163328775638,363.7579855128554,1486.576208754127,7279.420661980735,132.6640828897614,352.8589435244371,858.0647472517451,20331033.42763626,98876306.18644156,693802036.321444
699,699,7.17e+49,868000.0,0.174,30.015,23.147,6.868000000000002,False,4.139,-0.822,2012-02-20 03:37:50.539,O5,"['H1', 'K1', 'L1', 'V1']",10.17117316215379,26.612372193298576,84.60141084368308,334.6427804017416,112.55597741207566,299.5546565482145,728.8480399958444,1533127.8321742637,5845927.379011918,31966268.28641303
700,700,3.34e+48,507000.0,0.106,41.682,18.968,22.714,False,1.253,0.04,2012-08-06 05:03:42.377,O5,"['H1', 'L1', 'V1']",9.751789506363652,13.600406062045678,42.09728996996638,174.14241567460968,83.11840814486266,221.43572801896016,542.9758128052484,357058.5298878163,1367117.6691048336,8459561.06498374
701,701,8.339999999999991e+50,551000.0,0.115,60.965,11.991,48.974,False,1.356,-1.04,2012-08-24 09:17:41.420,O5,"['H1', 'K1', 'L1', 'V1']",8.690027471029635,3.567942500663197,19.04381795970608,3536.779878546551,160.12207935359675,427.4503783056919,1041.982393113826,269089.4241182401,2116429.263744803,752285616.4733249
702,702,7.19e+48,987000.0,0.196,17.765,9.871,7.894,False,4.304,-1.204,2012-01-22 04:12:41.227,O5,"['H1', 'L1', 'V1']",10.00349670482531,3.2676295070441888,13.288122441516878,288.4227370911896,110.9500920825118,295.67561593816106,725.6405521800305,192620.85176186,1011273.9479808272,28489876.7137684
703,703,1.43e+50,252000.0,0.055,9.364,9.26,0.1040000000000009,False,3.271,0.368,2012-06-12 17:32:11.343,O5,['L1'],12.1938415937238,2861.0263665764896,8594.433215797864,25141.042430045152,62.69528868353183,164.93732661690774,383.2854239984596,29339863.401315387,78706334.36687239,200318998.15275145
704,704,3.07e+51,907000.0,0.181,43.133,10.785,32.348,False,2.016,-0.198,2012-01-04 18:10:05.184,O5,"['H1', 'K1', 'L1', 'V1']",8.024444609723501,30.08477002929264,154.2668382168973,3643.023540135327,156.15615563693484,415.1354679755809,1003.5457098888014,4172868.899148931,26997219.26707572,832727205.6378055
705,705,1.44e+48,3750000.0,0.616,32.784,13.169,19.615,False,5.703,0.436,2012-02-02 22:24:50.793,O5,"['H1', 'K1', 'L1', 'V1']",8.080744498028814,4412.388795642763,14242.425218273738,33714.7699294445,175.95923084976744,468.7200411303518,1146.5797750651896,1452641317.1598325,4929446029.314873,13775929671.126583
706,706,3.59e+50,387000.0,0.082,50.132,16.969,33.163,False,5.428,0.118,2012-04-25 03:10:37.106,O5,"['K1', 'L1', 'V1']",9.9756729897655,37.906857642392936,120.8644196639609,470.8725066015184,66.43776563880328,176.9536458885769,432.6654012510064,579613.2095901493,2310601.401623484,12728978.234199082
707,707,1.3300000000000002e+49,855000.0,0.172,29.917,12.528,17.389000000000003,False,1.468,0.236,2011-10-10 12:21:32.925,O5,"['L1', 'V1']",8.582229903204167,122.77815791516898,383.1034440051356,1604.162880492304,107.56786744602356,286.780472586634,705.6994899275146,4560880.601103007,18480575.38889117,127397353.24500224
708,708,2.09e+51,760000.0,0.154,43.412,20.64,22.772,False,1.745,-0.937,2011-12-23 09:26:30.128,O5,"['K1', 'L1', 'V1']",8.310307294770023,126.11396569437854,735.3565438033523,5229.432618345703,156.36698649296932,417.892786965886,1045.56683715069,8482338.16337929,63554565.30938329,849694633.3006064
709,709,3.07e+51,157000.0,0.035,41.51,29.832,11.677999999999995,False,4.956,-0.235,2011-09-28 00:21:40.514,O5,['L1'],18.95697337402675,2777.098143684375,8366.626145027862,24753.495680826807,32.06174692047051,84.34766285006737,195.2861529469352,4682639.480723775,12560190.522778036,31938922.98798813
710,710,1.8099999999999998e+47,792000.0,0.16,36.797,7.924,28.873,False,2.95,-0.573,2012-08-20 01:41:11.368,O5,"['K1', 'L1', 'V1']",8.414646381303077,31.51045700076062,520.2645719828341,4187.422836675116,144.4473964995875,386.7461788330546,975.6609083884824,2520135.255231731,47768143.33011701,612229227.8464122
711,711,3.86e+51,511000.0,0.107,54.851,12.398,42.453,False,3.484,0.284,2012-07-25 23:34:08.547,O5,"['H1', 'L1', 'V1']",9.922864569697898,18.10031896479353,89.19739670785412,541.7042478800562,107.745951086657,286.9999413564218,701.5378415110407,948667.3407795642,5888226.817363715,47070663.66936234
712,712,1.79e+52,1120000.0,0.219,8.47,22.707,-14.237,True,5.745,-0.135,2011-11-15 17:26:55.810,O5,"['H1', 'L1', 'V1']",8.448510273689058,38.35468483467404,145.28567481312334,1607.25112876038,154.27526915180465,412.7861497375835,1032.881781170041,3334573.9514471274,17304090.879328396,361480094.62693024
713,713,2.46e+47,727000.0,0.148,11.18,7.964,3.216,False,4.347,0.197,2011-12-12 05:01:09.363,O5,"['H1', 'K1', 'L1', 'V1']",9.467771268717383,14.569054749285224,59.34605798733726,352.5125234088416,120.80298419875952,322.1257275261396,793.3982562045081,825333.6790725322,4362599.153160668,38782295.28329996
714,714,1.05e+49,574000.0,0.119,60.107,23.573,36.534,False,6.193,-0.908,2011-12-02 07:24:55.095,O5,"['H1', 'L1', 'V1']",8.049584167570575,236.1957183008856,1693.1568365520177,19693.8903886972,185.8568513855446,493.51287918701337,1184.49878607143,35510540.465912685,353449230.48347425,5307701137.194784
715,715,3.58e+51,781000.0,0.158,80.08,5.166,74.914,False,1.774,0.006,2012-05-07 08:15:47.094,O5,"['H1', 'K1', 'L1', 'V1']",8.310714845174585,38.36534730775927,145.26247816127784,885.5660556490102,152.33706904806763,406.5409965054466,1002.3650809019316,3016220.7635092093,14012639.174967544,157439960.66211328
716,716,3.08e+50,1320000.0,0.253,30.905,14.808,16.097,False,5.594,-0.707,2012-02-19 04:56:45.962,O5,"['H1', 'L1', 'V1']",8.80139660723388,30.332366018469468,165.5465482739788,1096.698253807927,149.78694704522763,398.9465267779216,974.7177980407258,3814727.859515101,25208316.25521691,211151876.5730568
717,717,3.08e+50,856000.0,0.172,21.819,21.475,0.3439999999999976,False,1.106,0.656,2012-07-03 23:43:19.099,O5,"['H1', 'K1', 'L1', 'V1']",8.489386331084258,2.952194856172273,11.080077797040472,138.48956705946318,121.70839752636266,329.27786441824264,928.4891665232112,134113.7634191297,661658.7560864916,19064498.816838976
718,718,2.63e+51,691000.0,0.141,25.825,23.594,2.230999999999998,False,3.972,0.289,2012-02-08 07:05:57.943,O5,"['H1', 'K1', 'L1', 'V1']",10.40339126802782,22.51646016105899,73.56781770250451,414.82393151550514,134.55596043556153,361.8481194205474,953.4816385755652,397715.7189054205,2178338.056567384,38031767.681727394
719,719,9.03e+49,193000.0,0.042,71.327,24.71,46.617,False,1.189,0.351,2011-10-16 08:27:34.704,O5,"['H1', 'K1', 'V1']",10.33015920317573,9.29417649964682,31.43120481596391,158.5110419059538,88.07535247216185,233.9896043246221,564.2060558297976,76321.05722228884,407832.5548952581,4310160.439415371
720,720,8.960000000000001e+52,536000.0,0.112,19.263,9.947,9.316000000000004,False,4.998,0.893,2012-07-27 08:33:02.883,O5,"['K1', 'L1', 'V1']",10.54521925390176,176.33040890481897,851.2105283925936,4665.114225998931,87.6417003184086,233.53185207108976,572.6118020544232,4582175.689748351,27065590.207901467,185344935.432539
721,721,1.95e+48,236000.0,0.051,65.29,23.019,42.27100000000001,False,5.021,-0.129,2012-04-23 04:24:53.413,O5,"['H1', 'K1', 'V1']",10.13864314260272,17.746165170401227,70.96370465594842,619.0022253824504,63.970385289262936,171.19803010836654,436.0424128263817,238428.66076390664,1170442.876325936,16477146.844410893
722,722,1.2200000000000002e+52,286000.0,0.062,62.32,19.745,42.575,False,3.897,-0.518,2012-05-20 12:11:18.568,O5,"['K1', 'L1', 'V1']",9.455305955964858,4.475519199682563,17.407781318533168,163.84703781367278,84.64551670883122,225.8331751073519,559.0663128534748,123120.65690476797,593692.6572738346,7723337.578983072
723,723,2.4399999999999998e+51,610000.0,0.126,34.578,9.127,25.451,False,1.869,-0.158,2012-06-05 23:18:13.305,O5,"['H1', 'K1', 'L1', 'V1']",10.4783793882744,21.66248510198761,66.93387683913244,192.338649332516,86.5765421063004,230.46240240656184,561.4361700917996,530153.7132175211,1990804.4457998232,9028993.803037928
724,724,2.45e+49,582000.0,0.121,21.028,6.559,14.468999999999998,False,3.919,0.335,2012-08-27 02:33:08.298,O5,"['H1', 'K1', 'L1', 'V1']",11.09008541395377,5.162912639211172,46.43605837665704,374.9430409792088,94.49125648232052,251.8235593824212,617.6600672140446,219330.55861449087,2505427.32988475,22226979.61634108
725,725,1.54e+51,878000.0,0.176,23.115,4.818,18.297,False,4.157,-0.282,2011-11-25 04:21:30.307,O5,"['H1', 'K1', 'L1', 'V1']",9.29620527300466,28.70222816938159,123.24489365551264,963.5132299015456,146.18017906663022,388.9735235666021,944.6779405447726,2487921.8576246323,14371797.273234934,149993108.08349425
726,726,2.1e+50,750000.0,0.152,69.119,28.661,40.458,False,0.897,1.276,2012-03-12 07:26:58.225,O5,"['H1', 'K1', 'L1', 'V1']",8.440513838644508,132.51974996445398,473.4611647124629,8645.082274179233,171.2015566210565,454.2780174454833,1083.552225329513,10162196.861026218,46488359.65935759,1828118147.826721
727,727,1.0499999999999999e+51,1430000.0,0.272,27.961,14.384,13.576999999999998,False,6.11,-0.429,2012-01-13 21:25:59.709,O5,"['H1', 'K1', 'L1', 'V1']",8.382184903377626,75.66221283551602,419.35315314351374,5551.899216087403,208.0064607348632,550.0283411965786,1296.9012111631712,13349860.45973618,95335955.76581344,1936103520.3899229
728,728,1.66e+51,391000.0,0.083,73.813,12.175,61.638000000000005,False,2.993,1.171,2012-03-17 02:33:44.090,O5,"['H1', 'K1', 'V1']",9.47374889639006,17.037319683573347,88.69673724733227,475.9275804385096,97.58460569523275,260.3603926106963,643.2468996955982,694994.4379548362,4099586.6727548335,30047027.876931846
729,729,6.14e+50,564000.0,0.117,16.787,18.774,-1.9870000000000017,True,4.603,-0.652,2012-08-01 16:37:47.884,O5,"['H1', 'K1', 'V1']",11.87506176660274,78.3268850805775,365.1597562391892,2572.603246623091,74.22966829279517,197.75171919398213,473.2835141263708,1498519.56211561,8563619.206031306,64313118.36086699
730,730,1.94e+50,494000.0,0.104,71.96,11.598,60.362,False,3.289,-1.235,2012-03-20 20:32:29.724,O5,"['H1', 'K1', 'L1']",8.80099637111264,159.860439196626,598.3776362869232,2590.520180278936,151.28714068432055,401.8168467683682,966.0925108040274,17480699.339692347,70459281.19337413,364931746.08640826
731,731,1.81e+48,323000.0,0.069,65.403,6.635,58.76800000000001,False,0.051,0.488,2012-04-17 11:50:51.009,O5,"['H1', 'L1', 'V1']",9.957274510065313,3.737527646255327,15.92108449275968,194.8696600426638,110.34773731386883,287.426771121168,643.0907450502767,106780.12568570576,486357.832070432,5661488.038305538
732,732,2.63e+51,686000.0,0.14,33.241,28.029,5.212,False,2.039,0.25,2012-05-30 16:41:29.977,O5,"['L1', 'V1']",8.804439824126856,28.747238178923883,124.30909032283188,753.5596087696034,106.28972911472395,283.0763391373728,695.2508201095175,607560.0588206896,4198218.3395187445,45343595.049890354
733,733,6.17e+48,137000.0,0.03,37.971,16.034,21.937,False,4.351,-0.181,2012-03-19 13:27:06.740,O5,"['K1', 'L1']",20.26959709781577,183.9454776320136,728.609474592203,3163.1761175181377,27.663289076156502,73.66305521249137,178.94765485642614,281500.8894095021,1243725.7346418975,6574530.731143075
734,734,1.55e+49,607000.0,0.125,30.938,22.615,8.323,False,6.166,0.721,2012-01-16 00:13:41.011,O5,"['H1', 'K1']",11.75075462689644,222.7818464328571,1001.8615361043368,6924.258013050107,65.31504113864997,173.43360526927555,416.57255750277113,3445045.065072901,15859424.3500279,110809803.06164962
735,735,5.680000000000001e+50,513000.0,0.107,61.69,22.521,39.169,False,2.197,-0.193,2012-08-15 05:09:15.125,O5,"['H1', 'K1', 'V1']",8.189474742092845,83.21613522449806,776.0915405005613,7953.557547735463,158.25798137412596,421.12700206682814,1023.832488708799,8719637.087358234,102006009.47333412,1481946460.779426
736,736,2.63e+51,195000.0,0.043,57.654,23.053,34.601,False,2.802,-0.479,2012-07-25 20:20:33.472,O5,"['H1', 'K1', 'L1', 'V1']",16.28629243167113,0.85978785377974,2.769927415123768,10.69412358829794,27.731744244766105,73.85187983230168,180.334827342926,2991.6160869137584,11457.602703900076,59906.19162429913
737,737,3.87e+50,1200000.0,0.233,28.689,12.255,16.433999999999997,False,0.195,-0.435,2011-09-18 21:47:17.252,O5,"['H1', 'K1', 'L1', 'V1']",8.452543728270223,43.62029314585683,278.0263456868651,1466.8791734847314,162.7586348995851,433.1884365566998,1054.2699489672464,7616826.592313346,53903729.00880275,380096758.91209227
738,738,9e+50,548000.0,0.114,34.151,16.674,17.477000000000004,False,5.658,-0.325,2011-11-30 11:27:02.869,O5,"['H1', 'K1', 'V1']",10.79264641069162,22.71844666469113,143.2537384421246,1582.0799578138085,75.44699567332071,201.17761787766665,495.3701446269908,571155.7228601105,4134803.985812702,60563829.74923711
739,739,6.63e+50,631000.0,0.13,37.485,4.637,32.848,False,0.735,0.308,2011-11-05 08:56:07.567,O5,"['H1', 'K1', 'L1', 'V1']",10.65486793837167,17.160907688553166,76.83307228478353,425.207463231233,89.86158163219989,239.6062997497964,589.3076293822011,611903.6324270709,3266671.75139309,25790499.0555884
740,740,3.3300000000000003e+49,466000.0,0.098,59.161,6.577,52.584,False,0.234,0.458,2012-07-17 10:43:47.831,O5,"['H1', 'K1', 'L1', 'V1']",12.68945795280233,6.126859865179951,30.844260358504098,275.1965732077733,80.72431964463397,215.064419476518,526.848960354428,225899.49200940283,1503970.0392144348,14440014.735265784
741,741,1.2199999999999999e+51,1140000.0,0.222,19.427,19.31,0.1170000000000008,False,6.223,-0.884,2011-12-08 15:45:11.888,O5,"['H1', 'K1', 'V1']",8.430590693685074,115.80172560957752,769.1225495116314,6723.426419638055,162.66806781597222,433.0250586751491,1054.838773829275,13180040.38181738,111337510.70184152,1328340373.9013295
742,742,1.43e+50,543000.0,0.113,74.557,17.326,57.231,False,0.114,0.277,2011-11-05 01:52:57.568,O5,"['H1', 'K1', 'L1']",8.089126402828395,191.48206440296173,646.3953724454573,4759.937996713229,157.07954631388623,417.5145262070321,1007.8466035228092,18331032.09832264,74597691.8926592,782978835.5499712
743,743,6.64e+49,503000.0,0.105,37.071,26.126,10.944999999999997,False,5.889,-0.583,2012-01-26 03:55:56.776,O5,"['H1', 'L1', 'V1']",12.33290352144721,1.0399044835670868,3.3399630228263995,12.474125187954082,58.38041371208504,155.61093822387795,382.3586067719668,16313.159398975831,62167.454510839925,313733.06184650434
744,744,6.119999999999999e+51,685000.0,0.14,9.466,12.337,-2.8710000000000004,True,6.137,0.837,2012-06-07 22:21:38.428,O5,"['H1', 'K1', 'L1', 'V1']",9.880007065843452,1.8538351825706456,7.3038397395888355,36.9002844505383,81.54748513787763,217.241937405948,531.9691772034347,49586.94472797295,242216.93326486324,1765177.3024729234
745,745,2.6400000000000003e+50,1030000.0,0.203,11.069,11.821,-0.7519999999999989,True,1.361,-0.71,2011-11-20 17:47:27.104,O5,"['H1', 'L1', 'V1']",11.17306839268318,1.5978431805362268,5.307280930976961,27.95554174135635,97.5756230395192,259.6832275975519,634.4443325330415,71798.47722489928,289936.251535739,1826389.734376005
746,746,7.7e+51,749000.0,0.152,13.394,14.973,-1.5790000000000006,True,4.99,0.169,2012-02-17 14:30:29.288,O5,"['H1', 'K1', 'L1']",10.17160916502994,41.75600468393775,137.0685427850404,732.668690401525,94.8340898902419,252.6236171947312,617.5412174980931,1746478.6821777236,6974696.310226504,44572548.7533253
747,747,2.2600000000000003e+50,296000.0,0.064,9.379,34.039,-24.660000000000004,True,1.43,-1.05,2012-01-25 00:09:35.972,O5,"['H1', 'L1', 'V1']",18.52455518963162,0.7312458679495552,2.313959945849568,8.276623644590817,26.977957405614603,71.81564032530494,174.99478988409896,1859.1768361629984,6965.811327856222,33584.53677957135
748,748,1.2199999999999999e+51,760000.0,0.154,25.033,15.894,9.139,False,4.204,0.705,2012-06-29 20:33:36.241,O5,"['H1', 'K1', 'L1', 'V1']",8.084009628865335,18.945068817325943,105.87214315880026,4842.279432768634,159.53500414142525,425.836085249804,1049.336868808774,1931468.372752053,14853768.473063096,1032618249.2843734
749,749,2.09e+51,482000.0,0.101,43.477,15.844,27.633,False,4.204,0.727,2011-09-30 20:23:08.621,O5,"['H1', 'K1', 'V1']",10.20189810541743,11.483852240756136,39.67271800599687,276.5582620328027,77.68252687143217,207.30377751458224,514.4264881508063,312581.5170713532,1326684.12960436,13270259.419186274
750,750,1.43e+49,192000.0,0.042,15.935,15.932,0.0030000000000001,False,3.049,0.239,2011-12-09 04:49:04.733,O5,['H1'],15.18610641235535,2811.7052508072843,8460.516801963833,24916.06110035078,43.90778373901389,115.49568948286148,267.7353081444592,11206935.160998303,30059677.559320007,76437682.60360831
751,751,1.3199999999999999e+51,201000.0,0.044,34.381,21.284,13.097,False,2.718,-0.509,2012-01-06 05:15:30.483,O5,"['K1', 'L1', 'V1']",14.10900239865664,0.778471719573808,2.5797614694646884,14.343999495567193,23.72198468219628,63.317032020416605,156.73353010374052,1073.1173461542137,4270.78349427886,30373.96786933718
752,752,2.09e+51,3440000.0,0.573,17.211,17.213,-0.0020000000000024,True,1.957,0.358,2011-09-24 14:45:32.838,O5,"['H1', 'K1', 'L1', 'V1']",8.241250376679096,313.2656378451832,1074.4679160415926,6873.668167750254,187.6710053442714,499.47639541694457,1215.794559240881,87240704.99736992,352960608.34371084,2982412923.285392
753,753,1.67e+50,1070000.0,0.21,8.508,10.619,-2.1110000000000007,True,5.659,-1.034,2012-02-11 09:17:43.215,O5,"['H1', 'K1', 'L1', 'V1']",9.28256199742292,60.53071758051425,223.95096914073528,873.1333210414095,140.86157046978963,374.6548449955485,908.9712937609185,5004550.705907344,20648848.088178366,125949081.8627357
754,754,9.06999999999999e+47,1190000.0,0.231,34.482,36.687,-2.2049999999999983,True,6.16,-0.396,2012-05-12 02:07:15.212,O5,"['H1', 'L1', 'V1']",8.487613075815,135.77090607882772,440.0691527815021,1706.465243787996,178.67579531030765,475.2570407456234,1151.93423896434,22472618.14060116,85888071.4583985,453623456.0563078
755,755,7.150000000000001e+50,1010000.0,0.2,42.358,16.298,26.06,False,5.916,0.842,2012-07-22 05:22:25.208,O5,"['H1', 'K1', 'L1', 'V1']",8.346610067942322,25.10959495909948,128.43415356101838,2296.0716665875143,156.24618835761612,415.7598394218352,1010.3663938847412,3519085.355265332,23170017.35505473,564135251.5993123
756,756,2.1e+50,638000.0,0.131,61.81,9.645,52.165000000000006,False,3.399,0.484,2012-05-21 03:09:58.926,O5,"['K1', 'L1']",8.415503914455527,1405.8021554050376,4513.985991022459,13837.751962721795,123.74189212789054,328.23693323284965,785.6212374310035,74797867.06995076,268780811.8845916,972684940.025488
757,757,5.28e+49,716000.0,0.146,53.337,19.561,33.776,False,2.454,0.648,2011-11-10 05:41:08.772,O5,"['H1', 'K1', 'L1', 'V1']",8.63264938633107,7.118216101654446,28.593281167330545,590.5488024753745,133.3774229054644,356.2378622485063,887.3141486037937,554075.4148091761,2892209.1983974846,96743176.84225775
758,758,6.17e+48,704000.0,0.144,18.997,11.074,7.923,False,2.081,-1.077,2012-09-09 02:23:18.775,O5,"['H1', 'K1', 'V1']",10.21195865182747,35.14923955735726,205.7357574989464,3164.324126353464,90.63378703891658,242.30430230921013,604.1658377469878,1187069.187522268,8209281.931234453,152909121.89301276
759,759,5.29e+48,1160000.0,0.226,15.091,15.533,-0.4420000000000001,True,0.67,0.13,2012-04-18 08:22:03.755,O5,"['H1', 'L1', 'V1']",8.241128816564725,29.903414401629345,88.7324705273166,337.9394881896777,151.54070677240782,404.8112282473792,1007.571973288416,2606212.458870576,9762511.240087043,63522649.38133287
760,760,2.63e+51,517000.0,0.108,32.305,36.707,-4.402000000000001,True,2.048,-0.89,2012-01-09 19:58:45.262,O5,"['L1', 'V1']",10.57058983377556,121.81296396191348,517.3205405176375,2557.8421816556947,71.96677570254758,191.1493747925053,459.9359115683767,2134391.456536128,9912211.107393848,58966619.65007263
761,761,2.45e+49,104000.0,0.023,57.033,14.703,42.33,False,4.989,-1.19,2011-10-12 01:19:09.474,O5,"['H1', 'K1', 'L1', 'V1']",33.42306470884716,0.056268643964244,0.1764191537851106,0.604400098216092,11.352067914331345,30.25161892677815,74.24381349655803,19.7155085612266,72.91973519124129,334.6970633426072
762,762,1.94e+50,309000.0,0.066,51.219,23.541,27.678,False,3.747,0.338,2011-10-18 09:49:47.118,O5,"['H1', 'K1', 'L1']",9.15537737970952,154.32144479336887,514.2024235021221,1620.6117055647192,141.07847566023634,372.7698068556946,879.0214640459367,9193902.104049657,37809399.07014442,157925149.3118012
763,763,7.76e+48,581000.0,0.12,60.394,12.121,48.273,False,4.567,0.02,2011-11-22 09:10:27.930,O5,"['H1', 'K1', 'L1', 'V1']",8.8924022498635,42.57600732083143,145.1543623496028,999.4161309634784,129.5520152932271,345.9159887912276,854.7475716585382,2606899.899132029,11373872.585060926,136089799.5272291
764,764,3.58e+51,703000.0,0.144,23.79,17.661,6.128999999999998,False,6.143,-1.068,2011-10-06 17:18:43.009,O5,"['H1', 'K1']",9.209714462830032,458.0869677170818,3040.2178989381605,12456.823476165226,97.96373034250712,259.313817067721,615.9161972765835,14879834.20660102,91756924.33510052,447903051.7735151
765,765,3.08e+50,1030000.0,0.203,42.651,24.361,18.290000000000003,False,0.941,0.58,2011-10-13 06:49:34.040,O5,"['H1', 'K1', 'L1']",8.192371541705887,1724.7633305874767,6416.776539807687,24732.844648632254,187.31263957317515,498.8808363613605,1212.789363017032,289131149.2610861,1356358414.9465668,6896257429.343014
766,766,3.89e+48,890000.0,0.178,23.038,24.911,-1.873000000000001,True,6.193,-0.241,2012-01-05 12:27:38.750,O5,"['K1', 'L1', 'V1']",8.224117386042776,91.19199474967188,479.6115922360215,4147.51821770431,141.12449947714572,376.1392584461698,924.2883567858648,7293667.680015269,41702112.52470669,618090279.6623963
767,767,1.6799999999999998e+47,446000.0,0.094,52.445,10.816,41.629,False,1.147,-0.824,2012-02-29 21:08:44.699,O5,"['H1', 'L1', 'V1']",9.278643397285972,9.187535596253989,29.589530806630727,134.509978047344,73.31221545375678,195.315698441352,479.0154364155732,175025.66238211724,678845.3136604573,4448836.3980864
768,768,2.65e+49,536000.0,0.112,71.903,11.262,60.641000000000005,False,4.712,0.855,2011-12-10 20:13:54.555,O5,"['H1', 'K1', 'L1', 'V1']",8.508805797493693,91.14416975438309,338.00968236270745,1855.1447768315784,144.53426197148212,384.5803876395869,934.5670199752454,11859184.106910007,52822253.956249565,384407129.8839458
769,769,3.87e+50,422000.0,0.089,45.402,9.608,35.794,False,5.184,0.149,2012-07-10 13:18:13.053,O5,"['H1', 'K1', 'L1', 'V1']",8.96404263535817,41.56911314666415,247.09983129810487,3782.605095488567,175.04841409929315,466.1357763819635,1120.3850635805277,2909723.0824073376,27304714.36819516,814542383.249511
770,770,2.09e+51,423000.0,0.09,28.701,12.603,16.098,False,0.668,0.175,2012-02-27 00:07:11.989,O5,"['L1', 'V1']",13.91146155722064,24.948219076687884,82.59612295780809,285.6661754606893,39.45059260274672,105.12965870027716,258.1071739265376,146563.1187044039,528028.69742756,2316811.0922513013
771,771,1.8e+49,486000.0,0.102,9.949,25.534,-15.585,True,0.434,0.125,2011-11-12 11:19:21.127,O5,"['H1', 'K1', 'L1', 'V1']",9.845618504810814,10.928894538299025,31.94746797087075,105.96395092316776,66.27365719865287,176.84848988396766,437.4518508541453,162985.04091304124,591431.623731346,2937210.1620482234
772,772,2.84e+51,351000.0,0.075,3.968,20.522,-16.554,True,2.921,-0.17,2012-01-22 19:49:15.873,O5,"['H1', 'L1', 'V1']",20.06669070649258,0.7511578484031411,2.3493195107969136,8.038837291260128,30.583876439087305,81.43861566180527,198.7781979128502,2706.0945951740205,9975.653239306495,45767.73778458498
773,773,9.749999999999987e+49,595000.0,0.123,68.314,8.963,59.35099999999999,False,0.708,-1.08,2011-11-26 15:47:18.395,O5,"['H1', 'K1', 'L1', 'V1']",9.054007983768894,114.77059936126896,475.1625015441053,2271.8269960379844,138.42602166949416,368.3309116258288,895.4888219003749,14459857.714562334,69922372.81928271,436741610.1760892
774,774,2.2600000000000003e+50,11100000.0,1.49,58.0,14.382,43.618,False,5.588,-1.055,2012-01-24 07:02:01.527,O5,"['H1', 'K1', 'L1', 'V1']",8.188302620480734,4086.175900459746,13854.386204255616,33843.07502800898,235.50233109045573,627.3484266042024,1535.3184441698206,2753677181.377848,9805321120.14085,27328638138.16924
775,775,1.14e+48,1880000.0,0.344,9.077,9.107,-0.0299999999999993,True,1.694,-0.322,2012-08-25 07:06:14.142,O5,"['H1', 'K1', 'L1', 'V1']",8.285528531134586,159.88912515314212,546.9564201304753,4688.122208138892,215.444369848341,571.0074375018559,1357.8815720739176,28930085.233176112,134679494.1157935,1880798526.764392
776,776,3.59e+50,3680000.0,0.606,14.564,15.246,-0.6820000000000004,True,2.004,0.028,2011-10-09 05:00:22.942,O5,"['H1', 'K1', 'L1', 'V1']",8.018121022035904,838.0088711751586,6750.838165134206,30184.785053798227,176.26466399236915,470.9349393400596,1168.6978178530348,289988665.43098146,2468568831.3194585,11236146245.92868
777,777,6.61e+51,691000.0,0.141,88.01,9.789,78.221,False,3.031,0.707,2012-06-24 00:25:04.560,O5,"['H1', 'K1', 'L1', 'V1']",8.195113349664878,134.8819678863056,500.6299130304288,2347.954897532278,150.6493994700097,400.8247073367198,974.052663222101,20669732.21902356,88444071.6093535,540829142.1791824
778,778,6.63e+50,1170000.0,0.228,42.056,14.473,27.583,False,2.406,0.287,2012-08-07 12:21:02.928,O5,"['H1', 'K1', 'L1', 'V1']",8.303299934829333,2096.7218738783968,9937.578686257371,31474.18008752071,138.426805017167,369.2378738869722,909.5593998182828,391568946.61279774,1924557239.6827447,6745669208.241177
779,779,7.74e+49,926000.0,0.185,28.734,8.462,20.272,False,2.373,-0.616,2012-03-30 17:23:15.417,O5,"['H1', 'K1', 'L1', 'V1']",9.169564085380712,83.53745853229819,293.86257836336046,1074.5150403227367,136.31563397653656,362.7078583809266,880.9923542101312,7637779.480598929,29920301.47770308,162423922.5032148
780,780,2.45e+50,188000.0,0.041,51.019,7.358,43.661,False,2.016,-0.04,2012-03-05 09:28:53.964,O5,"['L1', 'V1']",15.21423865277387,9.821475134350507,30.16467891010384,99.72868714098632,36.11537288058949,95.79300242437223,229.4089441346523,24760.17191984809,100944.97110529793,472530.1233998116
781,781,1.3200000000000002e+52,1250000.0,0.241,7.264,15.207,-7.943,True,5.173,0.604,2012-01-24 13:57:20.827,O5,"['H1', 'K1', 'L1', 'V1']",8.099168849361018,85.1653121170863,2504.427673324865,26246.680064386863,161.8473081800705,431.0745023109391,1052.527825901624,19967923.35911095,633809584.7095572,6812693434.806467
782,782,1.43e+51,385000.0,0.082,43.05,11.716,31.334,False,3.101,0.708,2012-02-09 19:55:08.835,O5,"['K1', 'L1', 'V1']",9.144159438511783,4.37686299991962,15.09303012072085,87.2806318325893,71.30650406924417,191.64359320722625,525.2852923830796,75595.03934114102,304937.13110827893,3393423.108533272
783,783,1.05e+50,626000.0,0.129,28.15,29.264,-1.1140000000000008,True,3.926,-0.475,2012-03-17 16:57:38.113,O5,"['K1', 'L1', 'V1']",9.486600566346423,78.89447228140567,267.2420803127174,915.2176254818984,109.48363709131957,292.05894529229465,723.7600534625649,3701219.693321999,15558176.628677657,77704089.9185805
784,784,7.150000000000001e+50,1840000.0,0.338,12.053,19.823,-7.77,True,5.207,-1.046,2011-12-06 09:32:07.389,O5,"['H1', 'K1', 'L1', 'V1']",8.13313476895816,156.98554179999272,526.8901018727561,1987.438088745404,172.9588390226445,460.1606256071268,1117.4361254621754,31182177.453524586,120804231.51915736,622664266.7573588
785,785,1.14e+50,210000.0,0.046,62.04,9.689,52.351,False,5.856,1.17,2012-03-29 14:23:22.769,O5,"['H1', 'K1', 'L1', 'V1']",20.88418050857628,0.3412104743604462,1.0743655895376816,3.8672440332536606,33.02025647661213,87.99874883117445,214.5996352908801,1189.988381539575,4345.745707266304,19544.20331474955
786,786,1.9399999999999998e+51,580000.0,0.12,40.996,8.081,32.915000000000006,False,2.916,1.06,2012-08-21 13:12:15.989,O5,"['H1', 'K1', 'L1', 'V1']",10.11180775088736,1.903513994009407,6.77359497835937,32.96375219820458,89.91074526165949,240.1507609898499,604.8864523581137,67939.83513140501,294844.6238446532,2195518.817459692
787,787,1.1299999999999999e+51,543000.0,0.113,36.722,14.246,22.476,False,1.189,0.075,2011-10-09 23:24:27.277,O5,"['H1', 'L1']",9.520303728830411,122.44588469670336,415.2336635078224,1531.407602738019,121.1421468372978,321.6407453074854,771.0494516759056,8038307.169269535,28799967.93209073,120186698.810234
788,788,3.87e+50,441000.0,0.093,32.591,7.699,24.892000000000003,False,1.589,-0.63,2011-09-26 00:22:10.843,O5,"['H1', 'K1', 'L1']",17.74580903262331,27.18571996239681,103.39394381511676,474.2203542070984,49.39649396471219,131.62932241653272,322.22858666450696,232381.272971984,1029984.0267396236,5310855.020629566
789,789,9.05e+48,539000.0,0.112,26.41,9.78,16.630000000000003,False,2.51,0.779,2012-04-26 22:40:02.273,O5,"['H1', 'K1', 'V1']",9.733551779362593,23.777490180474302,96.70993317073744,1257.951875170979,96.48998890255405,256.40121914472525,627.9240436311666,663684.4291655546,3542623.697028036,83147707.86311072
790,790,9.77e+48,296000.0,0.064,18.313,23.213,-4.900000000000002,True,5.091,1.099,2011-09-17 13:13:31.021,O5,"['H1', 'K1', 'L1']",13.3401128956007,1.2079766751782364,3.9261346247880735,15.724544931839723,30.93561322438933,82.39770275406607,201.5363911531313,4055.398478306661,15780.380330016204,87535.19093821279
791,791,6.14e+50,363000.0,0.077,34.765,16.306,18.459,False,3.035,-0.257,2012-08-09 00:34:38.496,O5,"['H1', 'L1', 'V1']",13.21263408442829,3.110175163990037,9.912599346248706,36.44748398883379,44.26687685428999,117.93920227980892,289.0445241976603,28393.719435776537,107482.24756312413,538412.5477559697
792,792,3.59e+50,1280000.0,0.246,26.215,15.586,10.629,False,4.595,-0.629,2012-08-24 14:34:50.024,O5,"['H1', 'K1', 'L1', 'V1']",8.867272828353261,49.71834617734305,242.12565719134267,1430.8615631033051,157.08903920802243,417.95174817513725,1014.8141119676508,6577704.741908547,39806786.17001257,320071048.089695
793,793,4.8800000000000005e+50,9160000.0,1.275,11.362,11.459,-0.0969999999999995,True,4.429,-0.567,2012-01-06 13:36:44.362,O5,"['H1', 'K1', 'L1', 'V1']",8.077242221160274,3690.4314125369697,12951.098795652011,33304.514945322226,207.182331729076,552.2377565793875,1356.0092843868608,1894613335.0945885,7030276188.2960825,20338062902.98965
794,794,3.58e+51,735000.0,0.15,40.468,14.805,25.663000000000004,False,6.074,-0.171,2012-06-14 00:27:30.328,O5,"['H1', 'K1', 'L1', 'V1']",9.752566096457452,23.44442035862634,89.65712575003093,932.6389922608448,144.22654924344738,383.84503923657735,934.1087201539268,2644778.71811766,12596316.63525972,167962833.04241875
795,795,1.9399999999999998e+51,481000.0,0.101,26.426,43.4,-16.974,True,6.105,0.896,2012-01-12 08:48:03.390,O5,"['K1', 'L1', 'V1']",9.774945263261609,1.3951187937413378,5.102174018797667,29.13929572976214,65.75397720132935,175.35918165840036,432.39562550839815,21872.697314977853,99159.57538347454,792703.2770350316
796,796,3.61e+47,1000000.0,0.198,17.888,9.502,8.386000000000001,False,1.297,-0.739,2011-10-10 21:54:23.321,O5,"['H1', 'K1', 'L1']",10.42598572213891,240.8442517329456,707.4236600893605,2021.9315350847048,134.2502286218902,354.7556302698316,832.3697155223063,11409563.612514129,44274121.65448451,168476688.4760073
797,797,4.5300000000000003e+49,716000.0,0.146,21.172,10.804,10.368,False,1.98,-0.985,2012-05-25 05:13:23.331,O5,"['H1', 'K1', 'L1', 'V1']",10.81814619872771,1.6808526764141123,6.248352674163344,36.08640786092989,91.65924871136804,244.749129849496,611.9652876564247,74825.71216845281,348562.62774317665,2684976.9027942857
798,798,3.07e+51,12200000.0,1.609,11.298,16.687,-5.389000000000001,True,2.413,-0.565,2011-11-27 16:25:40.709,O5,"['H1', 'K1', 'L1', 'V1']",8.132040411293817,1165.0573045378917,5986.646861762003,27969.73732485598,275.134885333518,734.5901296191598,1812.810600055448,681322416.0351923,4258373762.4289503,21993810346.69817
799,799,8.38e+48,849000.0,0.171,34.926,12.833,22.093000000000004,False,1.304,-0.378,2011-10-08 20:05:12.350,O5,"['H1', 'K1', 'L1']",8.733860460997084,91.92780461765388,331.3865877100156,1908.896598638491,148.55049633789213,394.74851494222776,951.6006008190316,9178533.61317734,37428042.80570055,264494715.91842663
800,800,2.09e+52,248000.0,0.054,40.69,6.157,34.533,False,1.903,0.651,2012-03-18 03:46:01.206,O5,"['K1', 'L1']",17.63806114580215,294.3818680618045,1047.4267407350114,4746.6210776084745,35.63288965338711,94.9001639247083,229.1197582442948,796445.8219929687,3385640.703875849,18294103.80271189
801,801,1.3300000000000002e+49,408000.0,0.087,46.459,11.928,34.531000000000006,False,5.035,-0.105,2011-10-03 03:14:59.199,O5,"['H1', 'K1', 'L1']",10.34194050586974,86.07459262528275,351.22520766300903,1164.0233791495518,119.59511780905314,317.9355699732455,742.0546838015525,2999773.6467322297,14106776.78387187,65701887.549112536
802,802,6.64e+49,958000.0,0.19,9.21,18.488,-9.278,True,1.854,0.393,2011-12-05 00:28:27.515,O5,"['H1', 'L1', 'V1']",8.089619341220034,33.315264972806695,327.7149777900157,8093.736069148414,191.42588762151053,508.95948395618416,1221.1952283075218,4304621.637357736,52395904.5362438,2302140494.7428007
803,803,1.54e+50,452000.0,0.095,34.378,28.722,5.655999999999999,False,3.805,0.945,2012-05-11 22:07:18.804,O5,"['H1', 'V1']",10.10331180813257,42.86657692068051,165.842704018011,699.4602600803951,72.0324278921239,189.17927080282573,441.90484111546607,660375.9178310027,2532347.4321758165,12809344.010197412
804,804,1.14e+50,937000.0,0.187,26.057,6.596,19.461,False,0.5,1.188,2012-01-23 20:47:56.007,O5,"['H1', 'L1', 'V1']",8.080330033312896,16.903971149082405,124.74579573764927,1138.5289579876126,156.93730625094076,417.8498462401915,1018.7643677883232,2413832.2033122545,23226162.79660718,285981552.7256773
805,805,1.3199999999999999e+51,533000.0,0.111,76.22,15.678,60.542,False,1.549,-0.233,2012-08-28 05:35:29.847,O5,"['H1', 'K1', 'L1', 'V1']",8.36792607727091,454.14295776745786,2234.086543017621,14176.44976999002,149.46969398377905,398.0631630849484,972.7080796896048,84098994.87538126,466404661.1229026,3746298484.492328
806,806,3.61e+48,125000.0,0.028,46.271,16.586,29.685,False,3.03,1.431,2011-12-14 12:04:58.206,O5,"['H1', 'K1', 'L1', 'V1']",41.70059967019174,0.0527394768139243,0.1656312468035017,0.5704936811328909,14.41956717852608,38.53411638508896,96.01755273411364,21.989475300627625,81.79893534967995,362.4643120133194
807,807,1.8e+49,1480000.0,0.28,30.963,8.36,22.603,False,0.642,0.738,2012-06-08 14:07:18.066,O5,"['H1', 'K1', 'L1', 'V1']",8.197061000059,40.82737672984097,654.4633958803338,13920.090668408193,170.04178025001625,452.4191329580633,1098.6412784100544,8898594.665949823,166081931.2062786,4199451741.120034
808,808,2.2599999999999998e+51,1170000.0,0.228,17.767,5.624,12.143,False,4.348,0.883,2011-10-26 18:46:45.197,O5,"['H1', 'K1', 'L1', 'V1']",8.578191161020044,7.74072077137758,61.64679105542,1560.3766488442864,167.96247959812854,447.411746353065,1094.2440734017223,1331414.7876962998,12757011.973138465,414251482.1419629
809,809,3.89e+48,398000.0,0.085,66.371,14.333,52.038,False,3.635,-0.813,2011-11-10 02:19:15.024,O5,"['H1', 'K1', 'V1']",8.519588560061804,50.16189383006746,228.3400461720592,3598.4141471165226,112.34878858140804,299.9258703102022,744.0579903714861,2244548.090654632,13151372.979098164,325126703.433049
810,810,1.54e+51,293000.0,0.063,24.935,32.053,-7.117999999999999,True,6.168,-0.833,2012-01-26 17:02:52.604,O5,"['H1', 'L1', 'V1']",14.79947545630802,1.5338173647432862,4.939640639345675,18.379771454094826,32.893293040447304,87.72423878810099,216.4435580636295,5323.825669243168,20122.599327054017,95889.91238476869
811,811,6.63e+50,379000.0,0.081,37.515,13.521,23.994,False,2.563,0.825,2012-02-03 05:31:51.986,O5,"['H1', 'L1']",16.91806639734876,55.68373796787288,192.1506094508836,670.6141935633009,50.35671717689888,133.8853495546445,324.24231241888424,493274.0234523378,1852269.595822904,7515482.638169263
812,812,1.05e+50,190000.0,0.042,26.926,17.083,9.843,False,0.427,0.556,2011-12-16 10:01:24.732,O5,"['H1', 'K1', 'L1', 'V1']",22.515987979653,0.2547928863057931,0.7998344543310196,2.7361214524039936,15.394104411497096,40.98521221394887,99.95093611936512,153.68986915218412,567.5497070064649,2585.8538796935973
813,813,6.119999999999999e+51,874000.0,0.175,50.479,10.473,40.006,False,3.113,-0.657,2012-06-17 14:18:16.268,O5,"['H1', 'K1', 'L1']",8.731282499013863,154.22220770622351,711.9744702945825,4025.8918762485305,145.6498219982176,387.0698594410744,932.8268903255116,16236916.304952152,82840956.88137177,515186173.98049927
814,814,1.54e+51,1090000.0,0.214,37.647,33.225,4.421999999999997,False,5.893,-0.529,2011-10-07 13:34:04.050,O5,"['H1', 'K1', 'L1', 'V1']",8.654985451463995,10.05631081803152,60.90655003836571,1782.0382659389506,157.9525298516188,420.7857335887092,1030.7691196168023,1354139.7493507336,10731522.21554334,425490958.52640814
815,815,1.14e+50,1060000.0,0.208,49.86,15.938,33.922,False,0.374,-0.91,2011-12-15 11:15:47.068,O5,"['H1', 'K1', 'L1', 'V1']",8.414679648510823,834.5956445596911,5605.029381630176,26595.286608349565,144.54201704093566,385.0142366560999,941.2149432972196,148157813.340112,1087495167.905819,5928739563.244912
816,816,6.61e+51,767000.0,0.156,44.751,20.764,23.987,False,2.316,0.846,2012-03-18 13:15:58.235,O5,"['H1', 'K1', 'L1', 'V1']",8.023709165148366,1477.49297788155,7881.448928594093,29568.53516848288,144.4726623534732,385.503741592245,949.3965395987968,286284375.0661575,1660255825.4926207,6805904563.406514
817,817,6.64e+49,587000.0,0.122,48.252,21.412,26.840000000000003,False,1.571,-0.395,2012-04-26 09:09:27.823,O5,"['K1', 'L1', 'V1']",9.889506067951997,30.734189442516143,157.3647372375669,1278.933532191155,92.17244865267467,245.7793545415406,605.0272807919316,1252066.9965005014,7407666.955934631,74567309.60865077
818,818,2.09e+51,1070000.0,0.21,39.001,6.108,32.893,False,1.808,0.538,2011-10-03 00:53:49.439,O5,"['H1', 'L1', 'V1']",8.662507032534599,372.1557836657275,1721.086250631248,9495.84025833687,186.8927278986289,495.6125517912996,1180.9715976128618,46549766.79747577,282257913.8497598,2341199327.7675548
819,819,4.89e+49,284000.0,0.061,61.291,15.61,45.681,False,5.466,-0.653,2011-09-27 06:55:52.928,O5,"['H1', 'V1']",9.085281902534726,85.50537613614155,358.95549097785363,2247.2281430305184,86.34473809893791,230.52412550709263,572.1610213533643,2027245.399325795,9409971.95166682,69216315.29562077
820,820,6.61e+51,650000.0,0.134,3.953,10.824,-6.871,True,2.852,-1.325,2012-07-28 21:26:59.149,O5,"['H1', 'K1', 'L1', 'V1']",8.418671481159443,19.541826940037616,68.50677706881473,2760.03875162945,158.9509400113143,422.206716573681,1013.6159026165004,1463733.74954664,7152484.772910959,563172156.7124729
821,821,9e+50,607000.0,0.125,50.6,23.383,27.217,False,1.288,-1.111,2011-11-11 14:12:15.550,O5,"['H1', 'L1', 'V1']",8.889278252310039,3.9311859247674734,13.714992135176132,83.49574794334961,110.00780662180271,294.0854874470399,740.5051575197768,222109.6142346208,972072.1447077604,9760435.882035805
822,822,1.8e+50,868000.0,0.174,29.805,9.842,19.963,False,3.873,0.938,2012-04-23 04:28:28.775,O5,"['H1', 'K1', 'L1']",8.384474361334874,128.15882940201007,503.7440081573722,1983.875633219387,150.2354377304681,399.2708938818684,962.7082977621036,14475282.535305563,63254168.4806432,303928768.6911365
823,823,6.61e+51,1520000.0,0.287,17.319,12.485,4.834,False,3.763,0.279,2012-04-02 07:34:34.893,O5,"['H1', 'K1', 'L1', 'V1']",8.124357536837438,2027.1423283561733,8871.748668227594,28814.88723247136,146.59588334055888,390.4392755466149,954.2697339017632,456788173.39920473,2189773227.7957506,8253500865.555751
824,824,1.8e+49,660000.0,0.136,45.321,9.332,35.989,False,0.694,-0.045,2012-05-03 21:12:54.741,O5,"['H1', 'K1', 'L1', 'V1']",11.53802955016892,13.780606477548655,42.794642809625,132.08325893812227,76.95669384604696,205.03613193089075,502.23348389644616,376485.4976822638,1334728.2103327787,5800758.958026977
825,825,2.09e+51,581000.0,0.12,43.159,11.063,32.096,False,0.524,0.303,2011-11-29 00:50:37.397,O5,"['H1', 'K1', 'L1', 'V1']",8.874038711932585,5.431131066804136,18.558361343470263,91.55346924875056,120.16261849385523,320.32088467769813,789.4597410624214,343730.6350640547,1421601.9450637023,10791468.418800956
826,826,6.119999999999999e+51,835000.0,0.168,32.935,13.665,19.270000000000003,False,2.014,-0.467,2012-04-12 10:07:53.405,O5,"['H1', 'K1', 'L1', 'V1']",9.094599173909922,4.736335090750011,16.681742127063778,350.54006229165566,125.45428386922184,334.9188920013612,831.731710643849,350287.4030990732,1573866.644834239,53160836.27400592
827,827,2.4399999999999998e+51,601000.0,0.124,45.491,13.465,32.026,False,5.406,-1.167,2012-02-28 00:26:27.376,O5,"['H1', 'L1', 'V1']",9.39967404967612,11.84961517789113,37.53119734358565,161.97575093736705,110.48334163591926,295.171415802463,737.1614263355866,660257.1972775654,2613365.1571772536,17718433.6097242
828,828,2.2600000000000003e+50,1010000.0,0.2,16.888,5.967,10.921000000000005,False,5.984,-0.944,2011-10-02 11:53:47.200,O5,"['H1', 'K1', 'L1', 'V1']",10.44012731776326,2.10696771683786,7.97940939225069,66.43388160456435,99.48899627400806,265.74656711365105,665.4752030551845,113539.57653686052,533833.9747882049,6538519.047568931
829,829,3.88e+49,650000.0,0.134,47.539,12.846,34.693,False,0.996,-0.049,2012-07-11 15:29:18.832,O5,"['H1', 'L1', 'V1']",8.311674493440862,36.21135939496565,116.09383617226914,476.1611607089269,148.2165650291464,395.2036528115566,967.8084353372768,2377181.8060114635,10069629.4793374,78380393.42005894
830,830,9e+50,786000.0,0.159,32.093,7.408,24.685,False,1.446,0.556,2012-01-02 02:32:31.795,O5,"['K1', 'L1', 'V1']",8.10728156184309,232.43298222142164,931.2413810832712,9234.672466580623,157.22462061267424,418.4904106747522,1020.2326198281506,24712748.576960832,119002141.09567744,1587780291.8936498
831,831,2.85e+50,469000.0,0.099,58.112,20.548,37.56400000000001,False,4.515,1.491,2012-07-08 21:41:57.895,O5,"['H1', 'K1', 'L1']",8.98051705984353,128.6935153119969,593.7104420675522,2809.798325261802,145.153426633025,383.937295754317,909.0199517359648,5990171.90625619,40480913.74983366,297619821.42258227
832,832,1.3199999999999999e+51,456000.0,0.096,71.851,26.959,44.892,False,5.397,0.326,2012-05-14 17:10:56.462,O5,"['H1', 'K1', 'L1', 'V1']",8.088903579735735,418.460248377472,1699.805890070135,14135.353599935592,151.21902882918505,402.1196147477551,973.7957589621728,48607810.01566162,259601066.20483947,2864882903.3328924
833,833,5.680000000000001e+50,537000.0,0.112,28.797,13.108,15.689,False,5.787,-1.254,2012-03-07 12:58:46.275,O5,"['H1', 'L1']",9.209438722096891,93.77398790131858,317.2636171432633,1392.4827653678694,93.602454738976,248.44741859863183,597.9674943972423,3180283.7209669733,11450756.344432352,58241436.11889733
834,834,5.7e+49,755000.0,0.153,19.003,6.158,12.845,False,3.188,1.443,2011-10-10 07:45:39.520,O5,"['H1', 'K1', 'V1']",8.518665602153717,64.52604146938764,271.63992176934653,2152.801874308359,150.87516971352045,402.5675409753535,998.6892629908298,5031982.071468376,27153900.617947567,366152544.5920591
835,835,9.77e+48,881000.0,0.176,22.889,21.893,0.9959999999999988,False,3.17,0.367,2012-05-08 19:43:00.223,O5,"['H1', 'K1', 'L1', 'V1']",9.492970596161744,4.146372916077131,13.722138837259054,62.717836563374014,115.76174056425656,308.64367701241804,762.4336554699242,233784.25074852488,959820.2534798888,6692360.796054184
836,836,1.54e+51,1310000.0,0.252,16.206,15.096,1.1099999999999994,False,1.252,0.106,2012-01-11 18:33:24.278,O5,"['H1', 'K1', 'L1', 'V1']",8.384276624978364,40.61202755418084,131.29532144595748,1140.6061662058953,176.8151471846105,470.201811556807,1136.2307384034243,5243059.790227081,21119004.66771228,323962780.03610224
837,837,3.07e+51,628000.0,0.129,34.037,7.703,26.334,False,0.404,0.259,2012-01-30 17:11:17.183,O5,"['H1', 'L1', 'V1']",8.825648881758577,14.859794183520254,63.40845293670843,1715.7654821621354,134.6920102110522,361.1324850321967,917.80598426895,981078.6070767572,5881791.056784045,263001211.9131761
838,838,1.1400000000000001e+49,548000.0,0.114,6.693,19.851,-13.158,True,0.902,1.154,2012-03-14 08:38:04.296,O5,"['H1', 'K1', 'V1']",11.27403731181557,3.359584440613474,17.377364061608287,121.69223240151268,64.31778129420428,171.68214427299216,424.1012795987094,50303.59156427978,327493.4008916557,3514323.672301666
839,839,1.43e+51,388000.0,0.083,20.138,8.084,12.054000000000002,False,0.862,0.874,2012-02-02 23:37:20.801,O5,"['H1', 'K1', 'L1', 'V1']",19.90978785132131,0.4743766866642245,1.49987803277029,5.34120559907034,32.67250156221519,87.01814529117615,212.6931506887041,2631.9300688685425,9827.189153076912,46656.6524029707
840,840,3.3099999999999995e+51,881000.0,0.176,26.703,16.099,10.604,False,6.178,0.255,2012-06-27 23:44:04.065,O5,"['H1', 'K1', 'L1']",8.314492342762044,204.0033225756711,707.3576804945612,4645.210095344736,169.1977438700518,449.6997550801507,1084.7897784193465,27774596.46334229,116177400.76066668,964781728.6618624
841,841,2.2500000000000005e+52,545000.0,0.114,13.531,11.919,1.612,False,4.169,-1.128,2012-01-22 00:33:59.533,O5,"['H1', 'V1']",12.02962367251356,10.366060785049068,36.95669728573734,414.1494290934172,58.83208960809861,158.62901757959025,393.6431327129803,129379.50388126475,537517.4543500051,5999226.249608054
842,842,7.19e+48,626000.0,0.129,8.997,19.544,-10.547,True,0.782,-0.316,2012-03-30 08:55:32.500,O5,"['L1', 'V1']",10.07024542712548,69.07210473797333,206.58922936378977,943.509649995068,80.89420513379218,214.8038697686282,519.0618924716122,1533076.234215034,5611265.583773948,35631365.06699128
843,843,1.9399999999999998e+51,395000.0,0.084,24.844,44.286,-19.442,True,5.112,0.523,2011-10-13 21:31:11.303,O5,"['H1', 'K1', 'V1']",11.96689914387867,1.7773762334299592,6.193242045424016,49.7970150418235,41.5240931537868,110.88417127963412,276.23505474297565,11628.467701232035,49741.7199994034,585960.8848479127
844,844,2.1e+50,1400000.0,0.267,11.712,12.135,-0.423,True,1.669,-0.231,2011-12-21 02:14:55.165,O5,"['H1', 'K1', 'L1']",8.095788988261472,2505.169241937878,11064.87743428953,31442.518719805503,170.21283058484596,456.4564624413249,1169.492903181244,677322929.3165241,3039198856.419878,9997621321.535986
845,845,5.71e+48,1120000.0,0.219,28.773,9.92,18.853,False,4.048,0.51,2011-12-15 19:04:56.644,O5,"['H1', 'K1', 'L1', 'V1']",8.061635846984002,184.87362685520927,715.5446558412879,7239.362881681715,164.43835033979758,437.4395728131724,1061.6967346875226,31642456.02550562,156964794.30830693,2009951592.4147773
846,846,4.520000000000001e+50,7660000.0,1.103,46.186,11.484,34.702,False,1.677,1.293,2012-03-15 07:49:13.889,O5,"['H1', 'K1', 'L1', 'V1']",8.070077615722251,1906.1860541066685,9152.122639145216,30982.19757049978,233.9805724294738,624.2047933681974,1538.5839670182231,1321339557.2325523,6488554412.150188,23298210580.886204
847,847,1.0500000000000001e+52,504000.0,0.106,32.254,10.28,21.974,False,5.803,-0.485,2012-08-14 14:36:40.824,O5,"['H1', 'L1', 'V1']",12.59747197918408,1.3093454241570577,4.185630800505287,15.449480423508618,50.96366651138396,135.70884537278238,331.2383638689841,18369.821536726176,69837.61001219944,350344.5735722051
848,848,1.55e+48,141000.0,0.031,12.956,14.384,-1.4280000000000008,True,4.0,0.115,2011-10-25 12:28:07.380,O5,"['H1', 'K1', 'L1']",32.29183248529577,0.3347564686349137,1.0531285155867018,3.665008141592095,8.563871506417968,22.833925252733707,56.27203193145134,67.86087130760913,251.31121684747373,1168.2180833509444
849,849,6.63e+50,2380000.0,0.421,84.311,13.932,70.379,False,4.973,-1.276,2012-05-15 17:27:37.252,O5,"['H1', 'K1', 'L1', 'V1']",8.119722744079917,2663.014494569544,10878.007363723353,31886.810918138606,160.64726970652896,428.2931964624613,1052.611613088303,759956815.4921756,3232649527.9573736,10532812477.39388
850,850,9e+50,824000.0,0.166,56.719,13.2,43.519000000000005,False,2.505,0.487,2011-11-06 10:01:08.072,O5,"['H1', 'L1', 'V1']",8.213002466451334,29.28449537535562,250.0031403042029,1453.6376337954414,153.9677630855973,409.8091943762247,996.4110041790036,3246196.2861059564,32985166.058868624,268605546.4944957
851,851,2.63e+51,309000.0,0.066,49.578,18.516,31.062000000000005,False,1.122,0.49,2012-07-09 16:27:04.181,O5,"['H1', 'K1']",13.97444191653869,244.5443838785264,1049.920434634297,7285.786842384039,53.537009917502814,141.25712443559155,331.1926115124995,1421749.1480097298,7185963.208794397,54270108.91180655
852,852,1.66e+51,472000.0,0.099,44.063,17.063,27.000000000000004,False,4.637,0.139,2011-12-18 08:30:34.060,O5,"['H1', 'L1']",9.032081701751972,231.19849711588088,715.1677891773875,2521.7391423206,132.8946361934926,352.49798062709374,838.5098761452526,15871857.900826007,51696015.29830457,213742994.86307883
853,853,2.2600000000000003e+50,1320000.0,0.253,7.179,24.362,-17.183,True,2.765,-0.354,2012-02-27 17:07:02.662,O5,"['H1', 'K1', 'L1']",8.146169490686983,137.1818433799059,634.1188084958455,2875.520270990606,163.8390911271755,435.2184991441618,1047.7184225703536,18705469.423990943,92079526.7124604,508645722.3660028
854,854,9.06999999999999e+47,365000.0,0.078,56.249,5.154,51.095,False,3.847,-1.186,2012-01-24 22:28:38.552,O5,"['H1', 'K1', 'L1', 'V1']",12.47434090697743,1.9394626020418264,7.466273160017382,29.42955944703105,65.14541371572159,173.53184894099616,424.780235698252,52207.17996661082,225134.73382586657,1185436.3426479057
855,855,6.64e+49,647000.0,0.133,48.839,22.385,26.454,False,4.728,-0.003,2012-07-10 17:29:22.962,O5,"['H1', 'K1', 'L1']",8.196681863760654,136.71220359498662,548.5643024082675,2719.1597677231034,150.45943320829588,399.9816559403695,965.2749435092934,14425378.685001029,65167288.51002556,379221420.1702117
856,856,2.2599999999999998e+51,1860000.0,0.341,35.784,12.738,23.046,False,5.032,-0.965,2012-05-29 20:23:00.840,O5,"['H1', 'K1', 'L1', 'V1']",8.06957740471943,205.8436066168,834.7153945098098,5138.105463691874,174.3798334705541,464.01323140397153,1128.2944984543085,51850683.7175398,233988507.7649137,1851779163.336969
857,857,1.67e+50,560000.0,0.116,29.782,18.615,11.167000000000002,False,1.626,-0.63,2012-06-13 11:55:05.919,O5,"['H1', 'L1', 'V1']",10.39616106204806,12.439980288482989,41.89584231062084,174.01151609903425,68.50487582684508,183.92828734310189,477.0246162256462,203825.2486824386,807996.8600251765,5319095.596953977
858,858,3.86e+51,881000.0,0.176,39.954,16.253,23.701,False,2.457,0.968,2012-02-27 03:47:24.010,O5,"['H1', 'K1', 'L1', 'V1']",8.971879106951684,78.57028043540393,394.63139515742034,1924.7736170889173,159.6895203779386,424.9438650868669,1033.2278370708343,13417378.557567392,73448117.94106679,490777301.6420585
859,859,3.89e+48,700000.0,0.143,44.269,17.319,26.95,False,4.077,0.212,2012-08-07 01:59:32.386,O5,"['H1', 'L1', 'V1']",9.380352104480432,41.88613178908456,173.78248137462532,955.8485675475996,125.76949625700809,334.8833791809443,817.0518448227826,3123292.4231965374,16107237.496118687,123257495.76225224
860,860,7.74e+49,513000.0,0.107,23.502,9.269,14.233,False,5.422,-0.636,2012-05-13 02:09:18.743,O5,"['H1', 'K1', 'L1', 'V1']",14.57880839072503,10.287109242183204,31.07251903455574,100.12975014438842,63.34616192372931,168.6042887281282,410.4583647861384,182305.3573186008,658714.0911360942,2921563.7383607444
861,861,1.2300000000000002e+50,392000.0,0.083,59.835,8.199,51.636,False,2.933,0.468,2012-06-19 14:58:38.004,O5,"['H1', 'L1', 'V1']",10.00563791213823,11.217030243502098,41.05951181560896,175.45089690251308,74.96763961847915,199.66980493909483,488.36627542278814,252145.7344690566,1099200.711351564,5972614.45242742
862,862,2.45e+50,1450000.0,0.275,54.712,7.44,47.272000000000006,False,1.601,0.231,2012-09-06 15:05:10.363,O5,"['H1', 'K1', 'L1']",8.571830301578,345.67750776476186,1450.5479968120817,5593.703988601228,193.034435874516,511.0394940626452,1207.0255649845512,55390649.10206636,241891685.8710681,1263530390.3668878
863,863,4.2000000000000003e+48,414000.0,0.088,61.753,10.042,51.711,False,0.314,-0.252,2012-07-29 14:31:38.804,O5,"['H1', 'K1', 'L1', 'V1']",10.69588786826482,7.794519539618911,26.06851561300584,115.056902126718,64.49152259743238,171.87159667783294,422.3271391840505,140966.4801149033,572730.566332174,3649401.4873868073
864,864,9.72e+50,442000.0,0.093,7.882,13.221,-5.339,True,2.741,-0.568,2012-04-11 16:09:15.066,O5,"['H1', 'K1', 'L1', 'V1']",19.52403930781639,1.1354461519766927,4.923322652589443,27.987229138050186,42.12832201887068,112.350714517151,275.95389287378543,8457.221466747164,43483.85258811962,305120.0106993313
865,865,8.36e+49,450000.0,0.095,55.576,4.511,51.065,False,0.618,-0.105,2012-08-26 18:21:24.479,O5,"['H1', 'K1', 'L1', 'V1']",8.92626546515444,46.69992510186197,349.26050487606415,8257.997741149806,209.22116763946465,543.7999222116238,1218.342023890664,2940946.785425729,39098358.170511566,1912790577.5375168
866,866,5.680000000000001e+50,679000.0,0.139,26.336,9.679,16.656999999999996,False,5.486,0.815,2011-11-08 23:00:47.554,O5,"['H1', 'K1', 'L1', 'V1']",14.1019178037795,0.9232518894744562,2.879931723050244,10.142769079935457,62.68691059149819,166.9587937736843,408.2947701058666,21738.089890966512,80355.96557979682,386106.0013737747
867,867,1.8e+50,612000.0,0.126,30.642,15.906,14.736,False,4.282,0.944,2012-05-08 09:34:50.248,O5,"['H1', 'L1', 'V1']",12.64624721262684,13.341362448153893,42.1923804488944,169.1638474114911,74.87647577986627,199.4235115191347,486.50013676866456,335751.423201754,1259489.2471852826,7137423.070767471
868,868,6.14e+50,848000.0,0.17,54.359,6.046,48.313,False,2.604,0.325,2012-05-24 00:18:54.805,O5,"['H1', 'K1', 'L1', 'V1']",9.809141392833244,50.99590352655066,189.50508077951773,826.0724029259992,138.5251858510347,368.659990486379,896.4378974448728,4955573.940549527,21592501.49553387,119669991.79826924
869,869,1.3099999999999999e+53,491000.0,0.103,35.664,16.97,18.694000000000003,False,5.705,0.688,2012-06-28 09:46:09.550,O5,"['H1', 'K1', 'L1', 'V1']",13.26890842322916,6.412193334820703,21.33945724536563,85.96252182090892,67.28855945826922,179.33512936274423,439.91573762062296,140494.61984656396,549261.6205875081,2935446.1054956806
870,870,7.719999999999991e+50,426000.0,0.09,28.632,11.783,16.849000000000004,False,1.715,-0.607,2012-06-18 04:02:12.231,O5,"['H1', 'L1', 'V1']",15.28275940294686,0.7454210815307095,2.337098011958896,8.092757042405466,43.309602407154046,115.47187396658052,284.25121970095057,6800.601431458069,25157.35226711755,115767.4308878154
871,871,7.150000000000001e+50,1160000.0,0.226,37.435,31.5,5.935000000000002,False,2.781,-0.914,2011-12-27 03:06:40.461,O5,"['H1', 'K1', 'L1']",8.529421526897247,162.50236698734105,764.1253938204762,3227.974297139144,144.56824252394608,383.9784945063057,923.8550936004892,12278145.36360934,65635654.8670164,384721824.6473887
872,872,3.32e+50,662000.0,0.136,28.411,26.916,1.495000000000001,False,0.101,-0.284,2012-07-21 23:00:24.705,O5,"['H1', 'K1', 'V1']",8.547686774038349,178.2252108412306,1014.0128176700756,6448.818456875456,143.35580400143976,381.9002804285207,937.5862150286448,16057108.712904094,104663443.62293129,900075278.9250835
873,873,9.77e+48,296000.0,0.064,45.389,11.461,33.928000000000004,False,1.429,1.079,2012-07-30 12:27:24.697,O5,"['H1', 'K1', 'L1', 'V1']",19.5534180875751,0.3657096120542744,1.2149720716838806,5.720388395469392,32.58251066056016,87.01558615896715,216.35603908457767,2056.142552539309,8185.904227325832,48404.43219165417
874,874,4.8800000000000005e+50,499000.0,0.105,49.083,16.161,32.922,False,5.574,-0.241,2012-07-11 07:54:26.290,O5,"['H1', 'K1', 'L1', 'V1']",11.0553665117671,8.64153854188239,29.46832751237528,127.02922464072525,71.77805084352451,191.2412479988097,468.5202306205076,229619.1432027368,917684.2620517188,5572509.90968653
875,875,9.03e+49,186000.0,0.041,17.094,8.97,8.124,False,5.814,0.596,2012-07-09 09:28:12.209,O5,"['H1', 'L1', 'V1']",42.93731409368862,0.1235189688195187,0.3861795764505349,1.3156834202535128,12.325135815430912,32.843224250626974,80.57549914899934,64.96421695382573,239.2842836663032,1089.9349586900994
876,876,2.2599999999999998e+51,788000.0,0.159,16.074,21.698,-5.623999999999999,True,6.237,-0.068,2012-05-30 04:32:26.654,O5,"['H1', 'K1', 'L1', 'V1']",9.716245274097403,21.224886233483787,71.96700938812064,347.2841219165314,104.73911701164332,279.6507197907839,695.8242807338028,960423.5445971384,3894757.95459954,30447206.56536376
877,877,1.43e+51,514000.0,0.107,18.927,12.31,6.616999999999999,False,0.558,-1.007,2011-09-17 06:32:13.008,O5,"['H1', 'K1', 'L1', 'V1']",11.4127790768813,4.523618483469548,15.084148619161324,56.39640878610216,93.59689005515816,247.4646955231976,581.8957498831012,39004.358902874985,211447.57765183787,1583565.856000791
878,878,3.88e+49,475000.0,0.1,43.175,9.798,33.376999999999995,False,5.965,-1.169,2012-04-13 22:21:58.528,O5,"['K1', 'L1', 'V1']",8.134401941243473,131.53495645098417,559.7714055054387,4797.484691325738,130.93669794349216,349.81740812982423,869.9581639365377,5968189.484666425,33754827.339091666,523872367.4291799
879,879,6.150000000000001e+49,1130000.0,0.221,28.085,21.244,6.841000000000001,False,5.903,0.276,2011-11-26 01:18:29.030,O5,"['H1', 'K1', 'L1', 'V1']",8.182264657190283,79.63533462636539,433.7158534245704,3082.16178272194,172.0944270060652,457.9580741987264,1113.4565942262216,15829220.35936028,100123841.43292733,924707006.1774265
880,880,1.9399999999999998e+51,780000.0,0.158,53.892,11.629,42.263000000000005,False,6.003,-0.165,2012-07-09 13:11:43.493,O5,"['H1', 'K1', 'L1', 'V1']",8.120743275368056,55.48880906087663,216.0796344644556,936.699171234824,165.4050581273642,440.0444224526888,1066.199213596674,6855875.521096492,31856752.21482949,229636579.92187047
881,881,9.749999999999987e+49,433000.0,0.092,57.499,13.245,44.254000000000005,False,4.666,-0.447,2011-11-21 00:16:49.254,O5,"['H1', 'K1', 'L1', 'V1']",8.45142039297561,137.73142465247628,939.7895280928132,14812.785836876144,160.25616173025605,425.14206932727313,1018.6398942153216,14398977.811912669,128225936.0152374,2919981648.06173
882,882,3.3300000000000003e+49,606000.0,0.125,74.014,19.307,54.707,False,0.723,-0.48,2011-11-23 18:27:32.346,O5,"['H1', 'K1', 'L1', 'V1']",8.579438253023948,25.690790103414543,195.0473962331254,1803.6057507839048,147.55877723009962,392.6863932834488,954.9104106106622,3321533.747751942,31462104.35549328,383218401.9164039
883,883,6.14e+50,694000.0,0.142,32.809,21.519,11.29,False,0.882,0.921,2012-04-28 16:12:13.858,O5,"['H1', 'K1', 'L1', 'V1']",10.09064482841736,5.595168086770347,22.022689040091503,415.82527450283055,109.6370929669488,292.9851346098412,732.840719104184,363232.7083604752,1628623.414637072,48876682.47136224
884,884,1.06e+48,613000.0,0.127,30.023,7.59,22.433,False,4.308,0.558,2012-08-11 12:01:42.273,O5,"['K1', 'L1', 'V1']",8.42032365697205,53.39925437857963,334.17414522303204,9562.486003799391,199.22768320077543,535.139483527592,1272.6353730811356,2563976.1418247144,27994761.72216999,2423661581.7558107
885,885,2.2599999999999998e+51,193000.0,0.042,30.568,17.865,12.703000000000005,False,2.587,-0.5,2012-06-06 15:40:14.417,O5,['H1'],22.19009833984118,2771.364848329602,8350.992392581173,24728.535614852262,30.08562156529186,79.15064415483994,183.1368769593525,3936112.3726725774,10555849.216931405,26814202.945803143
886,886,7.76e+48,483000.0,0.101,42.738,20.655,22.083,False,0.418,-0.226,2012-02-07 21:39:01.332,O5,"['K1', 'L1', 'V1']",9.521108902059863,39.47897084778616,194.5266233652245,1230.5651425641545,84.63941478975016,226.88813646192256,578.763220599613,1105704.660725884,5341481.993367708,60744153.78842636
887,887,3.87e+50,474000.0,0.1,26.379,18.534,7.845000000000002,False,0.062,-0.371,2012-08-31 12:42:26.692,O5,"['H1', 'L1', 'V1']",11.35244628898941,4.247023541793525,16.297600938021514,65.87696771656535,57.903660448234405,154.44964828200233,380.22361207195854,60085.90123087724,257834.71247632088,1399087.393185326
888,888,1.43e+51,1800000.0,0.332,36.623,8.463,28.16,False,4.812,0.638,2012-08-21 03:36:42.198,O5,"['H1', 'K1', 'L1', 'V1']",8.805517143214974,134.18613952578522,576.4424241084405,4152.714840148711,186.88056618068663,497.2127022749912,1207.9138764994393,34104223.01089885,171313459.56777686,1550674716.6212912
889,889,3.61e+47,970000.0,0.192,48.372,29.589,18.783,False,2.472,0.904,2012-06-30 20:36:22.129,O5,"['H1', 'K1', 'L1', 'V1']",8.90305773228038,93.1691854361155,359.8454745441918,1440.255428264644,154.85990496195893,412.1819510581215,1003.4398542291613,13543830.29434713,59089035.94663096,310726246.3306153
890,890,3.61e+47,430000.0,0.091,55.515,35.917,19.598,False,2.275,0.632,2011-11-10 16:18:02.523,O5,"['H1', 'K1', 'V1']",9.64825293237876,4.08410571382159,17.150012124521343,413.1234618844204,78.28080448135142,209.71319154990115,537.0251740276451,93206.98357257264,504150.7480553245,20360917.16976368
891,891,1.23e+49,98700.0,0.022,53.498,18.185,35.313,False,2.159,-1.385,2011-10-01 10:23:57.534,O5,"['H1', 'K1', 'V1']",34.76797348601448,0.0726812222858114,0.2269315554364259,0.7746571074063989,11.929310471179178,31.793644380028937,78.08205923515692,24.034291116197146,88.29590765260023,400.8697467458809
892,892,1.95e+49,534000.0,0.111,48.829,19.193,29.636,False,0.249,-0.978,2011-11-12 11:38:48.562,O5,"['H1', 'L1', 'V1']",11.04335258612746,2.3088225454868803,8.0489320773594,36.26257400085391,76.83885342931876,205.16706939214896,509.60131785789,72997.27594084715,320897.7277358005,2088766.380863566
893,893,2.2600000000000003e+50,104000.0,0.023,70.772,4.95,65.822,False,5.767,-0.594,2011-09-20 22:01:33.616,O5,['V1'],9.467257612169874,2845.7228105230347,8552.956021231512,25073.30979276696,60.07511848928039,158.2527002270838,369.7615098493199,24057140.363847952,64791110.284539066,168446154.83734596
894,894,2.4399999999999998e+51,566000.0,0.118,61.216,17.545,43.671,False,2.473,-1.065,2012-03-30 21:55:51.227,O5,"['H1', 'K1', 'L1', 'V1']",9.408535236182932,28.61634892829649,102.77230597472574,1180.4857368487726,134.87749048196497,359.2074752077003,878.147442108346,2055857.925238955,9166703.08144056,156147764.94847772
895,895,4.1699999999999995e+51,619000.0,0.128,51.968,13.538,38.43000000000001,False,4.955,-0.188,2012-05-27 18:39:43.459,O5,"['H1', 'K1', 'L1']",9.192255027610962,33.59675878798659,142.69753844178777,820.68747878623,99.19286913460256,264.2247586567298,646.7186916874098,1454141.0034138935,7174787.17223365,54803322.31737186
896,896,6.14e+50,652000.0,0.134,88.095,12.254,75.841,False,5.047,0.463,2012-05-09 09:23:05.691,O5,"['H1', 'K1', 'L1', 'V1']",9.084050197712696,59.60695016067999,291.7014348298045,1579.3451645201756,155.5469653270153,413.8412871581176,1004.8262013675871,7469913.7649649,43651698.7123441,305033450.6122022
897,897,3.6e+49,833000.0,0.168,65.822,7.932,57.89,False,0.514,-1.057,2011-12-29 09:01:40.179,O5,"['H1', 'K1', 'L1', 'V1']",8.088621935618836,223.9964940455112,3948.0102915838856,24973.156476430097,161.33029784178234,429.4958807552716,1046.2355279125843,52647938.597700745,876048582.0499816,6422024797.20487
898,898,4.520000000000001e+50,878000.0,0.176,27.272,15.648,11.624,False,5.188,1.193,2012-09-04 04:12:59.358,O5,"['H1', 'K1', 'L1', 'V1']",9.8229586936592,42.56894408241372,199.9416939083838,1126.126158735389,135.33610245637487,360.305486729902,877.8253839253612,4054498.0307543576,21164570.19493589,158763380.37660876
899,899,1.55e+48,913000.0,0.182,12.824,15.648,-2.824,True,3.421,-0.982,2012-02-17 02:59:49.156,O5,"['H1', 'K1', 'L1', 'V1']",8.594129553687194,75.1424249691003,311.8011315855433,1908.321623339168,161.2912843798481,429.1309077422736,1042.270810850333,12349434.09925982,59868098.13084079,495731842.9753093
900,900,4.8800000000000005e+50,452000.0,0.095,56.11,18.541,37.569,False,5.872,0.645,2011-12-20 16:09:44.408,O5,"['H1', 'K1', 'V1']",8.771552859895682,160.96825323275024,727.3202486550684,5436.862150721444,155.2616604380263,414.0382722186751,1016.6528130405194,10519135.521549258,63337552.46133135,910701107.8297508
901,901,5.6699999999999995e+51,845000.0,0.17,55.43,6.861,48.569,False,3.126,0.463,2012-05-29 20:04:40.451,O5,"['H1', 'K1', 'L1', 'V1']",8.052861304133359,170.36977689699458,1631.6781846917395,18396.84253825472,163.36755178791236,434.4864014133933,1052.417942706794,28297724.31377949,350659399.5648147,4656976522.33717
902,902,3.88e+49,513000.0,0.107,27.299,15.766,11.533,False,3.579,-0.227,2012-06-30 06:44:50.560,O5,"['H1', 'L1', 'V1']",11.80203090012164,4.369524141544078,13.197321147569918,42.13045243912352,56.846743077493215,151.40427048385578,370.223468856398,69146.07711551603,244971.90464335625,1110876.0482390898
903,903,2.2600000000000003e+50,600000.0,0.124,49.026,10.984,38.042,False,4.093,-1.265,2012-08-24 10:15:14.996,O5,"['H1', 'K1', 'L1', 'V1']",11.044693779413,2.921145133253198,17.830293808681954,412.231377242151,104.07647996060508,278.3977672306271,699.791446465742,166132.77763896217,1237433.7920471097,41255116.705031306
904,904,1.8e+51,620000.0,0.128,40.066,9.475,30.591,False,4.003,-0.518,2012-08-08 10:21:37.326,O5,"['H1', 'K1', 'L1', 'V1']",11.4265737558566,10.863862114963409,37.37876071320608,184.75314769248936,94.6302476426372,252.14611110265548,620.4985256811492,344209.906026408,1487844.377197028,10567827.108846145
905,905,3.89e+48,799000.0,0.161,29.978,10.219,19.759,False,2.136,0.416,2011-11-14 13:41:05.015,O5,"['H1', 'K1', 'V1']",8.76539221365936,199.23997535074017,915.6019009050016,5507.96322619166,134.97577240968133,359.69317694925587,884.0508467371633,13362088.712343642,81505145.96791437,651902566.9011188
906,906,3.6e+49,991000.0,0.196,23.021,10.471,12.55,False,3.11,-0.436,2012-08-03 05:03:14.549,O5,"['K1', 'L1', 'V1']",8.791240013558532,19.55832858038868,105.0147985928094,998.6877444428,127.676621701155,340.7896866051112,842.9732306667145,1114989.6592674514,8211831.988934443,112660152.2339528
907,907,1.2199999999999999e+51,727000.0,0.148,9.61,34.798,-25.188,True,5.907,0.571,2012-08-12 04:50:02.778,O5,"['H1', 'K1', 'L1', 'V1']",11.53474136274844,1.3923052443658392,4.351689979455582,16.04078438318518,83.19962407443779,221.4890821946518,539.8581212829205,50768.62723750855,190403.504932944,985308.3916789443
908,908,8.339999999999991e+50,622000.0,0.128,24.942,23.084,1.8580000000000003,False,1.27,0.894,2012-04-03 09:28:08.744,O5,"['H1', 'K1', 'L1', 'V1']",8.178362689394017,3.558017689736169,17.00592548764561,980.2038916287664,140.8119771755372,380.3031413442934,1002.8259938800472,211746.93898508363,1355553.5047909096,193027426.4471165
909,909,3.07e+51,414000.0,0.088,8.999,13.404,-4.404999999999999,True,5.238,0.108,2012-08-28 22:32:40.126,O5,"['K1', 'L1', 'V1']",13.61476769152591,3.3283922957144343,11.92517531158371,37.78598913098972,40.03238299321316,106.5261077945744,259.1156877033623,21559.94786364957,77497.27140185387,315534.8951782688
910,910,2.09e+51,517000.0,0.108,60.164,32.774,27.39,False,5.465,-0.203,2011-12-04 14:37:44.087,O5,"['H1', 'K1', 'L1']",8.085969863824609,178.10919222797114,801.564587830281,3911.7249346486255,163.9698866934325,434.8630508003066,1039.328290881313,17692499.488953773,98393561.76212424,657527411.7192909
911,911,7.719999999999991e+50,825000.0,0.166,41.679,10.515,31.164,False,5.709,-0.494,2011-11-25 09:42:24.532,O5,"['H1', 'L1', 'V1']",8.955142159025657,21.79706144487421,110.61663602117368,1106.0470504682517,143.29290293055453,381.96843429948206,936.5134563411988,2112574.793671096,13221019.773288269,161270496.7338338
912,912,3.61e+48,266000.0,0.058,40.498,10.3,30.198,False,0.871,0.054,2012-03-29 08:28:55.442,O5,"['K1', 'L1', 'V1']",17.80883283490551,5.135808136998056,15.233725403999127,45.42579775087009,27.39964111726732,72.97205112126233,178.28172276506908,16945.91085684863,57664.53125703121,228819.6407923973
913,913,1.54e+50,655000.0,0.135,33.522,30.23,3.291999999999998,False,5.11,0.776,2011-09-16 07:09:12.803,O5,"['K1', 'L1', 'V1']",8.606354084053065,13.204615780194796,186.52712601405068,6913.40827089386,197.31665329987857,516.8673882869591,1178.958397234842,465491.72449854994,16844597.3358872,1487066603.666279
914,914,8.339999999999991e+50,942000.0,0.187,16.614,8.075,8.539000000000001,False,0.525,-0.497,2012-02-21 05:37:12.591,O5,"['K1', 'L1', 'V1']",8.761031847857579,19.45142981842073,65.2357098608641,483.8689896070613,112.93438030048084,301.7450137961831,754.9009263997903,749467.8294223909,3263674.929521276,44343448.331296496
915,915,3.58e+51,1120000.0,0.219,48.527,9.121,39.406,False,2.98,-0.796,2011-10-06 01:38:16.430,O5,"['H1', 'K1', 'L1', 'V1']",8.10583880228169,146.92583499987956,1027.7541766212062,13972.970080050998,166.01426162851726,441.87244238245125,1075.4311372738853,32115695.32347446,260243877.7426057,4168789934.912093
916,916,1.54e+52,218000.0,0.048,71.689,9.245,62.444,False,3.533,-0.902,2012-02-25 21:21:04.307,O5,"['H1', 'K1', 'V1']",15.42672423002041,177.50699179952983,677.7412865849803,2998.924298878438,65.97780173394264,157.17547950953033,342.46073080642424,349423.79200821253,2773459.822953947,15057762.179727469
917,917,9.78999999999999e+47,1110000.0,0.217,21.637,12.873,8.764000000000001,False,1.128,-0.281,2011-11-16 11:18:22.393,O5,"['H1', 'K1', 'L1', 'V1']",8.03371703753438,27.71755635915293,176.94464176203618,2749.2512783748552,184.46557211710527,490.386341670488,1179.7420965324686,3579886.6609340687,28367807.78760088,818553518.1022135
918,918,7.76e+48,729000.0,0.149,37.216,17.649,19.567,False,1.034,0.12,2012-04-21 18:09:31.629,O5,"['H1', 'K1', 'L1']",8.138525031538679,100.7599419464211,370.9542811991361,1351.2606428271115,132.98113348302854,354.2979966813763,868.9883535479205,7129618.789896684,31050374.679846887,165426851.4588151
919,919,1.3199999999999999e+51,609000.0,0.126,35.596,8.8,26.796,False,5.613,-0.147,2012-09-03 21:30:05.473,O5,"['K1', 'L1', 'V1']",9.087525858665124,34.295186260340024,125.72491523099131,614.2520505489754,111.97641637930552,299.05785327842824,748.3774077432611,1353666.5516772368,5631386.752143505,48888596.677241065
920,920,5.73e+47,715000.0,0.146,33.81,15.571,18.239000000000004,False,4.922,-0.221,2012-07-03 18:38:41.551,O5,"['H1', 'K1', 'L1', 'V1']",10.8443699591107,5.774079950801544,23.16448736061298,121.21881255379792,100.05998049646225,266.47071010549644,650.4570641766088,278657.23046128795,1229873.3715914653,9453905.397415848
921,921,3.87e+50,640000.0,0.132,61.955,12.834,49.121,False,2.839,-0.08,2012-01-11 08:49:54.003,O5,"['K1', 'L1', 'V1']",8.068537726774322,803.2629336500407,2969.7690304197704,10360.326234425927,166.21093848965836,441.9042145332629,1068.8716122592284,88978920.95172583,379272191.1779662,1802115091.5564823
922,922,1.05e+49,507000.0,0.106,47.857,12.796,35.061,False,3.808,-1.011,2012-01-18 18:56:21.619,O5,"['H1', 'K1', 'L1', 'V1']",10.37537163037995,5.625379410463803,23.69190048470045,141.80708324576122,100.25550870728534,269.4994726736385,716.1166473939224,237038.2558291312,1241996.4858494983,13281063.534680238
923,923,8.339999999999991e+50,404000.0,0.086,23.631,19.011,4.620000000000001,False,0.079,0.546,2012-08-19 15:01:55.518,O5,"['K1', 'L1', 'V1']",8.688402318857477,3.0014609814973525,16.28777338676832,213.3067232474401,72.62847662269513,196.2127976824489,593.5872845973602,29089.1591719698,219248.79528950303,5774737.437132602
924,924,3.07e+51,892000.0,0.178,14.864,21.054,-6.189999999999998,True,2.171,0.072,2011-10-29 02:20:03.882,O5,"['H1', 'L1', 'V1']",8.032298162435804,51.938230528611335,219.21942085730123,1246.3223668037604,148.43761272815618,394.70469428251386,954.8151078952224,4416025.36797658,24455565.507484537,212803286.5233009
925,925,3.89e+48,1330000.0,0.255,4.476,19.167,-14.691000000000004,True,5.216,0.605,2012-04-13 09:44:28.742,O5,"['H1', 'K1', 'L1', 'V1']",8.235141466025189,26.16545868933076,290.90349214421525,13022.288394215324,192.39694264336845,512.1691011921428,1245.3405778036172,5456188.759486881,69962030.51226686,4013128273.328024
926,926,1.2300000000000002e+50,824000.0,0.166,13.488,17.349,-3.8610000000000007,True,5.063,0.167,2012-03-05 07:29:53.640,O5,"['H1', 'K1', 'L1', 'V1']",10.32194236081334,5.540025162397298,19.009979607842684,121.9575532178517,88.98783120495898,237.4255777464472,588.4844898158101,209249.0225538824,894086.0646679387,8538814.18328659
927,927,3.07e+51,848000.0,0.17,19.8,12.994,6.806000000000001,False,5.097,-0.719,2012-04-21 01:30:23.309,O5,"['H1', 'K1']",8.407184131659525,1819.3219732939529,5490.350453508948,15348.157880257688,136.45182575017043,362.20442330903234,868.2633998778631,100826095.43095458,361351126.57368034,1297099226.7176144
928,928,2.65e+48,654000.0,0.134,14.058,19.43,-5.372,True,3.286,-1.018,2012-07-25 13:30:46.062,O5,"['H1', 'K1', 'L1', 'V1']",13.63724714082206,9.763355011139009,41.71504492517562,162.9886765703485,66.75105787928919,177.64783420222153,432.14349450582375,216880.6652862238,954272.9393569846,5120971.866510003
929,929,4.1699999999999995e+51,475000.0,0.1,73.237,20.835,52.402,False,5.926,-0.617,2012-01-14 10:51:25.309,O5,"['H1', 'L1', 'V1']",8.44553562179824,67.62571491668724,264.303061433058,1330.4530533616155,139.48419952622737,371.06771258733056,900.4846797505475,7360246.244595203,33767813.274110906,233759218.37941024
930,930,8.36e+49,870000.0,0.174,25.647,11.153,14.493999999999998,False,5.955,-0.027,2012-08-15 09:07:34.378,O5,"['H1', 'K1', 'L1', 'V1']",8.469373444582883,66.50014183018749,282.5282986904745,2283.8462631052284,162.4967031716675,432.16045754539743,1046.789791718092,8529856.031027917,47764815.27679819,538545292.0717739
931,931,6.150000000000001e+49,985000.0,0.195,15.709,14.144,1.5649999999999995,False,3.714,-0.139,2011-12-07 03:48:25.252,O5,"['H1', 'K1', 'V1']",8.891797781430949,36.88094478076565,214.52453943969564,4211.396893791368,144.43733183624852,386.0001880803784,966.2010954622358,2383481.306769112,19972591.54016532,659381047.1493329
932,932,8.339999999999991e+50,460000.0,0.097,7.974,23.11,-15.136,True,3.14,-1.375,2012-04-24 05:56:04.861,O5,"['H1', 'K1', 'L1', 'V1']",13.14176500167259,0.5799657496178052,1.934909978659547,7.428505538237816,45.81936731075666,121.97666808012735,297.5047999798131,5865.928521064001,23362.524157734308,119019.50916646664
933,933,1.1400000000000001e+49,164000.0,0.036,58.591,21.345,37.246,False,5.016,0.359,2012-04-07 12:23:12.099,O5,"['H1', 'K1', 'L1', 'V1']",27.26192519449004,0.4732340307675581,1.4624710606023916,4.8686112266666735,23.214923316118306,61.83358538459569,151.17066131822406,810.904880533323,2945.416018342697,13016.550478806508
934,934,3.61e+48,798000.0,0.161,14.179,9.322,4.857000000000001,False,0.674,-0.008,2011-12-13 18:16:51.414,O5,"['K1', 'L1', 'V1']",8.392146685046853,95.22617748666748,427.4898094130345,1856.9236827189952,124.68408695284188,332.333685388342,817.0737414004811,4842429.806258461,27286234.69082852,202030234.5927601
935,935,1.54e+51,1430000.0,0.272,12.785,19.551,-6.765999999999998,True,3.774,0.619,2011-10-09 18:51:59.323,O5,"['H1', 'K1', 'L1', 'V1']",8.51825443183684,12.783921140119498,87.91714375784547,1240.36937396578,168.33538221915433,448.216498582363,1094.4226725423157,2557631.693277813,19983195.4449386,364200395.2876698
936,936,4.1900000000000004e+49,583000.0,0.121,30.394,22.081,8.312999999999999,False,3.008,0.759,2012-09-05 02:05:26.940,O5,"['H1', 'K1', 'L1', 'V1']",10.57020179892557,2.0070789404201688,7.79458975607839,37.77194042871269,75.43449590370511,200.90572593799124,491.1384546888521,46092.1594767081,223247.5377398588,1477101.5063313628
937,937,9.749999999999987e+49,1040000.0,0.205,27.483,25.721,1.7620000000000005,False,3.764,-0.548,2012-06-30 12:23:08.873,O5,"['K1', 'L1', 'V1']",8.886995476877823,17.117484015195085,92.33998199497444,640.3789256479148,113.86881030039126,304.0505416957368,758.7538123445976,921952.2027571482,5713657.205421186,57296406.51612746
938,938,4.18e+50,853000.0,0.171,37.027,10.87,26.157000000000004,False,4.921,-0.521,2011-11-30 08:03:33.437,O5,"['H1', 'K1', 'L1', 'V1']",10.21923898514119,10.0087678555218,62.0818851158669,720.999287650614,132.6613118297364,353.3241599590441,862.5486233500762,964004.855625556,7584836.177469283,102687722.53870824
939,939,3.3099999999999995e+51,517000.0,0.108,22.781,8.038,14.743,False,4.412,-0.4,2012-08-21 17:52:14.067,O5,"['H1', 'K1', 'V1']",9.72004852645108,6.958356247664645,28.82740410816148,212.6133713577081,75.82054645845915,202.5828844251962,507.4931715748068,171844.09268615994,864665.9573596213,10087549.852125026
940,940,2.09e+51,755000.0,0.153,54.393,14.231,40.162,False,5.139,-0.888,2012-01-22 08:33:20.012,O5,"['H1', 'K1', 'L1', 'V1']",9.121016476909482,43.12746116777833,205.30509004511225,1015.3334283908022,151.24457570544132,402.9929048989613,985.341805867486,4029963.244383534,23083674.5950055,181161674.3365493
941,941,4.8800000000000005e+50,10300000.0,1.402,87.17,18.111,69.059,False,1.854,0.87,2012-02-03 12:21:50.140,O5,"['H1', 'K1', 'L1', 'V1']",8.05334676711808,3561.698753372111,14034.340238684676,33785.079011166905,227.0691477250607,605.1695468312425,1485.081380637428,2228212356.3748927,8383816119.707541,23568209914.95002
942,942,1.1299999999999999e+51,543000.0,0.113,81.938,24.172,57.766000000000005,False,2.255,-0.845,2012-01-07 01:24:58.762,O5,"['H1', 'K1', 'L1', 'V1']",8.30249220769533,327.89335348327535,1497.492196769757,16696.465628645314,156.59245630924374,416.8209091896204,1014.4045974658852,54567860.28924682,299099694.9281567,3996373317.447301
943,943,3.61e+48,996000.0,0.197,31.123,33.339,-2.215999999999997,True,3.203,0.26,2012-06-13 00:16:33.886,O5,"['H1', 'K1', 'L1', 'V1']",9.188530500165095,15.053711338738603,95.81899055760336,860.7849977574598,143.11324070612534,380.9472863092856,927.812121359814,1675429.2105057712,12776078.729792574,146299681.7303344
944,944,5.25e+51,1310000.0,0.252,19.226,31.457,-12.231000000000002,True,3.162,0.249,2012-03-06 08:26:51.080,O5,"['H1', 'K1', 'L1', 'V1']",8.96288430740965,135.46044037269883,483.6656743588829,1828.798213867732,164.10765465459465,436.4818449656947,1057.6956847168335,21578874.47074908,85883205.87816404,434849842.2862426
945,945,9.78999999999999e+47,243000.0,0.053,43.8,21.825,21.975,False,4.299,-0.236,2011-09-19 06:51:42.337,O5,"['H1', 'K1']",8.826679113955326,49.40960384539509,205.6971689964396,1111.763609899882,64.642620209043,184.7751346398736,627.4995546241526,205258.89722919985,1175114.7677838928,21611623.613716856
946,946,5.26e+50,835000.0,0.168,47.97,5.577,42.393,False,2.878,-0.347,2011-12-05 00:59:52.629,O5,"['H1', 'L1', 'V1']",10.09083302966586,36.23973114380766,153.7666384702124,698.4141588297507,111.99797447059552,298.4622583016045,730.8424757823395,2118345.4096715786,11231466.06363468,70844404.73515417
947,947,2.2599999999999998e+51,553000.0,0.115,47.547,9.889,37.658,False,5.57,1.113,2012-03-15 06:28:32.401,O5,"['H1', 'K1', 'V1']",8.895342311844145,182.38434439088607,959.626414922126,4811.5201859317085,133.22115047820444,355.36362835968515,894.5677228348824,7372801.192528449,51016334.39670822,410055519.4521632
948,948,7.7e+51,498000.0,0.104,81.121,7.526,73.595,False,2.831,-1.256,2012-02-18 06:59:10.034,O5,"['H1', 'K1', 'L1', 'V1']",9.020437131392322,3.4029634819591124,12.586106913071538,88.04803119679993,114.31361778642317,305.8639422807957,774.0429448120769,159355.70623895616,733725.0477626626,9380962.544319293
949,949,6.63e+50,609000.0,0.126,39.487,11.384,28.103,False,1.228,-1.28,2011-12-24 05:28:31.632,O5,"['H1', 'K1', 'L1', 'V1']",9.054981269301974,3.28746198095618,27.55883657701873,2751.278711775905,144.9322910004305,388.05424584309696,926.9259924776436,136245.90663066602,1972047.409189676,418926357.9098516
950,950,6.14e+50,735000.0,0.15,41.704,12.064,29.64,False,4.063,0.967,2012-01-03 15:16:53.854,O5,"['H1', 'K1', 'L1']",10.4893042247864,136.19608056213644,489.2485220242491,1865.2276793956505,112.8846274830197,299.88195156110453,719.9733837596093,7673159.620855488,29972641.00310176,127673440.4532128
951,951,8.339999999999991e+50,257000.0,0.056,27.293,11.384,15.909,False,1.813,0.843,2011-11-28 18:24:21.812,O5,"['K1', 'L1']",12.66383861903451,7.14590395255239,23.86011348557031,86.44801238569552,28.86584616904668,76.96859589329225,189.3339667185105,14045.590121091638,59689.18583580005,302857.81622851867
952,952,5.680000000000001e+50,602000.0,0.125,27.84,11.058,16.782,False,5.117,-0.148,2012-09-02 16:11:33.326,O5,"['K1', 'L1']",8.46713631137053,1178.93161117341,4328.407454970216,13775.323603343948,115.14735513172718,305.69920104499795,734.1916772765409,55845348.35076331,225412997.76377884,830299073.2791579
953,953,1.23e+48,1070000.0,0.21,30.454,8.507,21.947000000000003,False,5.559,0.369,2012-09-01 16:05:51.505,O5,"['K1', 'L1', 'V1']",8.037315575923207,612.7504300234383,3560.095627537542,16703.726693775337,171.18917836595028,455.0439775250175,1097.310322757813,82709530.0080393,554120758.7153599,3651133642.089995
954,954,9.72e+50,432000.0,0.091,2.44,16.075,-13.635,True,4.688,-0.574,2012-01-20 14:14:34.252,O5,"['H1', 'L1', 'V1']",10.82872657392383,25.923052715039088,96.9878784346728,330.2673246219719,59.9573274789754,159.52434742592908,387.0885315521962,274539.765909148,1162194.2444055548,5781160.790570455
955,955,8.4e+47,851000.0,0.171,26.658,13.061,13.597,False,1.223,-0.7,2011-09-15 18:39:01.206,O5,"['K1', 'L1', 'V1']",8.21636292511749,120.9409730138578,577.077826031645,7487.684035243798,160.51743137201606,427.5519432552732,1045.962033416,12836838.166780826,76264388.91713491,1428315461.8789206
956,956,1.2300000000000002e+50,3720000.0,0.611,56.565,29.252,27.313,False,1.847,0.61,2012-08-18 05:26:09.061,O5,"['H1', 'K1', 'L1', 'V1']",8.019695333339593,2130.896967907695,9845.696561352966,30816.261528773262,171.44489946712292,457.2588178317794,1126.25048828158,764432524.3030365,3508357950.899443,12254244856.849148
957,957,2.65e+48,218000.0,0.048,53.432,8.544,44.888000000000005,False,1.712,-0.595,2012-06-04 23:35:27.681,O5,"['H1', 'K1', 'V1']",14.90235312997052,1.2745427780401783,4.760593112266083,69.5539562323312,32.25200487007393,86.34016287611547,212.8486696092311,3972.117161694294,18424.417578931047,262906.0679504346
958,958,3.07e+51,831000.0,0.167,34.482,26.608,7.873999999999999,False,3.249,0.581,2012-01-24 04:47:18.339,O5,"['H1', 'K1', 'L1', 'V1']",9.205472394804412,13.913696327753993,48.423796851229454,925.1040035950296,138.34427871970104,369.9036602976047,926.4191604785544,1063861.4361380734,5012799.615362139,163058701.475677
959,959,1.2199999999999999e+51,597000.0,0.124,53.064,11.788,41.276,False,3.618,-0.795,2012-05-13 16:38:47.506,O5,"['H1', 'K1', 'L1', 'V1']",13.62025380858256,3.5184740777926504,16.6615952364521,92.5348995969781,73.2975059363248,195.25541134898947,478.14524813001793,121806.18634603544,638836.7229247204,4374637.384111063
960,960,1.9399999999999998e+51,1610000.0,0.301,15.349,16.122,-0.7729999999999997,True,1.343,-0.161,2011-09-17 23:21:30.095,O5,"['H1', 'K1', 'L1', 'V1']",9.097759421719458,14.483056572404736,59.92646759984279,645.7259995091122,142.307689013526,384.7058000760545,1010.899064472244,994488.3746134932,5512980.033932678,123604086.82118368
961,961,1.0499999999999999e+51,267000.0,0.058,44.445,29.549,14.896,False,5.26,0.826,2012-05-28 20:50:17.274,O5,"['K1', 'V1']",10.46561957401826,22.06686395295598,65.6612722639276,239.5859342172678,40.933585492455,108.83137169141412,265.3742494079734,74966.73351734196,271373.1595358732,1443365.601849999
962,962,2.2599999999999998e+51,557000.0,0.116,54.111,10.78,43.331,False,5.368,0.815,2011-11-09 21:44:51.192,O5,"['H1', 'K1', 'L1', 'V1']",11.71186387993866,1.4957501021671002,4.844875633983376,20.055922607192965,76.17094326201493,202.92013678325145,497.0952612662532,49898.225782288624,193504.87313903635,1145763.8601297971
963,963,9e+50,963000.0,0.191,22.607,9.554,13.053,False,1.252,0.435,2011-10-13 07:16:45.130,O5,"['H1', 'K1', 'L1']",8.193182336165052,98.96632927434923,499.7107554842695,2497.1431988784443,161.58725896112776,429.86435280073806,1040.6739044225897,8876850.369937189,60580765.39309511,457531881.420869
964,964,3.32e+50,444000.0,0.094,61.648,7.47,54.178,False,3.07,0.589,2011-10-31 09:35:56.490,O5,"['K1', 'L1', 'V1']",8.257924036234018,93.4696216352048,515.1771279934903,12516.240656470663,148.02627741323602,393.56675810532965,949.371605831296,7017151.951250967,53890415.83458305,2086470401.9664435
965,965,2.11e+48,1530000.0,0.288,26.401,14.703,11.698,False,3.776,0.525,2012-08-27 23:18:59.242,O5,"['H1', 'K1', 'L1', 'V1']",8.071804388848403,96.63849106578525,622.2583137503042,4745.560928802959,165.4357784195195,440.2501043948366,1070.952488819294,20725579.12353129,146120883.75104624,1421483882.4084823
966,966,4.89e+49,959000.0,0.191,6.824,34.366,-27.542,True,4.967,-0.895,2012-06-30 21:37:28.353,O5,"['H1', 'K1', 'L1', 'V1']",11.23200881023935,15.36314115566325,52.1664642460596,166.68495395199938,93.8235414966515,249.7464412594834,608.150238103848,709447.5922599821,2686696.777411728,12366982.341459071
967,967,9.77e+48,721000.0,0.147,9.786,16.657,-6.871,True,1.109,-0.255,2011-09-14 16:04:08.254,O5,"['H1', 'V1']",8.112328810677665,113.90024406736738,665.3301207006069,7602.726182183513,144.07456484338786,386.976061938106,981.4635046842156,6293986.798857775,52203668.63243212,1091737869.2282429
968,968,1.43e+51,748000.0,0.152,36.96,15.427,21.533,False,1.786,1.178,2012-06-09 23:48:41.714,O5,"['H1', 'K1', 'V1']",9.627686258491607,481.5004510389986,1532.121278825017,5862.408857195119,131.56957022095207,350.1687259370448,852.8786580992703,30143251.10197043,117289553.75691542,590110913.2277908
969,969,1.66e+51,984000.0,0.195,35.883,4.965,30.918000000000003,False,3.321,-0.754,2012-06-28 13:45:12.410,O5,"['H1', 'K1', 'L1', 'V1']",10.33450899176332,29.833594236153523,131.37939156192658,628.987277446679,137.51061812697458,366.0700599118615,891.6042066906822,3348268.7808057084,15628091.07934001,101071475.11875524
970,970,2.6400000000000003e+50,477000.0,0.1,52.227,20.977,31.25,False,5.772,0.344,2011-10-04 06:09:41.912,O5,"['H1', 'V1']",8.413520669331486,472.1991684715848,1570.0278442492368,6603.443948918526,122.21697076486817,325.73206778727626,795.9293498720692,23439729.50976596,96158210.49609669,539814803.636282
971,971,1.67e+49,261000.0,0.057,68.425,12.341,56.084,False,5.923,0.139,2011-12-05 20:08:34.070,O5,"['H1', 'K1', 'L1', 'V1']",8.502040434835745,50.273069481553335,498.51455133222674,6350.964426353149,166.4240324318954,438.3667049117396,1020.3333925846129,3762081.883429222,57213401.30797952,1210125973.9123728
972,972,1.2199999999999999e+51,775000.0,0.157,26.183,11.864,14.319,False,5.666,1.55,2012-02-26 01:16:49.022,O5,"['H1', 'K1', 'V1']",9.02365799389244,32.67210130746266,169.8735675861445,2423.288537883528,110.97267317476974,296.1801917165076,735.5089880950841,1558262.5405930318,10061511.755333306,224593044.80481085
973,973,1.66e+51,573000.0,0.119,46.257,10.474,35.783,False,3.839,1.22,2012-05-11 16:56:34.310,O5,"['H1', 'L1', 'V1']",8.284397184219984,15.182655373248096,105.55881867890815,2603.6603968645254,150.03155077654378,400.4579345806221,980.259483922984,932956.6938264996,10831019.458492026,434134578.77288735
974,974,4.18e+50,618000.0,0.128,20.478,18.049,2.429000000000002,False,4.509,0.541,2012-01-10 12:58:44.530,O5,"['K1', 'L1', 'V1']",10.94740038207572,5.777139985739931,28.002642084702185,196.3537507847666,70.3373450454618,187.64108548680883,462.9707240370636,134178.89533940642,818514.6621063474,6763014.196638194
975,975,4.5300000000000003e+49,716000.0,0.146,23.149,28.707,-5.558,True,0.394,0.217,2011-11-17 04:32:03.879,O5,"['L1', 'V1']",10.39277981617334,59.0904264313667,223.1609247043709,1646.3734152525044,79.69711945679467,212.56270373858013,522.94792216985,1303776.8795120225,6727449.513747271,66951428.18741725
976,976,1.44e+48,854000.0,0.172,60.057,20.678,39.379000000000005,False,4.666,1.025,2012-01-27 18:46:04.714,O5,"['H1', 'K1', 'L1', 'V1']",8.957182772319891,870.9294563239752,4372.271161083985,25188.31635959889,151.13773942820785,403.6282004790792,1001.367470245448,148322756.11393294,853953988.6760975,5716143949.5958605
977,977,4.86e+51,689000.0,0.141,31.952,26.736,5.216000000000001,False,5.313,-1.281,2012-09-12 16:35:44.580,O5,"['K1', 'L1', 'V1']",8.008511789357112,269.2994369086042,1826.278998237355,10972.031358990014,152.51882722482037,405.5922160020383,981.2388461698596,25668376.568611752,206448390.69979763,1796931672.5716894
978,978,1.06e+47,161000.0,0.035,84.694,8.378,76.316,False,4.061,-0.121,2012-06-17 04:52:24.444,O5,"['H1', 'L1']",20.85457492170334,26.477203332495552,78.94655947082119,272.62978746023896,34.521583264581665,92.07848311670357,227.74804416679245,81237.14877298112,281021.66794355056,1211741.9440540888
979,979,1.43e+51,533000.0,0.111,61.895,18.323,43.572,False,5.909,-0.958,2011-12-19 07:54:06.827,O5,"['H1', 'L1', 'V1']",8.294245015949379,6.473039374649076,23.02058659206325,223.36865812302065,131.8884165176305,351.4340619682938,861.6096112533581,605031.4103628751,2663150.312361162,42865046.93796922
980,980,1.55e+49,215000.0,0.047,76.342,8.247,68.095,False,2.647,-0.071,2012-06-08 18:21:12.416,O5,"['H1', 'K1', 'L1', 'V1']",8.873093774698813,12.122449561815127,55.25614497485491,322.29418374448966,115.43335149944107,311.51409356067603,835.7810659338654,280782.6289432391,1674201.7872560264,24535436.566542555
981,981,2.85e+50,584000.0,0.121,5.411,10.089,-4.678000000000001,True,4.248,-1.323,2012-05-13 01:22:49.270,O5,"['K1', 'L1']",8.244288215621642,311.808790070989,3218.474134232619,14240.73161799593,139.25095740452764,366.848445863705,860.6503813258003,7853103.536002069,165412332.57653865,1074068979.5353975
982,982,3.3099999999999995e+51,531000.0,0.111,30.182,10.673,19.509,False,4.42,0.574,2012-08-07 03:48:06.058,O5,"['H1', 'K1', 'V1']",11.37215161765843,95.10751735513624,452.9943598107744,3285.3709292676285,79.82350777702334,212.9305186695045,516.4727638296267,2292757.770688631,13229779.019483251,100019185.52373634
983,983,4.9e+48,9560000.0,1.32,86.513,20.299,66.214,False,2.07,-1.358,2011-11-24 11:58:49.334,O5,"['H1', 'K1', 'L1', 'V1']",8.2017658628066,937.3725370931844,7926.020745734792,30977.29489997593,252.3011232082617,672.5880243809943,1649.9712283446754,601598425.7884134,5259291915.30538,22257248373.99412
984,984,1.1299999999999999e+51,404000.0,0.086,41.945,12.656,29.289,False,5.3,-0.46,2012-01-02 21:25:31.299,O5,"['H1', 'K1', 'L1', 'V1']",11.50836277408458,3.040476538593167,11.08041164587452,56.37161116819178,50.232734744817606,134.00177872288822,331.7825371520577,31486.877996064268,142418.52865300197,1036713.1923346624
985,985,1.23e+49,415000.0,0.088,67.491,4.821,62.67,False,0.427,-1.428,2012-08-13 18:29:02.285,O5,"['H1', 'K1']",8.334850980592227,926.1538917616384,4023.715465395846,14307.901870377083,119.49283591822996,316.804477285303,756.3229821045179,44357819.93542401,199767097.97229168,855826840.5901018
986,986,1.94e+50,421000.0,0.089,62.277,24.217,38.06,False,2.709,0.335,2012-08-14 14:39:28.270,O5,"['K1', 'L1', 'V1']",8.889390477655443,15.163973998405304,50.40159368312574,194.2336567054789,112.74599275942796,300.9810474579402,749.2926265051328,520217.7504248199,1929441.35104364,13327924.46284447
987,987,3.09e+49,1120000.0,0.219,19.801,10.037,9.763999999999998,False,1.62,0.336,2012-01-14 07:52:09.301,O5,"['H1', 'K1', 'L1', 'V1']",8.076797540334947,107.25091951936707,484.47370846855273,3147.9310214950574,166.24857338043716,442.1555568376913,1071.1441208732208,16311339.3391097,87636719.34969246,801450589.1890141
988,988,6.119999999999999e+51,882000.0,0.177,30.866,22.946,7.919999999999998,False,0.022,-0.852,2012-04-08 02:58:47.755,O5,"['H1', 'L1', 'V1']",10.44157865127438,3.442880539741845,14.302522692244512,363.653906811369,99.5925274616427,265.971506249089,661.8730209963805,187000.60492397245,1002651.3303856846,31478231.20361752
989,989,2.4399999999999998e+51,383000.0,0.081,74.531,20.908,53.623000000000005,False,0.103,-0.823,2012-08-12 09:51:34.033,O5,"['L1', 'V1']",8.366325340391523,18.906930226867427,81.42842625904994,2734.442924828702,105.60274255333576,291.2523659705027,896.5589465454365,368360.2338692495,2172304.3895665,275695625.09907407
990,990,3.87e+50,805000.0,0.163,54.315,24.442,29.873,False,5.671,0.449,2012-05-15 11:37:02.708,O5,"['H1', 'K1', 'L1', 'V1']",8.126073169516888,141.63585510545963,778.2463039902391,3754.163688049951,147.4218658362156,392.5543970929325,957.6704222457678,20283805.78497971,120770466.81858584,818677383.4059272
991,991,5.680000000000001e+50,166000.0,0.036,30.816,12.628,18.188,False,4.101,-0.488,2012-07-28 11:01:42.863,O5,"['H1', 'K1', 'L1', 'V1']",39.96736959202454,0.0977859621194089,0.304541381905365,1.024683442239929,10.460769495828655,27.8650893565177,68.2164340112659,41.141908821817694,150.20822986780544,668.2125103554207
992,992,3.09e+49,469000.0,0.099,22.297,11.048,11.249,False,3.188,1.075,2011-10-04 19:33:03.691,O5,"['L1', 'V1']",10.87418231283075,379.0863348204425,1380.164263506534,6274.303504603919,72.81719593200262,193.95890062677103,476.2524498866352,5014828.57618254,22293203.78085782,141819421.92626414
993,993,2.86e+48,8800000.0,1.234,15.484,14.82,0.6639999999999997,False,5.418,-0.594,2012-01-06 06:39:21.705,O5,"['H1', 'K1', 'L1', 'V1']",8.285973933075116,2575.3903595724546,10188.459958814556,30502.70226456096,218.90033978532665,583.8131858943223,1437.8100691551858,1466074332.1165247,6124590582.255737,20507025246.192703
994,994,2.11e+48,602000.0,0.125,38.715,13.027,25.688,False,6.161,-0.342,2012-04-23 05:53:35.584,O5,"['H1', 'K1', 'L1']",11.68728829750071,100.4918506610906,343.8229093797957,1257.726911202036,92.23299810218214,244.35506338619825,582.7564562880997,3085933.8241360034,12368569.469294077,51690987.78984275
995,995,1.67e+50,463000.0,0.097,42.341,13.658,28.683,False,0.033,-0.695,2012-06-01 14:19:54.192,O5,"['H1', 'K1', 'L1', 'V1']",8.934953584477666,2.836583407654983,9.711886069030673,63.615136648251166,81.92864774497343,219.9860982827037,591.270246340274,66867.31689110896,292172.7002188328,3292632.573854048
996,996,2.86e+49,966000.0,0.192,64.167,19.769,44.398,False,1.458,0.286,2012-01-18 04:20:45.908,O5,"['H1', 'K1', 'L1', 'V1']",8.351616581071944,94.8017041451886,438.47441683880896,2087.21611150017,155.27755609521046,413.1214924315653,1003.3321683553908,14918354.205519363,79272033.24408475,493341154.1251424
997,997,3.86e+51,1520000.0,0.287,30.204,14.172,16.032,False,1.066,-0.111,2011-10-11 09:26:27.965,O5,"['H1', 'K1', 'L1', 'V1']",8.151406838493655,29.04812526553925,111.20715287444956,1897.0791927416303,180.70960406781728,480.6307823644351,1162.8947694774845,4337075.89523746,21202720.119907465,588157986.8778113
998,998,2.65e+48,345000.0,0.074,61.969,9.115,52.854,False,0.466,0.138,2012-06-13 04:37:06.434,O5,"['H1', 'K1', 'L1']",8.539657557232559,107.13097650111833,449.6408637003668,2065.597446629249,138.8314572956249,368.8282689505143,886.0320188465796,9829368.843207806,47889778.88044359,243801600.6896027
999,999,3.1e+47,333000.0,0.071,65.463,8.476,56.987,False,1.632,0.963,2011-10-17 12:42:11.934,O5,"['H1', 'L1', 'V1']",13.58017531291812,7.343813174680039,33.558262656611724,142.71158824175717,63.404755774253374,168.80394767923434,411.7355003072869,148461.69088992185,742794.5349176517,3890223.654015979
1000,1000,1.54e+51,830000.0,0.167,48.432,6.055,42.377,False,2.849,0.253,2012-03-15 10:28:53.538,O5,"['H1', 'K1', 'L1', 'V1']",8.564149548819318,43.29878888420958,294.6548506474433,2916.817446420604,164.18213170688546,436.5039487238544,1054.5253532183374,5855940.578153155,46277937.8371836,657502162.9363284
1001,1001,7.150000000000001e+50,787000.0,0.159,20.301,33.611,-13.31,True,0.34,1.203,2012-08-20 02:40:08.821,O5,"['H1', 'K1', 'L1', 'V1']",9.021529305309732,88.94761518477547,1102.5799521408085,16033.40341823822,183.0895643961942,485.726225278175,1162.939789378559,14879943.249115176,217944185.6940088,4305455484.719609
1002,1002,3.3099999999999995e+51,318000.0,0.068,46.577,9.095,37.482,False,3.895,0.907,2012-01-16 08:59:58.062,O5,"['H1', 'K1', 'L1']",14.48586557942542,4.128671548723806,16.32449528264634,482.0474432750138,45.08056945141362,122.09048138794644,332.83111228299515,24004.10151878011,124681.06707310004,6668819.900847431
1003,1003,5.26e+50,689000.0,0.141,33.584,19.102,14.482000000000005,False,1.963,-0.099,2011-12-02 18:10:47.893,O5,"['H1', 'K1', 'L1', 'V1']",9.682531676913667,45.9347079113882,155.27788112619012,744.7416560305952,137.7701708863275,366.46942809610016,889.0904972715737,2749781.198500628,11795459.133753786,88957814.4514499
1004,1004,3.59e+50,1200000.0,0.233,27.073,9.596,17.477,False,1.11,-0.991,2012-09-05 15:37:16.735,O5,"['H1', 'K1', 'L1', 'V1']",8.60008964269712,11.333309582486091,50.249606452390935,2361.6480736000344,152.50179698344436,408.8145180628375,1035.8828900515932,747313.1440396698,5116330.379629672,444331771.59552455
1005,1005,1.67e+48,924000.0,0.184,17.125,17.174,-0.0489999999999994,True,1.74,0.511,2011-12-19 07:00:58.248,O5,"['H1', 'K1', 'L1', 'V1']",11.92113392134734,2.4709912415498034,8.28511890802483,48.52244934106383,87.9209427105086,234.2891395753653,574.400581284046,102348.97548894049,415259.3594947264,3166472.3013551994
1006,1006,9.72e+50,35700.0,0.008,59.991,18.608,41.383,False,1.301,0.797,2012-07-21 06:01:47.892,O5,"['K1', 'L1', 'V1']",68.6718334208065,0.1181188917261984,0.3520818467204073,1.0636055993614038,9.109399588843246,20.40965026689693,34.810712121759686,0.6862063911205641,4.008802167677941,18.657289757593627
1007,1007,1.14e+50,392000.0,0.083,60.064,40.12,19.944000000000003,False,3.228,0.684,2011-10-26 14:36:52.338,O5,"['L1', 'V1']",13.15930937287599,10.932405413818111,36.08448701958178,140.98076415439186,48.63756947421899,129.63914110229905,320.00551637875327,116772.78773193386,453586.3841897451,2258988.875747911
1008,1008,1.0499999999999999e+51,7050000.0,1.031,34.143,23.485,10.658,False,4.735,-1.044,2011-10-04 01:29:59.815,O5,"['H1', 'K1', 'L1', 'V1']",8.169809321504818,505.68641093619664,4768.968650838726,28134.396229405866,263.393537710027,702.0120241425991,1718.2402970402516,300552147.1678177,3095215292.6065354,19743531342.298603
1009,1009,1.8e+51,479000.0,0.101,60.909,12.904,48.005,False,0.05,1.162,2012-08-17 07:41:11.114,O5,"['H1', 'K1', 'V1']",8.069763715499683,338.4458612702052,1618.633172602728,8371.338312169475,145.50955936247442,387.0412331113576,939.3833701909364,29709800.25287468,169938144.79707456,1209005115.603793
1010,1010,7.150000000000001e+50,1110000.0,0.217,19.37,9.594,9.776000000000002,False,2.433,-0.372,2011-12-31 20:45:12.625,O5,"['H1', 'K1', 'L1', 'V1']",9.980979923747611,74.16268043526354,280.3586288149213,1038.8066299731229,148.3559590017651,394.51749242732456,952.437042609866,4552712.8176575545,24898181.118636426,144621375.78928918
1011,1011,2.1e+49,1060000.0,0.208,22.148,18.097,4.050999999999998,False,1.959,-0.543,2012-06-28 05:40:09.301,O5,"['K1', 'L1', 'V1']",8.830773559260008,36.22818257926228,154.93760465830306,2456.183130844041,141.11516721720295,376.1396035166995,924.1195556280892,3210453.2424188373,16854318.031919066,403731452.3103436
1012,1012,9.749999999999987e+49,477000.0,0.1,60.28,11.867,48.413,False,4.492,0.937,2012-08-18 17:41:29.417,O5,"['H1', 'K1', 'L1', 'V1']",9.429921933928853,2.371363246024495,8.823145763554155,42.94395370369259,86.45677093412951,230.6767410579125,573.7486095081185,77112.86431160463,339225.5163255099,2675542.552601739
1013,1013,9.72e+50,377000.0,0.08,55.41,19.963,35.447,False,3.737,1.252,2012-07-27 21:45:00.870,O5,"['H1', 'L1', 'V1']",11.96022339809472,3.382027964483936,13.68561054567684,165.25384439491947,77.61251712081094,207.2415252516056,513.037877179359,80609.87141045847,427012.28094053897,7556225.847496967
1014,1014,1.8e+51,899000.0,0.18,28.579,13.807,14.772,False,2.617,0.692,2012-07-09 13:59:26.423,O5,"['H1', 'K1', 'L1', 'V1']",8.480469811450087,487.56944642706617,1946.688018158247,15169.062093647177,180.15343627554807,477.4165697242439,1137.8492938462005,63808261.46101483,353740419.4978577,3957696769.718411
1015,1015,1.66e+51,1700000.0,0.316,35.003,10.893,24.11,False,1.343,-0.956,2012-06-26 05:03:11.822,O5,"['H1', 'K1', 'L1', 'V1']",8.299291480073265,184.04402851766508,638.283408716195,2723.452907999475,170.90057786311309,454.6851156681751,1104.4883219205392,37321569.53082912,149463477.7076536,874754176.0278592
1016,1016,3.08e+50,614000.0,0.127,62.848,21.387,41.461,False,0.953,0.706,2012-04-08 16:18:02.214,O5,"['K1', 'L1', 'V1']",8.033569016702694,77.7822589189587,360.24316636008655,5385.332343451585,160.62656471103207,428.07845642301936,1050.7744645605896,7106909.304625227,41758248.47087205,957254735.4192668
1017,1017,1.8e+51,1260000.0,0.243,20.434,11.666,8.768,False,5.643,1.198,2012-08-13 16:29:11.148,O5,"['H1', 'K1', 'L1', 'V1']",9.386189942893813,69.76019340140265,332.12700231555976,2163.0992081875247,174.31025226256497,464.34874018354,1142.947995479455,10195252.94765955,57201868.06935488,540409425.4435035
1018,1018,1.0500000000000001e+52,119000.0,0.026,44.569,11.85,32.719,False,1.765,-0.018,2012-02-08 05:48:56.099,O5,"['K1', 'L1', 'V1']",30.86818773272501,0.7700330725477629,2.4932359890541544,9.825498363466478,12.757874053659862,34.021309618985555,83.83113707358773,320.49048845900194,1232.7126255156993,6490.731562414902
1019,1019,1.8e+49,211000.0,0.046,69.833,13.481,56.352,False,5.608,-0.899,2011-11-14 19:31:13.410,O5,"['H1', 'K1', 'L1', 'V1']",14.84451677852798,0.4063747655118861,1.2867708865083434,4.680433971263357,39.17771510025784,104.2800565278165,253.8760549583712,2315.036416590939,8705.019861492648,43193.48132627431
1020,1020,6.67e+47,204000.0,0.045,75.23,10.446,64.784,False,0.863,-0.939,2012-01-09 23:07:56.585,O5,"['K1', 'L1']",9.684156683363328,29.51385223796152,100.96418232106808,694.4361274575891,59.87994304902554,161.4600063521995,494.1466401256862,146296.27759455144,635062.235933948,13321090.310175696
1021,1021,7.19e+48,1490000.0,0.282,70.739,15.025,55.714000000000006,False,0.726,-0.513,2012-08-27 22:28:15.411,O5,"['H1', 'K1', 'L1', 'V1']",8.334552808682163,99.88456728683558,378.6312955418051,1529.9688117710505,170.173694736407,452.782066380614,1100.2914885230143,19543045.349745832,83229584.8650215,448228922.6408532
1022,1022,7.17e+49,940000.0,0.187,35.844,16.697,19.147,False,0.415,-0.362,2011-11-22 16:31:21.379,O5,"['H1', 'K1', 'L1']",9.654898211622289,133.38038259465836,454.5604336670923,1642.804907186957,141.99450685650197,376.6474650474468,891.9647890527192,11137423.89768345,40923513.55764181,164662569.3388851
1023,1023,4.1900000000000004e+49,499000.0,0.105,53.91,16.258,37.652,False,1.278,1.047,2012-05-25 21:32:31.514,O5,"['H1', 'K1', 'L1']",11.06154339705333,65.53503955132737,241.5161949439365,1036.5103046412448,92.75222328952782,246.32893726368349,593.6008958825378,2491766.875353392,9811029.609809045,49181224.52546758
1024,1024,6.150000000000001e+49,483000.0,0.101,26.233,17.693,8.54,False,6.247,0.224,2012-01-23 10:45:10.710,O5,"['H1', 'K1', 'L1', 'V1']",11.11720797133088,10.12331038204652,35.95960561578545,195.0246150134783,86.0467339915532,229.5330210034013,567.3995300296793,331938.8498676472,1313232.3188234584,9647246.909427298
1025,1025,9.82e+46,1050000.0,0.207,34.564,11.259,23.305,False,0.999,-1.065,2012-02-28 15:37:30.528,O5,"['H1', 'K1', 'L1', 'V1']",9.184688022086563,17.62004498583354,96.6468488053929,826.4101073478917,150.10997387466523,399.8355708672183,977.711202699501,2124791.738226836,13428502.275956308,152703415.7904154
1026,1026,5.71e+48,533000.0,0.111,70.882,33.665,37.217000000000006,False,5.485,0.398,2012-09-03 00:21:34.513,O5,"['H1', 'L1', 'V1']",8.214407868535053,17.295089272978814,84.28780277574774,3005.3187276085287,158.162792293478,422.037794954322,1027.079896665668,1279209.0076231372,8915074.930921705,589176122.1337633
1027,1027,3.59e+50,776000.0,0.157,27.43,15.185,12.245,False,2.713,-1.038,2012-03-18 18:00:20.878,O5,"['H1', 'K1', 'L1', 'V1']",10.89409904381836,26.1522531507978,116.06721733888008,498.249603759852,114.47887936970722,305.3103725809584,749.8844561103598,1439846.965594913,7836803.969823629,46447404.20384019
1028,1028,1.67e+50,309000.0,0.066,45.938,24.753,21.185,False,2.773,-0.758,2012-07-06 22:00:39.915,O5,"['K1', 'L1', 'V1']",9.406639002860516,1.6664369469924185,5.3741476039530784,23.718882358303294,62.01107824306541,165.76367362903204,421.3134113805088,22884.703664710323,90377.8746341,634364.5589664285
1029,1029,1.8099999999999998e+47,242000.0,0.053,36.833,12.482,24.351,False,3.495,0.015,2011-12-12 22:42:15.634,O5,"['H1', 'K1', 'V1']",9.190217092140292,14.021058880801442,47.37997221290232,263.30662370307624,60.29755538103893,163.6072857648237,562.8207310903122,87602.48971724723,387490.8844315152,4903459.169448272
1030,1030,8.339999999999991e+50,911000.0,0.182,11.655,27.619,-15.964,True,1.561,0.046,2012-01-27 13:31:46.890,O5,"['H1', 'L1', 'V1']",8.281376439167582,58.29845826807068,235.532378025922,2367.4359248355977,156.78555013041682,417.5438654094887,1017.9921995064058,4767514.805192235,26797358.28292597,386409904.76604426
1031,1031,2.2599999999999998e+51,228000.0,0.05,50.864,14.628,36.236,False,0.652,-0.652,2012-02-22 04:57:58.931,O5,"['H1', 'K1', 'L1', 'V1']",20.38344007381205,0.4646027861710892,1.4551630473220076,4.925963339011824,23.30326990094329,62.087409133905055,152.1870553091588,1258.255754412947,4643.703453832167,21107.29909336477
1032,1032,3.34e+48,2500000.0,0.439,21.732,25.732,-4.0,True,5.957,-0.02,2012-07-08 22:58:49.533,O5,"['H1', 'K1', 'L1', 'V1']",8.217537667725676,2291.804476027372,10655.116013580697,31342.901448828383,158.99017439257,424.0644535722188,1044.873532881422,619612918.3706993,2900148204.123412,9714882797.846914
1033,1033,3.58e+51,896000.0,0.179,12.219,15.4,-3.181000000000001,True,3.98,-1.179,2012-01-13 23:58:05.322,O5,"['H1', 'K1', 'V1']",8.569580866826623,747.1787799418947,2527.2628015092414,10508.782503623986,153.9809199361241,409.5482430346992,992.3113640537496,79555360.21941905,322748412.1551344,1833406843.1313467
1034,1034,1.8e+51,832000.0,0.168,17.962,22.285,-4.323,True,4.849,-0.517,2012-08-02 04:20:33.427,O5,"['H1', 'K1', 'L1', 'V1']",8.476160768837385,8.233519044745092,36.90565592078717,1174.847670192926,139.4257967764222,378.1833181330445,1006.1658968957904,476581.5162442705,2806930.644851098,243416691.12643072
1035,1035,2.09e+51,637000.0,0.131,24.616,8.741,15.875,False,2.808,0.81,2012-08-04 18:07:01.182,O5,"['H1', 'K1', 'L1']",13.75397440360375,64.0252830177676,207.8160141942309,758.9122137774514,72.6481448758185,193.23972214058008,468.7636789090682,1458263.1226479246,5447643.897955649,22793998.93292563
1036,1036,7.14e+51,277000.0,0.06,34.332,7.898,26.434,False,5.322,1.225,2012-03-03 10:39:21.727,O5,"['H1', 'K1']",14.70374901536978,279.2345189754186,1172.0855163790716,5873.857448562844,41.84479188305255,111.37610718265788,270.60887687108817,1396330.4204059371,6058049.712537363,35176048.950031705
1037,1037,7.17e+49,516000.0,0.108,66.891,45.421,21.47000000000001,False,1.027,-0.226,2012-05-02 08:16:21.822,O5,"['H1', 'K1', 'L1', 'V1']",10.08503017679495,17.5751719867158,62.736691385327056,483.8037012677102,117.38036701279202,312.6351335311052,764.2093483615555,1234574.5622330506,5243341.841208489,55226857.19293696
1038,1038,2.45e+50,1370000.0,0.262,46.067,14.37,31.697000000000003,False,1.435,-1.064,2012-04-22 08:48:36.979,O5,"['H1', 'L1', 'V1']",8.15408282866722,152.7478503577029,650.5982089912953,2809.4704703217294,165.9120237835225,441.624071328685,1075.951188649938,29560667.720668264,143605893.3482106,810149157.6240997
1039,1039,4.1900000000000004e+49,769000.0,0.156,47.535,12.606,34.928999999999995,False,3.289,0.962,2012-05-10 02:35:32.728,O5,"['K1', 'L1', 'V1']",8.072912370035874,169.6046288684646,1547.6309187082416,9676.316709481069,157.31941564580984,418.55860446726274,1015.9335547099246,17562930.347694367,190046001.6261392,1663020749.941647
1040,1040,1.8e+50,1210000.0,0.234,7.781,20.944,-13.163,True,4.496,-0.473,2012-02-23 21:12:52.611,O5,"['H1', 'K1', 'L1', 'V1']",8.141584136957688,83.5679237851831,1066.0717416243522,12690.355948375658,167.6565027182421,445.2773076057805,1071.8082843879183,13179511.80802751,202037169.84777465,3237576138.572798
1041,1041,4.8800000000000005e+50,751000.0,0.153,30.914,22.848,8.066000000000003,False,0.955,1.196,2012-08-09 08:24:37.244,O5,"['K1', 'L1', 'V1']",8.756796669775186,25.194658383187782,138.0451835680001,1363.7238017172883,128.53801838759568,343.8396913575216,864.9205148901056,1498036.7222889736,11469887.519763364,160446947.176691
1042,1042,5.7e+49,489000.0,0.103,46.047,13.511,32.536,False,6.004,0.866,2012-05-11 12:03:08.095,O5,"['H1', 'K1', 'L1', 'V1']",13.22204388123549,1.3169754282280088,5.091363087428774,27.89688331136229,71.28114344675396,190.2076621350285,467.9845662100011,33694.069786299086,153128.932817639,956170.3480526864
1043,1043,1.1400000000000001e+49,193000.0,0.042,64.55,8.37,56.18,False,4.72,-1.014,2012-05-11 20:46:50.460,O5,"['H1', 'L1']",18.52164776922238,57.72254334219264,188.8808215509536,627.1946131047082,41.119178867293215,109.3487755663022,265.1942940741149,146209.78142133742,597094.6094603575,2983697.0096112834
1044,1044,2.4399999999999998e+51,220000.0,0.048,87.903,10.077,77.82600000000001,False,0.412,0.909,2012-08-23 10:50:46.457,O5,['L1'],8.85518524083064,2915.3636528165075,8741.528616968797,25387.74636060444,90.28907210061658,237.99702330815984,557.4451547728007,71115871.92911944,191499965.32268143,497704689.8794097
1045,1045,4.9e+48,962000.0,0.191,19.665,13.42,6.244999999999999,False,0.309,0.66,2011-12-06 17:29:46.212,O5,"['H1', 'L1', 'V1']",8.114450858590159,69.0788062913387,294.4761841076932,2099.491799948036,163.6143173724854,436.8469862292785,1075.3845154372425,4676441.268217004,26522329.01756334,397108344.8800896
1046,1046,4.2000000000000003e+48,1080000.0,0.212,43.069,7.448,35.621,False,2.853,0.68,2012-06-17 00:21:36.343,O5,"['H1', 'K1', 'L1']",8.763478174808958,168.8539068697618,582.8440008028319,2133.219390620311,151.4817787924327,402.09012120041393,961.7788135367516,18212215.82294688,67330055.90521517,283039812.5702365
1047,1047,2.84e+51,1460000.0,0.277,23.287,22.583,0.7040000000000006,False,3.266,-0.781,2012-08-26 09:47:33.925,O5,"['H1', 'K1', 'L1', 'V1']",8.218073603221434,68.33756207416765,265.2663913890504,1806.672188029074,167.0712500410864,444.4160453622401,1078.0847263876335,12791590.971382622,59086078.77308215,508827062.616699
1048,1048,7.76e+48,323000.0,0.069,48.48,15.18,33.3,False,0.379,0.147,2011-11-23 16:21:37.765,O5,"['H1', 'K1', 'V1']",10.36419233132128,11.823393522922627,41.76515380493593,190.9034396452745,71.2011670878091,190.00441770801385,469.62700822462864,192248.30014354183,893057.5926789464,6150392.863996876
1049,1049,1.95e+48,596000.0,0.123,29.403,25.25,4.152999999999999,False,0.998,0.556,2011-12-19 09:05:45.052,O5,"['H1', 'K1', 'L1']",9.297645478189107,34.19199095565307,124.67175112447156,965.4004038500487,107.64525509675128,286.8667273626193,705.0309717768064,1366722.7537832195,6417020.407443362,60543995.74451907
1050,1050,4.8800000000000005e+50,135000.0,0.03,22.682,20.439,2.2429999999999986,False,0.741,0.781,2012-05-12 02:17:48.316,O5,"['H1', 'K1', 'V1']",32.92153228221628,0.0774738304087488,0.2427715240276328,0.8272178353895656,10.778529260283207,28.700869346816148,70.06971789922848,17.596472236252367,64.99475960596759,296.19633437809915
1051,1051,1.4200000000000001e+52,1280000.0,0.246,55.653,9.482,46.171,False,2.107,-0.178,2011-09-17 05:54:08.003,O5,"['H1', 'K1', 'L1', 'V1']",8.28454898639916,429.9327368222484,2214.247773490596,16644.201353123128,157.26109061567877,418.7906166476386,1022.8322403496622,90419434.77508478,516445518.2797852,4626458630.571407
1052,1052,5.680000000000001e+50,291000.0,0.063,31.854,23.085,8.768999999999998,False,3.303,-0.149,2012-08-01 14:56:41.977,O5,"['K1', 'L1']",11.3455533388852,80.87412234832945,416.9360075271952,7890.544554122626,63.27384139437385,168.5293967103596,413.2970749681233,482053.5000765044,3520388.538544439,128011893.9535613
1053,1053,1.54e+50,360000.0,0.077,48.999,11.625,37.374,False,4.494,-0.289,2012-06-20 09:08:01.994,O5,"['H1', 'K1', 'V1']",8.977888076660404,44.95962542478057,148.52725616848602,582.4072879595265,93.42461040719547,249.1995333242819,617.6041720572307,1330587.7862473002,5255841.686361506,33789260.39552955
1054,1054,2.2600000000000003e+50,350000.0,0.075,59.823,11.026,48.797,False,3.542,-0.911,2011-12-09 00:58:48.130,O5,"['H1', 'L1', 'V1']",14.29085646665818,0.7500981678919618,2.4291394291806383,9.657844814897704,53.63963393944198,142.9537928445323,351.77689625797285,12831.38550106638,49451.46001195632,268289.21182086173
1055,1055,1.14e+50,893000.0,0.179,34.181,18.36,15.820999999999998,False,2.781,-0.05,2012-05-29 16:44:55.380,O5,"['H1', 'K1', 'L1', 'V1']",8.207095433472565,34.72446193381251,123.82255850135591,1073.0892798100103,151.1505270738163,402.9599306855212,987.10231511536,3248219.2348213303,14748867.23380782,223480338.0706299
1056,1056,9.749999999999987e+49,314000.0,0.067,65.89,12.01,53.88,False,1.308,0.161,2012-03-09 17:58:57.333,O5,"['H1', 'K1', 'L1', 'V1']",10.57841899196584,39.93557966549824,157.57898103078438,1288.6575014485416,99.99281675361658,266.929117759001,662.3124840541036,436803.4150994176,3139745.8788727857,51979097.86297488
1057,1057,1.3200000000000001e+50,1350000.0,0.258,19.653,8.977,10.675999999999998,False,0.792,1.111,2012-04-22 15:03:02.485,O5,"['H1', 'K1', 'L1', 'V1']",8.938653836171445,18.006249654102422,201.36405372237624,13826.114945022877,177.62794482374397,472.1788811876768,1142.0084901650434,3352381.700640403,52821427.898395926,4147984172.786779
1058,1058,6.14e+50,555000.0,0.115,16.811,16.542,0.2689999999999983,False,5.22,-0.707,2012-06-02 18:45:08.952,O5,"['K1', 'L1', 'V1']",12.43800046886569,10.487948997704386,35.73306189920131,637.8483607449839,65.44766213872748,175.12705576106777,438.288504605474,168798.95129015678,705934.136833125,12930907.87294482
1059,1059,2.86e+48,7150000.0,1.043,7.184,10.927,-3.743,True,3.977,-0.049,2012-04-22 18:12:53.134,O5,"['H1', 'K1', 'L1', 'V1']",8.127638834999855,977.4222612780756,4991.60213748181,28064.125346094395,258.4375662994307,688.6782948818257,1684.3367952114622,627276688.2630776,3812303683.272755,21488456563.006954
1060,1060,2.85e+50,480000.0,0.101,37.549,8.602,28.947,False,2.94,0.116,2012-06-29 17:01:24.612,O5,"['K1', 'L1', 'V1']",8.819673102931867,21.326203896064783,77.94465901944103,473.9784056203088,103.52114569294378,272.1930428754626,643.386392012116,455249.3953006579,2429350.631710338,22662358.192665365
1061,1061,3.88e+49,387000.0,0.082,77.463,30.758,46.705,False,3.994,0.368,2011-11-03 15:18:34.949,O5,"['H1', 'K1', 'L1']",8.368425949186001,46.32181011824762,243.18894809590083,1450.4236814212038,136.7425745439269,364.2895638363535,891.1262607083258,3668179.916111032,20749279.900083613,188183300.14319587
1062,1062,1.6799999999999998e+47,768000.0,0.156,47.557,5.154,42.403000000000006,False,5.854,-0.46,2011-09-28 03:04:59.892,O5,"['H1', 'K1', 'L1', 'V1']",8.243428065196687,39.786699504174834,161.4079178063309,4351.552559742663,162.80365008667923,432.0961306565067,1022.2346703214472,2351303.5285245306,14754837.449880697,798192335.5340759
1063,1063,1.96e+47,773000.0,0.157,51.601,22.95,28.651,False,5.14,-0.603,2012-04-10 23:32:58.105,O5,"['H1', 'L1', 'V1']",9.181594195331355,10.44092801027762,71.52886826329889,752.7023500264396,140.04219166121186,372.9291014004052,910.370860158268,1190569.7778659053,11074245.00428914,128998376.64765388
1064,1064,5.6699999999999995e+51,303000.0,0.065,56.344,15.023,41.321,False,3.582,0.526,2012-05-22 05:22:03.274,O5,"['H1', 'K1', 'V1']",12.14085408354704,2.73866947968467,13.340694643165286,299.0849055577774,53.88406521351709,155.26349637670353,432.5394908135357,12012.122727775946,74330.42793715013,4849592.546706416
1065,1065,1.3300000000000002e+49,440000.0,0.093,26.858,21.343,5.515000000000001,False,2.255,0.985,2012-08-09 08:49:37.642,O5,"['H1', 'L1', 'V1']",10.63616226869335,26.464360294591486,128.76515730811713,765.710573786088,64.1102694744364,170.67329012835546,417.4016051297824,364183.98938014894,2164489.801303057,15442669.814531336
1066,1066,2.2600000000000003e+50,1000000.0,0.198,21.565,15.681,5.884000000000002,False,4.735,-1.016,2012-02-07 00:25:41.669,O5,"['H1', 'K1', 'L1', 'V1']",8.531876534122373,107.83630649764964,394.9693446198374,1689.96524308047,156.3822928827576,416.1243734694142,1011.2331723418868,15703167.489302076,66879125.70170891,368501055.8303309
1067,1067,1.8e+51,785000.0,0.159,22.719,37.425,-14.705999999999996,True,4.097,-0.511,2012-01-18 22:44:24.522,O5,"['K1', 'L1', 'V1']",8.087062722819287,99.36600007811803,406.26957109461927,7738.356487517816,175.85953328127846,467.4150648258229,1129.370364292326,9524718.266066227,51969379.63136096,1784374745.1496365
1068,1068,8.339999999999991e+50,514000.0,0.107,43.403,5.959,37.444,False,2.884,0.098,2012-07-03 16:56:35.739,O5,"['K1', 'L1', 'V1']",8.96126093557618,9.591304724604289,29.244931870587195,111.68267050859129,96.5842819417802,257.8571611322295,642.218851071304,283756.0726599362,1086533.737894405,6913610.5455466565
1069,1069,2.85e+50,720000.0,0.147,15.786,14.074,1.7119999999999995,False,2.077,-0.493,2012-05-21 10:28:58.463,O5,"['H1', 'L1']",11.13160204524183,101.97164760457017,352.1120100247509,1370.9019166474288,91.49128304098964,243.11674643001527,585.8056935945237,3935140.922931605,14639504.449610349,59029361.77020713
1070,1070,1.67e+49,481000.0,0.101,57.873,12.62,45.253,False,5.587,0.418,2012-08-12 17:04:25.728,O5,"['K1', 'L1', 'V1']",8.537732229255688,489.6937167212279,1993.7352687701816,11420.114235997127,157.26808092940553,418.1585504514607,1010.3396721055296,47053410.443483874,234006831.27983817,1891860342.537004
1071,1071,2.2599999999999998e+51,835000.0,0.168,40.445,7.342,33.103,False,3.154,0.424,2011-11-22 02:12:00.831,O5,"['H1', 'K1', 'L1', 'V1']",8.457409641699346,12.26223259402887,75.04350706614207,2348.690157520706,157.46051109154746,422.9960110796496,1060.7491635200938,970462.0566847818,8481230.88885305,567923575.9148703
1072,1072,3.850000000000001e+52,210000.0,0.046,57.679,13.788,43.891000000000005,False,4.049,0.758,2011-11-04 21:40:06.836,O5,"['H1', 'L1']",22.74374409244577,16.577763721224496,59.05549322563505,266.7833496347085,32.8467471079083,87.65496816476968,217.3904652902812,55707.61401123436,227710.7564732764,1051072.4836178096
1073,1073,3.9e+47,932000.0,0.186,10.329,25.662,-15.332999999999998,True,3.795,-0.404,2012-02-26 00:09:55.448,O5,"['H1', 'L1']",8.732282416765573,165.7024988086227,534.6199926132421,1824.946262488464,152.83408571810378,405.6244181293465,967.7085340015468,17829106.621197872,59952060.27240038,220558432.8994993
1074,1074,7.74e+49,676000.0,0.139,30.233,20.53,9.703,False,1.696,-0.849,2011-09-21 19:35:00.705,O5,"['H1', 'K1', 'V1']",8.66258637366069,40.83688434986052,188.18633854418425,1578.3063361034156,136.83793676250036,365.5848579781053,913.2664459131822,3176466.623019465,17953527.655189175,235132010.5087092
1075,1075,1.14e+48,989000.0,0.196,21.409,7.612,13.797,False,4.819,0.297,2011-10-09 02:27:03.605,O5,"['H1', 'K1', 'L1', 'V1']",8.072548166354357,397.927982694706,3064.424819655288,25580.113942675915,144.20673847332182,384.0306643654126,937.520206680672,74751414.0763073,662541805.2303214,5701144390.466985
1076,1076,7.19e+48,321000.0,0.069,79.226,27.095,52.131,False,5.62,-0.209,2012-04-13 14:36:01.875,O5,"['K1', 'L1', 'V1']",8.406867778932641,252.08960746599672,1857.778778345156,9958.244542577357,146.39968288404089,389.483566109184,944.551701936074,24196429.089631222,192096116.7866309,1383315678.6937757
1077,1077,7.150000000000001e+50,804000.0,0.162,25.127,10.453,14.674,False,3.485,-1.017,2012-08-22 07:28:38.163,O5,"['H1', 'K1', 'L1', 'V1']",12.8908520484555,1.7878394070788557,7.475844060432924,41.64422939224545,69.08326375211573,184.8580653664133,473.9722047151439,48667.52277903653,233156.9943310404,1442137.6438751286
1078,1078,2.27e+49,2380000.0,0.421,6.273,16.374,-10.101,True,3.001,-0.401,2011-11-18 23:32:55.543,O5,"['H1', 'K1', 'L1', 'V1']",8.14222098167934,87.43902837523012,525.6013950070767,9924.98536468722,190.8274026223976,507.3524869394548,1227.0591433332977,20384922.691662107,151088410.48932654,3676761432.1842055
1079,1079,1.96e+47,640000.0,0.132,22.716,20.838,1.878,False,5.305,0.466,2012-06-01 12:14:08.686,O5,"['H1', 'K1', 'L1']",11.88590054551072,59.45672958872199,180.78696218197507,695.6328078856959,87.01329788883868,231.50741849845508,561.6830708652353,1819346.6614410705,6997124.029193576,33866298.48389145
1080,1080,4.520000000000001e+50,519000.0,0.108,23.884,4.385,19.499,False,2.008,-0.325,2011-11-08 12:25:41.890,O5,"['H1', 'K1', 'L1', 'V1']",12.01842214870469,2.289352276485274,7.810157721466351,37.10651628712913,47.59904294340009,126.79882853580553,310.553356200695,23666.716928460093,96804.10398771716,648424.0474752521
1081,1081,5.71e+48,318000.0,0.068,25.627,15.171,10.456,False,5.576,0.575,2012-06-25 09:03:30.053,O5,"['K1', 'L1', 'V1']",18.74873472426914,1.235020786194467,4.40006628792078,18.767307717128176,27.13999587225436,72.28248151279405,176.70976559957768,4009.6977091381546,16620.02681827774,92872.8643452673
1082,1082,5.680000000000001e+50,543000.0,0.113,26.223,9.871,16.351999999999997,False,5.867,-0.321,2012-08-18 07:38:04.038,O5,"['H1', 'K1', 'L1']",9.609692991347917,40.44373135569981,206.26940547003247,942.2978912360062,115.4044307493756,308.2165243212005,752.4313861203774,1192026.834896408,9856319.557493532,74926570.20843944
1083,1083,5.71e+48,1760000.0,0.325,37.223,21.367,15.855999999999998,False,6.072,0.608,2012-03-21 17:13:09.923,O5,"['H1', 'L1', 'V1']",8.05898565630242,38.31407574190069,144.6411607131556,1491.3940383450756,165.11540805747632,439.36924170151406,1068.1429653538917,6511032.499431931,30682054.845034048,401301065.8253219
1084,1084,3.07e+51,820000.0,0.165,29.701,6.677,23.024,False,4.156,0.506,2012-06-08 07:22:32.261,O5,"['H1', 'K1', 'L1', 'V1']",10.23693503846882,39.39947534597604,130.2309865655617,764.0641640669329,132.8135220509497,353.5190856015631,860.8752900324744,3437710.833415358,14075850.843411896,116501059.32293218
1085,1085,1.2199999999999999e+51,389000.0,0.083,50.807,17.102,33.705,False,5.558,0.424,2011-10-20 04:26:39.726,O5,['L1'],8.755306170762715,2930.107122380546,8781.505104441225,25450.99828615917,97.24177669636232,256.3643013345157,600.7511222731584,86257915.38369276,232269771.3502567,603665947.0418731
1086,1086,5.71e+48,371000.0,0.079,73.233,6.881,66.352,False,5.514,0.467,2011-12-21 01:03:49.105,O5,"['H1', 'K1', 'L1']",8.34564394809717,117.13480346331676,584.784425330903,2348.1340299794097,133.4688164662299,354.561762656203,854.1580122490418,9988406.49582344,52267604.48871562,262215410.99192736
1087,1087,6.14e+50,811000.0,0.164,61.882,23.949,37.93299999999999,False,2.78,-1.374,2011-11-22 09:17:09.880,O5,"['H1', 'K1', 'L1', 'V1']",8.736795170740265,37.22909417346578,349.4278050749877,5100.367748763303,160.76628515282675,426.4848058241309,1018.742350257942,3181476.375104933,39792268.634589314,1027903827.358805
1088,1088,4.18e+50,704000.0,0.144,34.425,24.857,9.567999999999998,False,3.082,0.351,2011-12-10 08:44:05.632,O5,"['K1', 'L1', 'V1']",8.324495899611186,73.66268518070186,544.5240955196518,4762.663029363556,142.80418151344168,380.6213484895648,931.2790412485105,5148423.58236963,51781348.00126117,706888766.2633895
1089,1089,2.63e+51,1230000.0,0.238,28.503,16.177,12.326,False,5.471,0.278,2012-08-05 03:08:35.409,O5,"['H1', 'K1', 'L1', 'V1']",8.386640763147467,320.9378734967556,1466.613136208182,15742.55523936806,181.4150113852172,481.2443422895117,1152.3059661546872,61999044.5828441,341755169.7954303,4634244141.5872965
1090,1090,2.28e+48,1270000.0,0.245,7.675,40.548,-32.873000000000005,True,1.127,-0.241,2012-07-09 04:04:34.665,O5,"['H1', 'K1', 'L1', 'V1']",8.603384771112651,47.81028306349162,243.23999576132613,3019.1412242976203,173.24146913018626,460.7948604387793,1117.5079114759883,9396158.60028106,61469285.57905942,940759439.3407444
1091,1091,5.680000000000001e+50,1670000.0,0.311,13.92,11.923,1.997,False,5.451,-0.116,2012-06-03 20:34:00.253,O5,"['H1', 'K1', 'L1', 'V1']",8.194561209455339,739.591674022884,4261.9744929703575,23617.19444584041,171.0960614398723,455.6265948051205,1111.2290871193109,194734422.79984453,1281603174.600994,8023062954.908745
1092,1092,7.74e+49,328000.0,0.07,24.63,14.062,10.568,False,1.311,0.365,2011-12-03 22:32:56.986,O5,"['H1', 'K1', 'L1', 'V1']",18.23732888580302,0.8902532709164316,2.789073179585252,9.544267523192463,27.295427645201528,72.68773238672878,177.59549076124813,3076.2412805061954,11379.554349430458,52537.764940952366
1093,1093,7.150000000000001e+50,547000.0,0.114,49.289,6.872,42.417,False,1.523,0.091,2012-01-18 07:08:27.918,O5,"['H1', 'K1', 'L1', 'V1']",9.261839778916556,26.132897511468688,133.96522155382442,855.7163760313008,131.79064000763333,352.248339538373,872.3816781914471,1716441.4769713038,11352099.88978881,120932821.70588432
1094,1094,2.63e+51,1490000.0,0.282,14.165,13.373,0.7919999999999998,False,1.071,0.754,2012-07-25 13:34:05.697,O5,"['H1', 'K1', 'L1', 'V1']",8.794729758027705,113.24244854680332,458.5346523406304,1716.4781566539411,179.1404570811867,476.6769445661712,1158.6679365825307,24114601.287061863,108052302.10593298,539484104.6761869
1095,1095,7.14e+51,150000.0,0.033,39.614,16.308,23.306,False,0.916,-0.738,2011-09-17 17:12:22.071,O5,"['H1', 'L1', 'V1']",36.674485087408,0.1008567358383758,0.3145666412967359,1.0574931502161902,11.10925230973436,29.583793975324795,72.26708986520262,44.20794534241918,161.07048267996586,709.6868714336041
1096,1096,3.07e+51,394000.0,0.084,61.954,11.457,50.497,False,4.266,0.044,2012-01-19 17:19:47.084,O5,"['H1', 'K1', 'V1']",9.514956256638396,52.91968054182142,282.8551147257912,1124.596095596124,88.67588367503163,236.8090775082547,591.0055426222862,1730454.6582577534,10161912.89346971,60695159.89167624
1097,1097,9e+50,236000.0,0.051,28.553,20.86,7.693000000000001,False,5.589,-0.892,2012-03-09 21:31:47.327,O5,"['H1', 'K1', 'L1', 'V1']",23.28818295366577,0.2238144639148854,0.7032983259594843,2.4539186537326203,25.91948675404538,69.0011002348503,167.96349218404328,337.41553929342257,1236.160294537721,5652.075283708128
1098,1098,1.54e+51,806000.0,0.163,25.371,13.704,11.666999999999998,False,1.326,0.086,2012-01-24 14:31:55.161,O5,"['H1', 'K1', 'L1', 'V1']",9.597920316468851,6.540456902967327,26.78160680295621,488.2153032806736,115.1677176457689,307.3111716613504,759.7875976557252,375132.1694676927,2040444.2159728056,51811931.69540056
1099,1099,2.09e+51,473000.0,0.099,50.5,9.532,40.968,False,1.151,0.105,2012-05-07 18:27:18.074,O5,"['H1', 'L1', 'V1']",9.381470279338805,10.889484073435256,43.70670073713053,404.986258685029,106.01207112655368,281.98636484890176,686.0540030754164,513859.9998151639,2748285.843994657,30820681.26056824
1100,1100,3.3300000000000003e+49,1070000.0,0.21,17.706,29.933,-12.227,True,5.929,-0.402,2012-09-09 12:15:31.882,O5,"['H1', 'K1', 'L1', 'V1']",8.30670643555843,353.5532227600908,1659.7191864287229,14484.593832946366,185.92802285867288,491.823368123955,1166.6748612724568,45324135.562289074,273305761.1492542,3688205640.624706
1101,1101,9.06999999999999e+47,497000.0,0.104,54.072,7.586,46.486,False,3.404,0.801,2011-12-28 16:34:21.583,O5,"['H1', 'L1', 'V1']",10.92384815502595,10.347733541840368,37.190972375068526,155.8531199794046,77.06802419049086,205.2279568670972,501.0660480830173,287185.0038585038,1151612.8367103215,6880263.621906521
1102,1102,4.8800000000000005e+50,639000.0,0.132,23.375,22.694,0.6810000000000009,False,4.323,0.51,2012-06-17 03:31:54.409,O5,"['H1', 'L1', 'V1']",12.96923926681264,4.1979667827067,13.587686605195572,45.34452183603332,65.58147952798572,174.6383645119916,426.40227546163146,91390.89772944651,347260.91976523626,1562471.0016678993
1103,1103,4.89e+49,236000.0,0.051,31.976,9.571,22.405,False,2.024,-0.653,2011-10-28 07:11:54.739,O5,"['H1', 'K1', 'L1']",16.32219242896027,2.446995149627151,7.74098891304881,27.741645645808774,22.769523180591307,60.77643330757624,150.72367644062453,3646.1050219804015,13899.635177288505,71240.27812448268
1104,1104,1.1299999999999999e+51,130000.0,0.029,53.079,20.942,32.137,False,4.504,0.966,2011-10-25 06:59:03.870,O5,"['H1', 'K1', 'L1', 'V1']",25.89399713986301,0.1046398744137345,0.330358399127468,1.1454364916683624,15.237614971339552,40.58581333388221,99.24264228442212,82.27933878981484,306.2373214358967,1418.9131508748649
1105,1105,4.8800000000000005e+50,5820000.0,0.882,47.657,7.173,40.484,False,5.551,0.382,2012-01-20 20:53:47.905,O5,"['H1', 'K1', 'L1', 'V1']",8.095165672071259,3755.300428077151,13523.853270682645,33838.32283405412,198.5711978204829,529.2464377232473,1299.2756207188215,1679507594.9510255,6163804654.415817,17558514377.06168
1106,1106,3.07e+51,1460000.0,0.277,36.798,13.689,23.109,False,3.581,-0.625,2011-10-17 08:19:36.357,O5,"['H1', 'K1', 'L1', 'V1']",8.435333360022316,150.474602434845,620.681315968691,2687.032393833568,169.15789104804844,450.31639447039584,1097.7575764501207,30356974.84375067,139958939.12897894,820362682.1108094
1107,1107,2.09e+51,1370000.0,0.262,9.107,8.549,0.5579999999999998,False,1.346,-0.255,2012-06-15 05:18:27.943,O5,"['H1', 'L1', 'V1']",8.338707140729491,63.99959079957048,307.1636192000531,1655.8096944969432,163.32881164972332,434.6106412419351,1056.9604340975538,10626917.493148305,55727010.29308559,408660658.848656
1108,1108,5.6699999999999995e+51,856000.0,0.172,32.885,21.717,11.168,False,4.775,-1.182,2012-05-11 00:05:41.826,O5,"['H1', 'V1']",8.298242624656275,483.31340773589176,1848.2323916853848,8038.099584921926,145.6021942699931,387.6646108876034,945.7831086158276,37127725.617257416,173463504.51863357,1012683053.7584364
1109,1109,1.1299999999999999e+51,1200000.0,0.233,35.013,18.865,16.148,False,5.111,0.412,2012-05-04 09:13:35.437,O5,"['H1', 'L1', 'V1']",8.923830209219544,66.17149849588766,318.49149720726894,3584.75929491288,192.82229359375617,508.04293078073727,1198.2598819913053,3163979.8807893763,26671970.57096249,725395839.2932696
1110,1110,5.6699999999999995e+51,824000.0,0.166,38.361,7.749,30.612,False,5.764,-1.064,2012-08-16 22:54:18.624,O5,"['H1', 'K1', 'L1', 'V1']",8.180676491991463,11.902617030418725,55.5248976818579,809.6618010787417,151.2076276126669,402.74306471332136,981.7004132618345,1182020.6930514188,7411488.317307654,156081448.9673157
1111,1111,2.85e+50,495000.0,0.104,70.958,28.925,42.033,False,1.956,-0.912,2012-07-11 04:49:03.110,O5,"['H1', 'K1', 'L1']",8.586367406717308,106.222942345192,375.3082988184254,1416.42062499633,146.48132761727106,389.242256288642,936.9859794619622,11515070.297970764,44165884.19028969,196353698.2287608
1112,1112,1.2300000000000002e+50,62600.0,0.014,83.948,23.142,60.806,False,6.098,0.493,2011-10-30 11:58:49.099,O5,['H1'],18.43265294562381,2788.435810758497,8397.381986406792,24808.65374195588,35.7247753169753,93.97588417616116,217.58923172994625,6357869.406475758,17051093.980452303,43324282.17089185
1113,1113,5.26e+50,518000.0,0.108,27.351,7.901,19.45,False,0.003,-1.237,2011-12-17 04:04:52.963,O5,"['H1', 'K1', 'V1']",10.71263588369126,1.098308179513255,3.854965609959014,47.983267638376056,64.3664131318348,171.78499989564057,425.5007736958111,18376.890353522143,80530.78910464939,1317041.9879602802
1114,1114,5.73e+47,469000.0,0.099,62.743,27.746,34.997,False,2.737,1.031,2012-02-23 14:59:19.047,O5,"['H1', 'K1', 'L1', 'V1']",9.078124084639008,9.792763287592605,47.83333369306519,741.9253367525831,140.87312047034573,375.4522355276139,921.7499829981026,752885.2335015025,5446591.729260125,115068429.61871833
1115,1115,1.05e+49,562000.0,0.117,62.128,27.07,35.058,False,3.728,-0.998,2012-08-04 14:12:35.699,O5,"['H1', 'K1', 'L1', 'V1']",9.199462763774644,39.8017358092797,135.04601326767556,465.9431938883986,142.11976455419529,378.0773925305891,917.5664139331428,3912791.695531489,15480756.002475368,74705533.11831006
1116,1116,1.43e+50,349000.0,0.075,42.627,9.734,32.893,False,6.2,0.815,2011-10-30 10:10:43.847,O5,"['H1', 'K1', 'L1', 'V1']",12.8964012849249,2.052654409713914,6.235942179557084,19.56181261971687,46.31654319447887,123.27942272482431,300.24638209893214,18404.67935771478,64460.310837140176,278791.3392307682
1117,1117,4.5000000000000006e+51,823000.0,0.166,22.389,28.705,-6.315999999999999,True,1.176,-0.268,2012-05-10 04:29:39.099,O5,"['H1', 'K1', 'L1', 'V1']",10.18375060724476,31.727303802777712,144.7796189833039,584.1983790567307,113.59320416970264,302.53582940229967,739.4980621555715,1630051.885594214,8405550.29110614,51538624.06452847
1118,1118,6.18e+47,489000.0,0.103,52.198,9.7,42.498000000000005,False,0.815,0.793,2012-01-24 23:58:07.956,O5,"['H1', 'L1']",10.52656447325914,110.10177002248028,353.3480061507238,1204.9643979542268,98.23673422352806,260.8911382943679,626.6768743194128,4741269.964380328,15897748.304813186,59535620.2502599
1119,1119,4.18e+50,327000.0,0.07,41.392,6.669,34.723000000000006,False,5.91,0.846,2012-01-04 18:57:57.258,O5,['V1'],10.58075856610383,2851.381887988768,8568.319502652892,25098.941901676582,60.58101281533084,159.4685741215043,371.5434853468041,25777081.76123793,69263193.26305038,177874648.27479792
1120,1120,1.67e+49,679000.0,0.139,31.39,16.553,14.837,False,5.247,1.426,2012-07-20 10:49:36.561,O5,"['H1', 'K1', 'L1', 'V1']",10.13528625111644,3.7056305584573614,13.237571135456738,57.81191489794714,109.2862638803881,291.2246438937043,714.9844777894377,202489.0426321628,853070.9640583483,5901984.026679274
1121,1121,1.05e+50,800000.0,0.162,52.172,26.183,25.989,False,3.241,0.13,2011-10-22 14:16:38.790,O5,"['H1', 'K1', 'L1', 'V1']",8.22816489327252,734.4486338613885,5507.7102537013525,28425.342767540464,147.25386431847414,392.7819688183463,966.0765722286131,128993504.54179108,1058535900.635149,5984683338.997076
1122,1122,1.3300000000000002e+49,543000.0,0.113,59.802,28.263,31.539,False,0.797,0.59,2012-04-18 15:50:40.324,O5,"['H1', 'K1', 'L1', 'V1']",9.246385266831767,2.398539165393028,8.335252578085022,72.5807459689409,128.56067331657857,342.909128293112,847.5104164082613,197355.33808416035,856293.426691916,11954518.467977034
1123,1123,5.28e+49,1240000.0,0.24,12.267,8.156,4.110999999999999,False,5.802,-0.6,2012-03-04 22:55:26.706,O5,"['H1', 'K1', 'V1']",8.949856179463517,24.065568535538617,145.90499085545918,1925.902118241638,119.83693378914882,319.61072150715904,791.8615342192395,1520120.477809997,10875458.5624706,174497612.51681215
1124,1124,2.2600000000000003e+50,1830000.0,0.336,8.961,14.596,-5.635,True,2.94,-0.741,2012-05-31 14:54:26.324,O5,"['H1', 'K1', 'L1', 'V1']",9.428309641002338,13.07393355685625,176.13290714784625,1693.4352488422703,167.4204746938981,446.5623282114672,1100.8376017465948,1962344.3552865824,34426889.67284909,430057306.0078903
1125,1125,3.58e+51,398000.0,0.085,53.522,9.611,43.911,False,3.251,0.524,2012-01-24 03:22:20.187,O5,"['H1', 'K1', 'V1']",9.544716027721403,65.05968780631864,261.4776774864639,1973.5989808733384,100.76983097372135,268.9645965282486,671.7593797071759,2253015.8950006664,10134206.93874232,112841601.8947145
1126,1126,6.14e+50,217000.0,0.047,58.566,12.553,46.013000000000005,False,4.939,-1.257,2011-12-16 05:35:14.697,O5,"['H1', 'L1']",17.1984501071251,62.503486744137774,195.71737704758712,623.9504013653316,47.694985485790426,126.82965270922848,307.55951936401925,522711.44791814254,1740127.3885198303,6508383.475438843
1127,1127,6.14e+50,209000.0,0.046,81.89,18.042,63.848,False,4.882,-0.591,2011-10-02 15:10:56.564,O5,"['H1', 'K1', 'L1', 'V1']",15.48818440528141,6.182434966144756,27.355504689849205,98.51895303588697,53.64376840670798,142.84208226478123,348.42505751657524,81099.46623622507,396450.0329447148,1850813.1415767088
1128,1128,3.32e+50,424000.0,0.09,26.049,5.209,20.84,False,2.661,-0.756,2011-10-14 10:38:36.805,O5,"['H1', 'K1', 'V1']",11.48981746742539,1.550816615237979,5.062103431523231,19.671328927004552,52.62093232390174,140.05122398497343,341.1565489478885,14952.134612850412,59069.089160827534,314908.6581011369
1129,1129,1.67e+50,592000.0,0.123,18.318,23.784,-5.4659999999999975,True,3.138,-0.41,2012-04-25 16:32:55.077,O5,"['H1', 'V1']",10.73975409300219,115.66207851276174,568.24881241143,3370.9655750968086,71.78021303392921,191.78793886901224,475.20224911091145,2242887.2233890244,12885898.659584306,91114676.71117328
1130,1130,8.36e+49,1790000.0,0.33,17.575,10.046,7.529,False,5.958,-0.93,2011-12-12 12:33:08.898,O5,"['H1', 'L1', 'V1']",9.078297178267215,38.207856549835135,196.33953569762247,981.519296741356,160.37586386359283,427.2816776588489,1045.488013298559,5643732.013669978,33834211.99320328,219752981.20452145
1131,1131,4.1699999999999995e+51,1160000.0,0.226,16.124,16.959,-0.8350000000000009,True,0.462,-0.218,2012-07-26 14:38:34.835,O5,"['H1', 'K1', 'L1', 'V1']",8.393650153352205,653.2630778604853,4813.430751822078,25748.85134292794,155.95681546200512,415.2485676554909,1011.5160259235176,126048292.03724624,1072146570.7797556,6467670570.462585
1132,1132,1.67e+50,525000.0,0.11,50.19,11.779,38.411,False,3.461,-0.957,2012-01-21 20:32:08.450,O5,"['K1', 'L1', 'V1']",8.988299560668901,43.05784821282432,158.68423163663334,831.7124539345475,103.60866582324296,276.6211508650539,688.5245212897473,1789167.4157489408,8151091.997307155,65868010.944209285
1133,1133,9.06999999999999e+47,685000.0,0.14,34.733,18.394,16.339,False,0.873,-0.701,2012-08-30 15:54:32.840,O5,"['H1', 'K1', 'L1', 'V1']",9.337822990377918,51.15692050539453,182.20151577856987,1666.7199136434012,140.1148490562745,374.3523840735004,938.196260931685,2710438.3771183365,13017884.305256706,208128836.34481776
1134,1134,1.3300000000000002e+49,531000.0,0.111,41.434,5.67,35.764,False,3.0,0.703,2011-12-31 06:47:39.624,O5,"['H1', 'K1', 'L1', 'V1']",11.12463962175808,1.948597135587905,6.70117293722255,31.87958871107365,76.85717439278085,204.7456649762894,501.6341656020505,63975.99424324169,268615.4280509712,1732979.4580217411
1135,1135,6.14e+50,695000.0,0.142,16.024,24.235,-8.210999999999999,True,1.766,0.868,2012-08-01 11:54:54.477,O5,"['H1', 'K1', 'L1', 'V1']",12.23466952595207,2.037943037983685,6.748224265234937,27.60098587095104,66.62652939182112,177.78697177211842,441.663193919329,47460.5930293793,183522.77325783268,1087310.1130225118
1136,1136,2.84e+51,1200000.0,0.233,49.329,42.056,7.273000000000003,False,0.138,1.474,2012-04-28 01:02:58.686,O5,"['H1', 'K1', 'L1', 'V1']",8.021546640676657,14.786955793215748,151.17476237434164,3481.834140470346,180.36360706071923,479.7421624936332,1165.9292034809646,2642031.1874834565,36432919.96711753,1107951728.8330662
1137,1137,5.6699999999999995e+51,702000.0,0.143,57.44,7.731,49.709,False,3.14,-0.983,2012-07-29 04:37:58.924,O5,"['H1', 'K1', 'L1', 'V1']",9.043715325292688,79.32014340080542,470.02693216219393,5137.610607925504,165.61880059201394,442.5780582136336,1089.157438020916,4987820.263922693,45962900.55572969,972172247.9217472
1138,1138,1.94e+50,292000.0,0.063,20.072,18.967,1.1050000000000004,False,2.475,0.541,2012-03-22 21:23:22.109,O5,"['H1', 'K1', 'L1', 'V1']",21.83951660347889,0.2530183473345803,0.7897098316632223,2.695681888514719,21.562729278377617,57.46489100856056,141.1391522728539,577.8518967535507,2125.239121852394,9692.11340616799
1139,1139,3.09e+49,1010000.0,0.2,40.271,18.182,22.089,False,3.091,-0.893,2012-03-27 16:27:32.990,O5,"['H1', 'K1', 'L1', 'V1']",8.063981601257916,90.4759819895141,472.9647727242003,2515.617382515916,151.37557114262813,403.06865637125895,983.9963710599924,14153159.841820642,82371490.83580759,602554717.0431237
1140,1140,3.87e+50,570000.0,0.118,46.316,10.873,35.443000000000005,False,2.597,-0.196,2011-10-10 05:45:39.997,O5,"['H1', 'K1', 'L1', 'V1']",11.67901186120493,11.320785298907229,38.48499800325896,167.93145369972902,79.28034309483269,211.59161172560616,524.4671739611875,323872.0923589311,1321334.7995979183,8562991.03288708
1141,1141,1.0499999999999999e+51,430000.0,0.091,30.928,12.442,18.486,False,4.281,-0.344,2012-06-12 22:03:44.367,O5,"['H1', 'K1', 'V1']",12.86164295845596,33.58248813127794,140.4656379679245,1090.8667994846742,61.68232315421187,168.01346271178485,471.17658206499146,307472.0666547219,1614481.1127768988,17357697.065191757
1142,1142,5.73e+47,888000.0,0.178,44.955,16.9,28.055,False,4.653,0.003,2012-06-19 06:08:30.497,O5,"['H1', 'K1', 'L1', 'V1']",8.90651165950953,148.2661244480744,612.4041773898058,3103.675084903242,166.78219060625963,443.4269256665091,1072.357807970472,22545513.45550747,105739579.05428976,701783473.3797071
1143,1143,4.520000000000001e+50,1540000.0,0.29,29.042,10.492,18.55,False,2.875,-0.534,2011-10-19 02:49:13.352,O5,"['H1', 'L1', 'V1']",9.062613539549671,33.65517099464417,175.94820240615155,781.6632432986394,148.95059878529605,396.7358589426518,968.8064076679584,3775856.731956234,22977808.39965633,143963340.3981151
1144,1144,9.67e+52,358000.0,0.076,34.172,35.039,-0.8670000000000044,True,5.234,0.77,2011-12-15 18:42:40.085,O5,"['H1', 'V1']",14.46319867967602,11.074513646885167,36.20349824301601,158.5558026102292,39.77197833934093,106.19201469739346,264.2000964066853,74835.76755713236,277335.179706526,1517848.8769435575
1145,1145,3.08e+50,116000.0,0.026,46.062,18.565,27.497,False,4.439,0.638,2012-02-10 16:01:38.335,O5,"['H1', 'L1']",44.87548208074356,7.348666798099194,23.022324205747683,79.11720893527762,13.123368740142991,35.05885368655157,87.99430324491205,2426.014879908352,8823.207121076426,38876.77583778164
1146,1146,4.1699999999999995e+51,938000.0,0.187,45.406,11.521,33.885,False,2.263,-0.056,2011-11-11 23:10:51.521,O5,"['H1', 'K1', 'L1', 'V1']",9.196238031330562,17.864396605714532,80.10061765091918,495.0834193623033,136.57569350546044,363.5281972195402,884.9137520375895,1771428.6560349949,8779193.120211162,79820379.76942849
1147,1147,6.150000000000001e+49,736000.0,0.15,31.39,29.727,1.6630000000000005,False,3.074,1.106,2012-01-31 23:31:23.902,O5,"['H1', 'K1', 'V1']",8.180315472298286,39.44107129305007,315.7927586817119,4770.787994720687,143.87517865124278,385.5447495909261,981.1020247948012,2227801.3514828454,25982847.52305948,642844184.3416507
1148,1148,3.1e+47,887000.0,0.178,32.316,11.31,21.006,False,5.285,1.171,2011-10-21 19:30:06.041,O5,"['H1', 'L1', 'V1']",9.289060780403592,3.287285995204161,12.011192146508272,53.880878657698325,124.13002760882728,332.8279851102982,840.3393530489725,193524.3820250708,968957.396977738,7069652.818990525
1149,1149,2.84e+51,786000.0,0.159,39.18,14.563,24.617,False,1.616,0.76,2012-06-03 18:47:23.498,O5,"['H1', 'K1', 'L1', 'V1']",10.99364979074415,9.356231802832156,75.65125145207257,518.5156812898533,111.6845708211381,297.9955790130115,736.9767166749236,640014.6640438715,5836577.621782992,50733469.6198308
1150,1150,1.8e+51,193000.0,0.042,23.763,14.691,9.072,False,6.256,0.254,2012-08-29 20:36:31.919,O5,"['H1', 'K1', 'L1', 'V1']",28.6696484475206,0.5133028035676559,1.6736459727004267,6.703697527754735,13.318120504406975,35.50852288097863,87.44076321561863,329.5474168977437,1280.716168184906,6856.373177718507
1151,1151,7.150000000000001e+50,452000.0,0.095,27.19,28.496,-1.3059999999999974,True,4.065,-0.194,2011-11-10 15:46:07.932,O5,"['H1', 'K1', 'V1']",8.896174577554353,9.653442278228985,35.44856346180885,188.5010120678853,64.98411641297855,175.43407688572717,509.6161713728556,77755.77038208552,380114.6215668698,3986661.9488446657
1152,1152,2.84e+51,961000.0,0.191,36.634,11.29,25.344,False,4.943,0.073,2012-07-10 07:58:22.131,O5,"['H1', 'L1', 'V1']",8.107297550062325,222.8053571064414,808.4622951840827,3475.119387944278,151.3720262305883,402.82444159749366,979.8098090803436,33185260.62418758,137188677.0811421,817257921.8966506
1153,1153,6.67e+47,882000.0,0.177,46.539,25.909,20.630000000000003,False,6.264,-0.965,2012-03-24 05:21:10.267,O5,"['H1', 'K1', 'L1', 'V1']",9.944752040615173,29.90707397092793,139.43404189602427,682.0111715093684,148.10475904210864,394.3037037163929,960.3100107897504,3632201.210853317,18978375.96491827,122993243.97246526
1154,1154,1.9399999999999998e+51,449000.0,0.095,32.622,7.688,24.934,False,2.092,-0.495,2012-03-26 11:32:56.248,O5,"['H1', 'K1', 'V1']",9.569377580988595,24.989398774483806,97.51057247046316,554.4782659013937,96.39402254190507,256.56357069128296,629.2425335794385,810431.0950993866,4076634.1883701473,35326359.96101558
1155,1155,1.66e+51,6670000.0,0.985,47.697,14.492,33.205,False,2.357,-0.553,2011-11-25 16:25:28.142,O5,"['H1', 'K1', 'L1', 'V1']",8.179068060264008,3644.4876263267033,12053.674904332567,31929.917806771347,182.7120848937396,486.8539612659474,1192.9227285345062,1505745099.5842454,5337880060.751829,16267358248.678778
1156,1156,1.95e+49,161000.0,0.035,86.569,13.103,73.46600000000001,False,2.182,-0.079,2012-03-02 15:48:42.008,O5,"['H1', 'K1', 'L1', 'V1']",19.12447702059283,2.053779840007471,8.400467956948395,98.05190764292207,11.095707770343608,30.6247119099304,83.1424180262994,1105.1285034210568,6233.7824784801805,67010.16976386066
1157,1157,3.86e+51,231000.0,0.05,58.564,16.659,41.905,False,4.355,-0.658,2012-08-19 06:57:34.847,O5,"['K1', 'L1', 'V1']",15.03898422210813,6.074131834796195,19.16625775593909,67.05403496846,35.817177634693,95.44823184507884,234.15355500400443,31148.65634650486,114900.8187901678,523435.10250095377
1158,1158,5.3e+47,988000.0,0.196,52.102,11.04,41.062,False,5.802,-0.822,2012-08-19 23:18:04.473,O5,"['H1', 'K1', 'L1', 'V1']",8.299134720557626,80.49870221827071,364.8361154259268,4238.227546474726,168.1644857308911,447.1156675185946,1081.5748660506652,11206723.101828223,60614344.85544527,980594970.9683468
1159,1159,2.85e+50,712000.0,0.145,64.685,13.04,51.645,False,1.02,-0.972,2012-02-18 09:14:02.993,O5,"['H1', 'K1', 'L1', 'V1']",8.403831072678038,103.67097609779792,490.1547865234245,3418.666467030892,160.01263733750943,425.8784859627401,1036.7903975790796,19008574.242008083,106588264.71141598,939225679.1336924
1160,1160,1.66e+51,478000.0,0.1,34.696,17.024,17.671999999999997,False,3.452,0.819,2012-05-31 18:01:31.861,O5,"['H1', 'K1', 'V1']",10.11255821237612,18.43084921355069,100.7809053221599,1166.1106880957489,65.6328561523759,175.54483044622697,440.3418303715857,266981.93210218864,1704453.0578290042,26709425.01290481
1161,1161,9.72e+50,1900000.0,0.348,19.77,18.063,1.7070000000000007,False,2.488,-0.204,2012-08-20 06:44:28.856,O5,"['H1', 'L1', 'V1']",8.308571860121617,102.63393136030986,618.7238381537195,2937.1107149958148,171.86958915040964,457.00720613861154,1105.8537874250776,18205250.767436683,121987369.66741218,768214202.1308823
1162,1162,3.31e+52,767000.0,0.156,36.596,15.403,21.193,False,5.932,0.727,2012-02-18 21:44:27.461,O5,"['H1', 'K1', 'L1']",9.800564699805143,26.34431046731535,86.56248643594618,680.636381663505,126.61950900634622,336.3521890429704,810.6151535080976,1907432.7973612533,7678431.807377492,69600198.32232068
1163,1163,6.119999999999999e+51,377000.0,0.08,58.916,25.393,33.523,False,2.55,-0.052,2011-10-05 12:10:35.856,O5,"['H1', 'K1', 'L1']",9.449800045845338,176.76082297623373,731.9236781916414,5619.588693989928,184.7586998361772,481.22274987627816,1122.5510182908856,10392966.722460411,59272724.26702092,629873198.94916
1164,1164,1.3200000000000001e+50,922000.0,0.184,32.018,8.868,23.15,False,0.117,-0.992,2012-02-10 15:44:41.838,O5,"['H1', 'K1', 'L1', 'V1']",9.409872681831352,77.84903221450705,266.31601268133136,1611.1105285342048,153.56191094445853,409.1741917675341,1003.959388375346,7484033.951516645,32082617.58081277,258612457.0109681
1165,1165,8.339999999999991e+50,96900.0,0.022,60.574,17.26,43.31399999999999,False,4.227,-0.091,2012-02-07 10:43:57.754,O5,"['H1', 'K1']",15.30970229970274,6.236926433816243,19.965903059990342,76.79836419606565,19.04035343958685,51.00490676815258,131.15659002237084,3986.4070144222464,15489.833525743132,80662.28036421201
1166,1166,1.54e+50,291000.0,0.063,29.461,4.741,24.72,False,6.24,-1.107,2011-10-02 04:51:12.952,O5,"['H1', 'K1', 'L1', 'V1']",16.42159701290758,0.3083988803642597,0.9821642821071696,3.397331178303525,31.064642962623168,82.7222780101244,202.07895157413577,1066.6114333217197,3998.7448677254506,18555.053765093107
1167,1167,1.1299999999999999e+51,674000.0,0.138,17.6,6.777,10.823,False,5.757,-0.504,2011-12-11 07:40:53.182,O5,"['H1', 'K1', 'L1', 'V1']",10.01734451672962,1.8123925830961296,6.210385216243564,39.62827621658403,97.22513492969142,259.37657881343114,642.6531349705263,85601.74014904737,362194.9381561956,3411426.35692484
1168,1168,2.46e+48,714000.0,0.146,36.761,23.238,13.523000000000003,False,6.239,-0.532,2012-04-13 11:05:54.020,O5,"['H1', 'K1', 'V1']",8.069474015407227,22.50169179668353,462.2818452760568,10552.714785184113,162.7267721217289,431.4932301772086,1020.3755835670972,1156851.1126855898,46547206.92747338,1904052162.256971
1169,1169,6.17e+48,290000.0,0.063,63.501,10.873,52.628,False,4.919,0.656,2012-07-05 07:08:03.297,O5,"['H1', 'L1']",16.62803598513074,83.09896123593995,235.8738570969593,687.6193442878266,50.91218101407338,135.27570753063674,326.4769927637203,616082.7756921191,2060704.067298108,7512487.503640179
1170,1170,3.58e+51,722000.0,0.147,48.698,19.455,29.243,False,4.463,0.751,2012-02-15 18:19:15.175,O5,"['H1', 'K1', 'L1', 'V1']",8.425889130990976,58.31853070487058,268.5059653653226,3417.2093648829027,166.8896922543637,443.52056543767,1069.489894914916,7981698.91154117,47341086.34004692,862854473.4642328
1171,1171,5.29e+48,460000.0,0.097,56.794,19.025,37.769,False,0.978,1.002,2012-01-12 22:55:32.215,O5,"['H1', 'L1', 'V1']",9.642441439205756,7.305522791098647,37.33459561385947,709.0764202719624,116.62054154531164,311.50934836877127,773.9980988837704,479336.6804559843,3303181.592144896,88575452.51815121
1172,1172,2.2599999999999998e+51,1110000.0,0.217,32.457,12.992,19.465,False,1.187,0.964,2011-12-05 07:51:01.783,O5,"['H1', 'K1', 'L1', 'V1']",8.057131050822909,171.65367081176285,680.3949006739441,2893.350072559431,162.24800944062758,431.6281930569541,1047.9834438308008,31925911.22482068,141853539.29612476,801178816.8062094
1173,1173,7.12e+52,473000.0,0.099,16.147,19.469,-3.3220000000000027,True,0.799,-0.157,2012-08-23 14:54:42.784,O5,"['H1', 'L1', 'V1']",13.86986167866785,3.593097610719117,11.86945142959405,54.92705524369581,46.83441644480536,125.04372046183306,312.79491621754056,33626.42525758699,133766.24845586088,892128.9109636956
1174,1174,9.05e+48,204000.0,0.045,52.295,18.247,34.048,False,4.068,0.553,2012-07-07 21:37:41.546,O5,"['H1', 'K1', 'L1', 'V1']",20.88810530431693,0.3659340611859137,1.1564279905537962,4.022731095631744,30.49700386837307,81.11890030230208,196.5675634502624,972.5790673818292,3544.5314289489907,15730.9720804509
1175,1175,4.520000000000001e+50,580000.0,0.12,37.875,41.728,-3.8530000000000015,True,1.143,-0.041,2012-02-13 23:29:50.088,O5,"['H1', 'K1', 'L1', 'V1']",9.066472538317193,10.070667981061716,33.336449666541256,184.95831048243528,100.17178414709724,266.9782157455056,656.3993147006092,431901.5720537859,1836638.7551278323,14790300.327021165
1176,1176,7.150000000000001e+50,195000.0,0.043,76.54,15.086,61.45400000000001,False,5.164,0.657,2012-08-13 03:57:33.361,O5,"['K1', 'L1', 'V1']",13.5394207235965,13.721276077793949,101.3766965150534,1736.4280087629093,57.48950049682429,151.64587469193356,351.9524102076392,130423.38899173048,913001.4361945484,13703871.90859228
1177,1177,4.18e+50,481000.0,0.101,88.582,4.14,84.442,False,1.722,1.182,2012-08-31 21:14:53.246,O5,"['H1', 'K1', 'L1']",9.42535462517384,20.798458198118748,76.55566137522207,331.1351920733161,88.62038347006785,235.8682844590768,573.8288549392068,744433.343847354,3164254.9742710404,16409277.888421262
1178,1178,3.87e+50,522000.0,0.109,9.394,10.513,-1.1189999999999998,True,5.986,-0.704,2012-02-21 05:12:45.593,O5,"['L1', 'V1']",14.69395413599584,11.24133263763574,36.53553107399295,144.79308501963604,41.61540579834258,111.0794608468953,277.23438512168354,97166.90422622426,370238.9850809757,1829908.9248893664
1179,1179,7.150000000000001e+50,445000.0,0.094,14.9,12.932,1.968,False,1.627,0.889,2011-10-26 19:53:50.004,O5,"['L1', 'V1']",8.901487362795246,69.39127999489973,240.9481101184562,1166.2888499100957,109.91865922430952,292.2832725145119,717.545480727347,1854597.41787202,8550251.037368499,62042455.300113365
1180,1180,1.56e+47,488000.0,0.102,31.544,5.995,25.549,False,5.961,-0.378,2012-04-24 07:45:47.757,O5,"['K1', 'L1', 'V1']",8.286233883716802,94.50391240509796,494.5900288084068,10819.774701240947,170.51759246708377,453.6430594170457,1094.9748117446743,7879058.659151353,59766914.869043015,2251852627.422959
1181,1181,2.6599999999999997e+47,757000.0,0.154,23.856,9.025,14.831,False,2.614,-0.926,2012-08-23 02:11:25.322,O5,"['H1', 'K1', 'L1', 'V1']",10.84624413531747,4.912331867331321,15.215131108267842,59.19534861527614,82.28328932489887,219.3752612163147,540.7284583334736,179897.96103794398,663080.8942416856,3777680.529619041
1182,1182,1.2199999999999999e+51,110000.0,0.024,48.179,12.646,35.533,False,2.648,0.279,2012-07-09 01:15:11.479,O5,"['H1', 'K1', 'V1']",33.1557892902748,0.5768166495060589,1.902173920020908,8.396228003688023,10.701587065899131,28.564269632501748,70.9105639562225,164.80063239111175,647.6001000527382,3607.9330230887854
1183,1183,1.66e+51,554000.0,0.115,59.476,9.221,50.255,False,1.44,1.349,2012-05-27 22:15:33.925,O5,"['H1', 'K1', 'L1', 'V1']",9.80669803743973,76.76315188272363,280.7651566707221,1319.7122022634076,155.35349118769773,413.31886880496256,1003.4719921610472,8808641.928537263,39253603.37325663,244001493.08231464
1184,1184,1.8e+51,480000.0,0.101,43.385,17.908,25.477,False,2.991,1.07,2012-06-23 03:55:32.453,O5,"['H1', 'L1']",11.94579292642852,82.77933447618388,275.0931294378378,1259.1006271863143,72.09641351807477,190.7774775681152,448.7725061401803,1253193.965585149,4591530.075471324,23267037.80412852
1185,1185,6.64e+49,938000.0,0.187,36.599,64.199,-27.6,True,1.812,0.723,2011-10-01 10:43:01.775,O5,"['H1', 'K1', 'L1', 'V1']",9.14276166411602,76.64216063536632,317.5974636451145,1393.55057380263,155.39325434350144,413.79184660977137,1010.3667657553252,10204720.124353109,48004094.64090973,279190658.35364383
1186,1186,1.43e+50,276000.0,0.06,34.894,12.008,22.886,False,2.664,0.064,2012-08-07 06:54:18.159,O5,"['K1', 'L1', 'V1']",16.6446341346139,9.345181318821028,29.332789684323263,92.44295805638572,30.706011162411244,81.81581521904872,200.5821645691237,36424.60115944435,133481.79095979518,577923.2498507114
1187,1187,1.3200000000000001e+50,435000.0,0.092,43.286,10.814,32.472,False,3.723,0.669,2012-03-16 01:54:11.560,O5,"['K1', 'V1']",8.822151751535815,385.8836941777844,2074.6763905143525,10414.663935807328,79.92385627288922,212.1581233147568,510.5670463676927,7435617.101188454,42400037.26616175,250092059.56905857
1188,1188,2.84e+51,385000.0,0.082,75.247,6.632,68.615,False,4.301,0.788,2011-12-22 20:26:51.752,O5,"['H1', 'L1', 'V1']",9.435939848772732,31.562243233960068,120.9463438535429,549.1608315731198,120.1131189091069,319.79307178222984,780.1324921250593,2055235.308592579,8807579.582265003,55817136.515566304
1189,1189,3.58e+51,125000.0,0.028,55.873,16.034,39.839,False,6.007,-0.152,2012-01-23 11:01:31.859,O5,"['H1', 'K1', 'V1']",25.03921931163741,2.5500134053767214,8.378479147396904,29.717676421516803,18.859815117989086,50.20478489620368,122.38472536410836,2222.973027150613,8515.530560327521,39201.65790236504
1190,1190,1.0500000000000001e+52,301000.0,0.065,20.457,8.775,11.682,False,4.341,-0.11,2012-04-19 05:19:26.401,O5,"['H1', 'K1', 'L1', 'V1']",11.47056208974099,2.085397183622912,6.860276305526938,27.470704630146177,40.53535872153952,108.28123773844948,270.00819853796025,10954.20171219018,44695.5903105241,275435.9353106154
1191,1191,2.85e+50,450000.0,0.095,34.313,10.553,23.76,False,6.003,-1.084,2012-03-18 08:08:55.725,O5,"['H1', 'K1', 'V1']",13.23323450308181,8.734258463354099,79.12578355360512,1864.817967083897,58.896870047416655,158.1844514769919,386.1689256406752,111500.8597512485,1126305.4862626388,23619835.56248376
1192,1192,3.07e+51,238000.0,0.052,78.094,15.91,62.184,False,2.505,-0.983,2012-06-25 08:39:59.380,O5,"['H1', 'K1', 'L1']",14.66183074287741,56.59995593512941,183.19488364211787,690.1955081749162,54.17734157421791,144.20793677582793,351.2754641087156,612024.8979415509,2276981.523008885,10095650.903880583
1193,1193,3.59e+50,792000.0,0.16,28.121,23.814,4.306999999999999,False,4.238,0.198,2011-12-19 17:41:45.332,O5,"['H1', 'K1', 'L1', 'V1']",9.193548613748696,55.081666663126086,230.45440402704256,948.0955221163866,140.45415999134855,373.8462867975776,909.8861198972688,5340794.251817915,27302137.64747576,149547844.20516986
1194,1194,7.719999999999991e+50,1160000.0,0.226,6.29,5.464,0.8259999999999996,False,4.14,-0.877,2012-01-15 23:11:53.448,O5,"['H1', 'L1']",8.628124527233435,197.0498283689425,698.2825281853121,2603.232667001282,159.77137343510003,423.4533937507555,1007.2302277688678,22862177.763969827,83744230.78198512,338963752.7060327
1195,1195,2.65e+48,678000.0,0.139,54.198,14.132,40.066,False,4.609,1.365,2012-03-25 06:57:21.206,O5,"['H1', 'K1', 'L1', 'V1']",9.810255460812636,9.618847283994876,96.45320967894884,867.0101966536205,144.79073980729436,386.2018048856928,951.9349471423076,1093191.3270493164,13155920.322845563,154698078.76391092
1196,1196,1.1400000000000001e+49,726000.0,0.148,48.915,8.532,40.383,False,3.438,-0.437,2011-12-20 07:16:40.153,O5,"['H1', 'K1', 'L1', 'V1']",8.443351226249302,2714.385282753748,12133.320883108956,33225.60240560577,132.79357984271542,354.21477748512666,873.6181326869582,532590164.5147025,2345032605.034872,7146559621.503388
1197,1197,1.94e+50,392000.0,0.083,30.015,15.333,14.682,False,0.701,-0.556,2012-03-11 10:00:57.195,O5,"['K1', 'L1', 'V1']",15.99649052840518,1.2609042640714667,4.241433822988951,20.87197342089081,36.30014838026909,96.69882190434606,236.7280811943464,7825.009466695665,31654.676076757187,208987.89251785213
1198,1198,2.09e+51,275000.0,0.059,38.363,14.421,23.942,False,0.157,0.87,2012-03-11 23:50:25.057,O5,"['H1', 'K1', 'L1']",21.02978517991531,4.767514193061921,18.64713719912108,97.14439453395684,31.814602763126004,84.68782935510978,206.42338533371668,16940.673849554976,79488.02512240833,453189.2762450752
1199,1199,2.1e+50,257000.0,0.056,71.931,13.611,58.31999999999999,False,3.066,-1.295,2012-04-25 14:03:09.930,O5,"['H1', 'L1']",13.11997348870795,50.89696793139673,184.85964278456137,721.1022242207761,66.69172954172865,177.3017203435798,428.5671057474706,906926.9725484768,3522596.5494455565,15432764.53515447
1200,1200,4.520000000000001e+50,424000.0,0.09,67.566,14.453,53.113,False,2.994,0.922,2012-05-24 19:19:27.936,O5,"['K1', 'L1', 'V1']",8.143501985151925,8.299650891782926,44.28396245273324,7830.551762460398,153.5562998797028,432.94859636228585,1065.2277569804269,167051.23318136923,1571763.9447050856,1305999316.8975933
1201,1201,1.8e+51,592000.0,0.123,42.587,21.967,20.620000000000005,False,1.447,0.349,2012-05-29 17:35:15.067,O5,"['H1', 'L1']",11.25548460939062,63.46936835894067,214.28006177989545,841.9644660689955,79.01368962728674,210.33465584855213,510.5732892848518,1652850.9059980577,5863630.555408146,24828126.14262732
1202,1202,2.86e+49,899000.0,0.18,24.296,25.076,-0.7800000000000011,True,4.795,1.031,2012-06-12 22:51:41.961,O5,"['H1', 'K1', 'L1', 'V1']",8.857515781228626,167.85161648822586,861.564491881961,5742.406645399041,175.0488853011365,465.8553815707521,1130.0132941737747,17245305.11383899,103063209.78142512,1200402594.645606
1203,1203,1.43e+51,596000.0,0.123,74.318,19.321,54.997,False,1.904,1.232,2012-03-23 18:49:53.073,O5,"['H1', 'K1', 'L1', 'V1']",8.177443443685013,338.7282129208688,2391.9668320030946,20916.470422722123,177.74708142696477,472.7646049242203,1145.1978964271652,57372207.66395176,474290930.0255914,5298827910.012615
1204,1204,1.67e+48,940000.0,0.187,2.006,14.643,-12.637,True,0.201,-0.696,2012-09-10 17:21:49.805,O5,"['H1', 'L1', 'V1']",11.49184858664612,1.5611426545057558,5.18720642412623,31.30643606102676,71.73745234615478,192.0033491909145,489.7732654910111,36359.00247762909,147040.91910448723,1333102.899099758
1205,1205,8.38e+48,1410000.0,0.268,16.33,55.698,-39.368,True,2.319,0.726,2012-06-01 23:53:55.317,O5,"['H1', 'K1', 'L1', 'V1']",9.618812374241193,39.859757867211904,139.7452111678697,573.5860793441395,144.02483882322474,383.33160999544543,932.859105210772,4465369.538547756,18569670.29201793,103529959.36723736
1206,1206,3.61e+47,1130000.0,0.221,22.596,9.739,12.857,False,3.469,-1.042,2011-10-27 08:02:06.118,O5,"['H1', 'L1', 'V1']",8.11933806298929,103.09915528021268,406.1403115640725,2401.1521900442017,155.52444044858464,413.5917579665178,1002.4063107385488,12592222.088145312,61546191.278016746,453301724.48238623
1207,1207,3.3300000000000003e+49,536000.0,0.112,52.206,30.702,21.504,False,1.792,-0.967,2012-06-11 07:50:12.702,O5,"['K1', 'L1', 'V1']",9.481994888064683,64.14314990890843,318.47471711830724,4761.930608672307,137.89646806950896,371.3521731852344,inf,3444961.632165604,19623660.6880955,834757229.3006687
1208,1208,1.1299999999999999e+51,1370000.0,0.262,26.031,7.895,18.136,False,1.577,-1.147,2011-12-25 23:14:44.749,O5,"['H1', 'K1', 'L1', 'V1']",8.58269789336566,380.4325224084103,1840.9791401922023,11262.696320573452,164.68324119646763,438.4735938034705,1069.7862591363294,76499590.75242154,435765245.92165226,3320092906.402876
1209,1209,4.1900000000000004e+49,284000.0,0.061,85.594,17.125,68.469,False,0.001,0.76,2011-12-28 23:55:33.288,O5,"['H1', 'K1', 'L1']",8.996223744829486,179.91762794919936,762.6552964716499,2787.198836935005,156.48009613801082,415.91607657013606,966.7791317874692,14102197.28277558,63641912.98556163,309732292.7447925
1210,1210,4.1699999999999995e+51,980000.0,0.194,13.563,9.675,3.888,False,1.976,0.437,2012-07-07 12:27:05.591,O5,"['H1', 'K1', 'L1', 'V1']",8.429307277758566,6.682640120432347,24.02962154220683,1127.0116643317554,154.33448519614217,412.6750149578356,1029.5252095455296,666204.5724678225,3046323.508130844,266955001.2644556
1211,1211,6.119999999999999e+51,414000.0,0.088,28.039,10.901,17.138,False,1.102,-1.284,2012-02-28 21:37:44.111,O5,"['H1', 'K1', 'L1', 'V1']",15.41882769395097,0.2929060093162773,0.9397452118152252,3.544084393298394,38.55814442330967,102.6640976648115,250.56570635591083,1881.589968646033,7167.472948111112,36509.97409192059
1212,1212,2.84e+51,591000.0,0.122,16.037,22.429,-6.392,True,2.461,0.258,2012-07-04 00:12:37.885,O5,"['H1', 'K1', 'L1']",12.88504300673212,22.36096683899077,77.58259051123676,506.53318669999175,66.67287888840349,177.75642383515554,436.6519944889402,414283.5300133088,1743937.3014192,14473691.154439392
1213,1213,2.4399999999999998e+51,679000.0,0.139,32.216,6.893,25.323,False,5.542,-1.222,2011-12-10 07:51:15.471,O5,"['H1', 'K1', 'V1']",8.524863978824202,165.14115462612415,1557.3488738776691,8003.641835053442,145.87698229221814,388.74691104728527,952.9628592605012,14620411.445251694,155887525.36003536,1130138973.8602602
1214,1214,2.4399999999999998e+51,410000.0,0.087,50.288,10.429,39.859,False,3.183,-0.115,2011-10-22 08:59:28.400,O5,"['K1', 'L1', 'V1']",8.633006087383928,83.65521398718306,331.84828781729686,3563.2464592004444,134.73311378131586,359.0934560214972,874.5733713951546,3164364.059942106,19277755.15220705,429506116.338276
1215,1215,1.3300000000000002e+49,256000.0,0.055,59.659,17.664,41.995,False,5.785,-1.376,2012-03-04 10:35:14.220,O5,"['H1', 'K1', 'L1']",17.69607588076945,1.83728666570278,6.1456851963610974,26.34278840141224,35.828002198298805,95.46494946505057,233.89952796118376,8587.29712302962,34335.941916784635,191255.9764807428
1216,1216,2.45e+50,2170000.0,0.389,61.554,19.076,42.478,False,3.16,0.957,2012-01-05 09:23:28.502,O5,"['H1', 'K1', 'L1', 'V1']",8.188727182344184,399.0371182009957,2052.65304417795,13644.372077179882,191.6292383415396,510.2223295929232,1242.7038935038015,104998580.56899296,636481791.9868337,5514426716.546528
1217,1217,1.1400000000000001e+49,1060000.0,0.208,10.354,24.474,-14.12,True,0.082,0.968,2012-02-16 17:32:52.358,O5,"['H1', 'K1', 'L1']",8.794775497693381,199.9504863348837,731.2205927389582,2586.872520050466,156.12022820715868,413.4139919792585,982.2549782900433,17626983.388510037,75709936.150346,345019082.08122826
1218,1218,4.520000000000001e+50,730000.0,0.149,33.01,8.708,24.302,False,2.017,-0.177,2012-03-11 07:44:08.976,O5,"['H1', 'K1', 'L1', 'V1']",8.239454682312633,143.857755644066,938.0598358174136,17918.019498402566,170.33242992464352,451.9408130060712,1083.253116122806,22012685.436271805,184216046.06324297,4489395014.192746
1219,1219,1.0499999999999999e+51,470000.0,0.099,26.231,18.601,7.630000000000003,False,0.157,-0.096,2012-06-14 08:02:12.775,O5,"['H1', 'K1', 'L1', 'V1']",9.364435839520354,15.695500666163165,52.537761736908855,244.8836444286647,128.74412667032612,343.23195430652487,846.8264319398636,279991.0190005729,1559441.4987699485,16648306.924780672
1220,1220,1.06e+47,1160000.0,0.226,28.565,23.886,4.679000000000002,False,3.584,0.414,2012-09-07 17:10:33.810,O5,"['H1', 'K1', 'L1', 'V1']",8.281443996583707,11.124724425657403,53.5544126881325,10369.564717418782,172.03310029337047,457.530618307317,1104.022959031447,1304552.5446478662,8543482.933133023,2540490378.108273
1221,1221,1.2199999999999999e+51,1120000.0,0.219,23.559,11.609,11.95,False,3.306,-0.849,2012-01-14 21:44:23.218,O5,"['K1', 'L1', 'V1']",8.086045284610195,232.02691520403485,1603.9966235502254,11091.646699601915,179.21201179907757,476.0379122134317,1146.523274629158,29353130.74837481,259461021.80102143,2441868890.795347
1222,1222,1.66e+51,360000.0,0.077,40.269,10.167,30.102,False,0.814,-0.944,2011-09-24 00:33:25.111,O5,"['H1', 'K1', 'L1', 'V1']",18.23848949657464,1.5280704143293231,5.2767076623713125,24.2309366424423,46.526292304528,123.9158986675879,303.2351311193561,13132.896355513025,53061.58829468753,338319.49230277404
1223,1223,3.58e+51,536000.0,0.112,31.884,21.398,10.486,False,3.072,-0.814,2012-06-01 07:55:15.359,O5,"['H1', 'K1', 'V1']",11.06889101683035,3.357252942400059,12.432266166825322,78.16138673735824,65.94905847993948,175.83743037097514,433.86617630006657,70592.96957878387,333428.52882104565,2586029.081739326
1224,1224,7.209999999999999e+47,608000.0,0.126,23.735,9.081,14.654,False,3.458,-0.367,2012-07-17 09:24:19.378,O5,"['H1', 'L1', 'V1']",13.40532526321807,3.504355239992861,13.985279489339018,97.36339544081454,58.71848605185602,156.44348727502216,383.2951760963712,61134.56556794472,281535.57291113486,2563017.0147054354
1225,1225,5.29e+48,625000.0,0.129,24.513,23.687,0.8260000000000005,False,5.391,-0.52,2011-10-24 04:32:00.053,O5,"['H1', 'K1', 'V1']",8.250001120956227,116.596982147154,703.8015443805717,6209.533253781987,138.40417735673452,370.0961047653328,933.0306470123292,5586219.153599812,48433301.093031615,658932950.6963899
1226,1226,2.28e+48,1100000.0,0.215,48.216,13.115,35.101,False,3.245,0.004,2011-12-20 13:28:44.059,O5,"['H1', 'K1', 'L1', 'V1']",8.114435692792439,451.27217781286646,4511.773445867273,29125.64939378057,140.98884546325644,375.4847472953361,917.3788585084542,94944095.0874974,1020757462.374652,6586015313.595238
1227,1227,6.150000000000001e+49,636000.0,0.131,41.23,20.167,21.062999999999995,False,2.321,0.95,2012-03-18 07:08:16.095,O5,"['H1', 'K1', 'L1', 'V1']",10.34983043735788,14.23988056476121,47.4307927077539,259.88133546997,105.67034161149104,281.4455369810279,687.8890395853773,695862.9917531734,2855744.2961577103,22492161.135606524
1228,1228,3.6e+49,248000.0,0.054,70.837,10.461,60.376000000000005,False,4.533,0.32,2011-10-07 09:33:44.433,O5,"['H1', 'K1', 'L1']",10.54358576350853,50.44389355584884,164.6637893043544,452.2735947257581,60.75506015458632,161.86044931905178,396.6903581943825,818030.5102238797,2925861.087471244,11320627.069372272
1229,1229,3.59e+50,422000.0,0.089,19.419,19.074,0.3449999999999988,False,0.17,-0.028,2011-12-05 21:54:09.166,O5,"['H1', 'K1', 'L1', 'V1']",11.02777114456317,3.504493093138575,11.18620587167731,41.01732942410488,46.218347266128944,123.400534862276,306.87487355260976,25422.53394841993,99634.72549420348,556691.7495624651
1230,1230,4.5000000000000006e+51,1210000.0,0.234,26.057,8.013,18.044,False,6.241,1.366,2011-11-28 04:58:35.119,O5,"['H1', 'K1', 'V1']",8.109451746772464,50.68786419182975,212.8461676064676,5295.990562013364,162.61704368282312,434.0595507332939,1070.8701242522327,5074490.632639369,28666523.1405249,1230348545.1319733
1231,1231,2.6400000000000003e+50,449000.0,0.095,40.609,11.907,28.702,False,1.363,-1.25,2011-12-25 19:54:54.929,O5,['H1'],10.16556845117533,2893.073723292927,8681.406390030501,25288.832315770112,77.49517248646276,204.01779311288777,475.8082984931579,50171933.397951245,134739183.8473612,345096954.85801744
1232,1232,2.11e+48,553000.0,0.115,31.412,9.381,22.031,False,4.959,0.669,2012-06-06 10:21:53.275,O5,"['H1', 'K1', 'L1', 'V1']",15.05505780156911,12.527439960929833,46.98284829635004,152.97689006808568,61.53262763918417,163.8859830529306,400.1092383097106,230952.0082755812,920804.8696889908,3959470.784424606
1233,1233,4.5000000000000006e+51,188000.0,0.041,47.92,24.089,23.831000000000003,False,3.155,0.499,2011-11-30 20:54:19.988,O5,"['H1', 'L1', 'V1']",15.39452795739746,2.183224158781944,6.854603487408155,23.93157470446677,28.30499601449005,75.56807333535295,187.12394862300275,4374.474382649416,16854.843437850002,86840.41019477346
1234,1234,1.2300000000000002e+50,671000.0,0.138,36.745,9.277,27.468,False,2.299,1.207,2012-04-23 06:16:27.756,O5,"['H1', 'L1', 'V1']",8.17224331918584,104.32681483855926,464.0802818618899,4676.181321579089,163.94572254887328,436.1766134891376,1060.1414771887414,12238064.025949296,72267215.90036201,947723412.990182
1235,1235,4.1900000000000004e+49,685000.0,0.14,25.015,14.521,10.494,False,1.933,-0.054,2012-05-20 20:40:31.011,O5,"['H1', 'L1', 'V1']",9.24888757860676,24.579983122269702,100.9858757155448,555.8037836126507,96.59751252022716,257.6182607459256,635.7606776760545,954694.0739323852,4702377.076679079,36042032.10935661
1236,1236,2.2599999999999998e+51,832000.0,0.168,46.471,8.757,37.714,False,3.893,-0.225,2012-01-08 01:39:43.174,O5,"['H1', 'K1', 'L1', 'V1']",8.952922712380216,76.33853492425126,322.16923771846814,1466.0794613882765,156.61370124889004,416.6772761489566,1012.4474672499516,11049383.4905335,52938523.81663411,318850733.7121634
1237,1237,9.03e+49,1080000.0,0.212,7.378,20.059,-12.681,True,5.834,-0.751,2012-04-21 15:26:21.824,O5,"['H1', 'K1', 'L1', 'V1']",8.700718597368196,550.9343189461559,3907.816074584888,25603.01177542775,183.97731418380545,490.0803867442951,1190.608990759647,109682778.83389357,969796313.6737822,7316047795.498957
1238,1238,8.339999999999991e+50,772000.0,0.157,21.314,20.484,0.8299999999999983,False,2.898,-1.205,2012-02-18 17:12:02.812,O5,"['H1', 'K1', 'L1', 'V1']",11.16154977512653,4.6380568183815125,33.92074879047258,308.34477197180473,102.75567639148164,274.9322977832624,688.4828467040784,224880.1259772763,2050087.093803665,25243119.52388665
1239,1239,5.71e+48,331000.0,0.071,43.708,15.934,27.774,False,2.287,-0.611,2011-11-24 21:11:31.501,O5,"['H1', 'K1', 'L1', 'V1']",20.33562963386304,0.6961931968398531,2.160961524257051,7.285487553830729,35.93513893031883,95.7863771300734,235.42259689004936,4133.369364275226,15126.630761408876,67915.60415021617
1240,1240,1.67e+50,1210000.0,0.234,51.744,10.263,41.481,False,5.348,-0.787,2012-05-18 00:06:54.729,O5,"['H1', 'K1', 'L1', 'V1']",8.38627747688304,90.5252998166484,373.94865030603785,2014.5107039713384,166.44321243826357,442.90899851689926,1076.9927842546567,16381358.811933884,81306624.13440982,547937961.4689912
1241,1241,1.3300000000000002e+49,468000.0,0.098,41.547,19.916,21.631,False,4.537,0.498,2011-10-21 17:20:34.988,O5,"['H1', 'K1', 'L1', 'V1']",13.44674939411746,2.417756438977273,8.845542635800875,34.44845745953368,65.62280222985493,175.77119004016964,427.4394316622606,40956.5077550626,169150.50067772894,756090.2325005932
1242,1242,3.87e+50,1070000.0,0.21,8.392,14.021,-5.629000000000001,True,1.212,0.319,2012-02-13 04:29:52.771,O5,"['H1', 'K1', 'L1', 'V1']",8.973838237664026,37.769654084330135,151.53725539970642,1019.707506367594,153.05358260260004,407.1894785706472,988.2530394329837,4264930.370902734,21464001.479376554,201163554.34878063
1243,1243,7.14e+51,2650000.0,0.461,19.054,7.554,11.499999999999998,False,3.467,-0.334,2012-07-28 09:48:44.297,O5,"['H1', 'K1', 'L1', 'V1']",8.260753283345736,114.13091213033276,529.9356700535313,3326.652175579557,197.3201273253124,524.5741025281447,1268.4630044296578,29052317.013438635,156986117.42528546,1311759915.49697
1244,1244,4.520000000000001e+50,1600000.0,0.3,36.653,29.727,6.925999999999998,False,5.605,0.153,2012-05-15 11:44:27.779,O5,"['H1', 'K1', 'L1', 'V1']",8.157770782767164,1018.9228160965604,5581.459321571621,28117.794178625627,175.82896363490318,468.5584664605488,1147.8010816723863,267250892.6544625,1705378954.66371,9364954948.96295
1245,1245,3.61e+48,635000.0,0.131,34.646,26.01,8.636,False,1.957,0.372,2012-01-27 03:29:49.659,O5,"['H1', 'L1', 'V1']",10.0639163168104,5.013879060871025,17.81751959663956,75.093716322666,106.35335992186424,283.3396915199028,693.8200890331232,275614.1995469571,1147192.3748662411,7338965.225306227
1246,1246,9e+50,1050000.0,0.207,29.446,9.967,19.479,False,3.445,0.896,2012-06-07 21:14:49.925,O5,"['H1', 'L1', 'V1']",10.05059635346562,3.1511798100796167,11.65983683621263,68.06783624538562,104.56271669105467,280.7263596569138,724.7634735866379,146060.9787110274,696048.933456699,6836338.591579312
1247,1247,1.79e+52,782000.0,0.158,23.563,12.689,10.874,False,1.826,-0.029,2011-10-10 14:55:05.929,O5,"['K1', 'L1', 'V1']",8.7205810536119,101.13126272594648,370.9667437595916,2654.600540710314,114.71865915334956,306.3482732642904,763.3273028898375,4598268.471179527,20196796.67894996,260740049.005738
1248,1248,6.63e+50,12200000.0,1.609,83.08,23.325,59.755,False,1.96,0.259,2012-01-28 09:41:13.286,O5,"['H1', 'K1', 'L1', 'V1']",8.066190466397119,3031.2311395844745,12237.654801020151,33338.70329994695,247.42519718012272,659.3058657140405,1614.947592289061,2336842786.0840607,9617228001.392113,28612145069.315945
1249,1249,1.0499999999999999e+51,828000.0,0.167,48.066,11.55,36.516000000000005,False,5.349,-1.049,2012-07-17 14:47:54.461,O5,"['H1', 'K1', 'L1', 'V1']",8.240504638665486,68.7743309037531,507.4238273007887,7225.703361645024,153.72153469986574,409.1616512885669,996.5798930224872,12638760.283797463,102957452.8716779,1835078575.552028
1250,1250,1.54e+50,826000.0,0.166,16.069,37.004,-20.935,True,2.496,-0.709,2012-07-07 01:54:48.786,O5,"['H1', 'K1', 'L1', 'V1']",8.835675939347098,138.3122465347706,742.3342355615076,6291.238792991812,172.20405055025412,459.34900571557694,1141.2492058607818,11665423.398367953,83016459.20904958,1247330795.822605
1251,1251,1.2300000000000002e+50,1130000.0,0.221,18.419,16.15,2.269000000000002,False,2.146,0.483,2012-02-22 04:00:37.225,O5,"['H1', 'L1', 'V1']",8.474805728066299,86.3106945914488,333.8483703469864,1573.7431616643446,158.62445192826374,421.896959413403,1022.4422610232034,11924870.786366392,54046446.8198647,333469038.0318525
1252,1252,1.06e+48,1180000.0,0.229,22.846,21.906,0.9400000000000012,False,2.937,-0.606,2012-05-16 15:54:43.991,O5,"['H1', 'K1', 'L1']",8.223102032845848,250.91632333152688,1009.4837063763746,3984.08497700482,165.26342155701798,438.9706645444977,1052.9271585539072,34873510.72869193,149198840.94515076,661849085.8125082
1253,1253,9.72e+50,1670000.0,0.311,21.633,16.637,4.995999999999999,False,1.302,-1.273,2012-07-11 04:03:34.209,O5,"['H1', 'K1', 'L1', 'V1']",8.026921711736563,122.90362456184364,571.6206517347937,2639.9646915411927,168.78717373674476,449.1258878094434,1091.6899814748056,26143363.58964588,131224315.8344762,830957591.3613383
1254,1254,2.1e+49,470000.0,0.099,22.456,29.838,-7.3820000000000014,True,4.143,0.933,2011-10-29 13:36:08.989,O5,"['H1', 'L1', 'V1']",14.11280846787815,1.388887825123816,4.560746389267155,17.36174818767272,39.79014806493058,106.0062054192884,259.6272598572483,11804.631696764916,46185.63538581479,232698.8188174473
1255,1255,1.06e+47,264000.0,0.057,31.761,7.649,24.112,False,0.638,0.147,2012-03-20 16:18:33.058,O5,"['H1', 'K1', 'L1', 'V1']",18.21549346814752,1.086316309915613,3.4015668480592653,11.641858327359143,24.19326616456189,64.46455291741742,157.96513320759763,2208.445064200285,8082.638261876226,36247.48001396561
1256,1256,7.719999999999991e+50,874000.0,0.175,18.597,11.754,6.843000000000002,False,6.221,0.468,2012-04-13 13:38:48.457,O5,"['H1', 'K1', 'L1', 'V1']",8.248308410668612,47.57422902672428,477.4830875987318,6015.535141975514,160.9728890919332,427.9158415955071,1034.26241205858,7539664.301656404,85098739.73797297,1489397748.4285705
1257,1257,3.3099999999999995e+51,166000.0,0.036,52.536,14.992,37.544,False,3.515,-1.042,2011-12-01 20:03:59.017,O5,"['H1', 'V1']",19.06782134576208,3.916089357318639,12.57949795165076,54.4297014346295,22.38713819755739,59.92831132429589,150.79536837307222,5707.5006861397005,22174.10511550094,113659.303571624
1258,1258,1.23e+49,774000.0,0.157,35.41,5.131,30.279,False,2.49,-0.731,2011-10-06 06:28:22.811,O5,"['H1', 'K1', 'L1']",10.57671704440819,41.673319079399285,219.2541793836148,1471.2571885983575,94.41070566851386,252.3121917990904,625.5536610939107,1297556.0513618402,8107737.00120464,82565335.25045888
1259,1259,4.2000000000000003e+48,507000.0,0.106,47.813,5.246,42.567,False,1.017,-0.944,2011-10-24 16:58:17.801,O5,"['H1', 'K1', 'L1']",10.25442477731996,89.04612469116691,325.4784723535279,1414.8499383861133,114.05801239484788,302.9676898495446,725.8274816025003,4985556.256243972,21271444.22958237,101015968.66947576
1260,1260,7.719999999999991e+50,2460000.0,0.433,53.085,17.801,35.284000000000006,False,3.365,-0.809,2012-04-04 09:36:20.354,O5,"['H1', 'K1', 'L1', 'V1']",8.053629254921344,889.7723357664373,6783.336945858625,28045.84938505542,183.88678422427847,490.8055687277558,1209.5373472257795,282212726.16942555,2250031800.3320107,10379006654.443577
1261,1261,1.3299999999999999e+47,485000.0,0.102,71.756,10.52,61.236,False,4.209,0.273,2012-07-28 03:43:58.009,O5,"['H1', 'K1', 'L1', 'V1']",8.358804526922645,26.30450048667641,129.61707259713177,827.0916060558641,153.15203006814238,407.8963609752237,995.1977079563233,2842699.633609797,16577480.834152656,158631890.22431818
1262,1262,1.54e+51,498000.0,0.104,36.421,39.532,-3.110999999999997,True,4.664,0.289,2011-10-06 22:47:05.225,O5,"['H1', 'K1', 'L1', 'V1']",14.5353204268999,1.877419521328329,6.866051735132957,34.063324852680964,55.36376326040687,147.3734168330921,359.156279154575,32094.252817618075,142610.23342516503,869107.6396027667
1263,1263,3.09e+49,1510000.0,0.285,25.508,16.1,9.407999999999998,False,3.825,-1.255,2012-08-20 14:36:00.335,O5,"['H1', 'L1', 'V1']",8.30635005466901,74.83074971499971,331.92342866165194,1553.7715459457302,158.86441608450264,422.6237602945606,1025.6665157710197,9999229.221181838,52672928.63732332,323065939.712211
1264,1264,2.85e+50,650000.0,0.134,24.703,41.61,-16.907,True,1.894,-0.285,2011-10-26 14:23:33.155,O5,"['H1', 'V1']",8.246885735572727,81.94421063682101,333.63795990717784,1438.1613576383909,105.8717491998908,282.4381772591397,699.8528694906695,3172926.576887183,14845933.109539509,102189549.00367457
1265,1265,7.719999999999991e+50,640000.0,0.132,24.782,11.763,13.019,False,0.173,-0.369,2012-09-03 11:38:24.025,O5,"['H1', 'K1', 'L1', 'V1']",9.71320235200536,5.521264373412662,20.73474113143609,198.1856649804862,93.18302751255692,248.8274796600399,621.2688294933126,199004.9281663156,953448.6062305038,13401645.401091613
1266,1266,1.67e+50,237000.0,0.051,57.467,21.061,36.406,False,2.06,0.913,2011-12-21 09:23:55.765,O5,"['H1', 'L1', 'V1']",21.16184033613092,1.4957608625519667,4.735954233127276,17.352923372758312,34.9469895079356,93.1785330632606,229.7089114603056,8286.48196677428,30189.773557917648,156622.58602019306
1267,1267,6.63e+50,348000.0,0.074,7.833,10.637,-2.8040000000000003,True,0.619,0.513,2011-11-19 11:35:20.330,O5,"['H1', 'L1', 'V1']",10.26140190965806,6.164886403144748,20.974248922737267,107.44026990148063,63.9751038691611,171.74013187749966,446.4626416071397,51678.22388598725,229954.95941128497,2189317.3047810853
1268,1268,7.719999999999991e+50,685000.0,0.14,47.29,18.119,29.171,False,5.281,-0.487,2011-12-04 08:31:34.543,O5,"['H1', 'L1', 'V1']",8.282147345803551,155.85664479589218,705.0570194466522,5062.229050257842,157.5347183420521,419.1680128949936,1018.5851262699986,21814315.50080044,117319492.47300912,994107277.5022568
1269,1269,1.94e+50,3680000.0,0.606,44.41,10.584,33.82599999999999,False,1.452,-1.135,2012-03-21 19:19:07.942,O5,"['H1', 'K1', 'L1', 'V1']",8.082716219673932,1041.768971800857,6888.5059996283135,28634.72753323078,187.28769310805887,499.34886213209256,1226.3808761377936,321344647.364357,2313159856.3089466,10866899796.86573
1270,1270,2.8699999999999997e+47,421000.0,0.089,60.79,8.321,52.469,False,4.263,0.28,2012-09-06 10:23:38.963,O5,"['H1', 'K1', 'L1', 'V1']",8.758279722685828,59.14134228734476,799.0658071448981,9401.085368770642,160.22502169615268,426.5019043751466,1039.4825220533355,9404703.381460205,125865543.30073231,2099298743.4373183
1271,1271,1.43e+49,8190000.0,1.164,39.664,16.241,23.423,False,1.111,-0.514,2012-02-24 23:48:45.441,O5,"['H1', 'K1', 'L1', 'V1']",8.27950359511133,4873.483663741171,15019.34014152947,34221.17070636883,206.6704604874235,550.5575897695078,1347.3502210392858,2358023340.1024337,7707455568.811014,20732900922.943333
1272,1272,1.3199999999999999e+51,535000.0,0.112,45.007,17.244,27.763,False,5.271,-0.742,2011-10-16 05:02:03.710,O5,"['K1', 'L1', 'V1']",10.15565403837081,24.02320284871009,117.40733108969532,428.4948045156618,73.48535003434887,195.74983581051907,479.1194250064257,561326.8069781418,3041120.750710425,16968077.714107033
1273,1273,7.150000000000001e+50,254000.0,0.055,41.26,12.26,29.0,False,0.07,-0.935,2012-02-02 05:45:24.663,O5,"['L1', 'V1']",19.27191981743098,3.701718624008103,11.65935842143452,42.272543913225,26.1689391165971,70.22010971326893,178.9007582074589,8818.927685854438,33112.526184244896,153642.80808571013
1274,1274,9.03e+49,823000.0,0.166,58.736,15.608,43.128,False,4.897,0.803,2011-10-23 23:19:10.654,O5,"['H1', 'K1', 'L1', 'V1']",9.158898245215193,201.737655125612,799.1896769200579,3205.992629676565,155.94650845296883,415.02979460603103,1010.0329165631048,32760421.79788592,147034574.17843452,759634154.8273029
1275,1275,9.77e+48,603000.0,0.125,43.064,20.326,22.738,False,0.102,1.488,2012-03-08 19:47:28.661,O5,"['H1', 'K1', 'V1']",9.137102435154103,33.83935356356633,189.8633465755916,2392.883525299341,122.3443360633936,326.4298670802326,805.7756891144713,1639485.8165026824,11771163.101814007,241258482.4789093
1276,1276,1.1299999999999999e+51,525000.0,0.11,62.866,14.33,48.536,False,0.853,-0.928,2012-07-10 02:40:50.011,O5,"['H1', 'K1', 'V1']",8.889522386133255,185.5567865442013,727.5581493801064,4973.931585481093,125.56708037627313,334.8062361583799,826.9946433448323,11411418.98947948,53518385.14233447,514191966.265859
1277,1277,9.05e+48,369000.0,0.079,89.931,12.738,77.193,False,2.178,-0.767,2012-01-21 12:57:22.140,O5,"['H1', 'K1', 'V1']",8.085770374710421,395.5220704019566,1832.217159913576,8571.101979471505,163.7472797412255,435.9727284488188,1066.425414030002,26942749.05256335,170173448.397478,1275624323.3670242
1278,1278,4.89e+49,1350000.0,0.258,18.586,11.574,7.011999999999999,False,1.101,-0.469,2011-09-17 21:09:03.221,O5,"['H1', 'K1', 'L1', 'V1']",8.48642615779632,25.45562372100036,149.093387335614,2413.613264726763,177.9838534309548,473.5373699923955,1146.9590217515597,3481130.784596223,23744916.40755821,651107076.3610288
1279,1279,3.88e+49,452000.0,0.095,29.903,17.736,12.166999999999998,False,4.757,-0.358,2011-09-30 07:29:52.431,O5,"['H1', 'K1', 'L1', 'V1']",14.30619646921194,0.7341779653715665,2.3321172140316624,8.396618160959754,51.65716345382407,137.7084766896853,337.4570688045424,6951.267484115186,25879.07750891316,124089.35035253226
1280,1280,4.18e+50,862000.0,0.173,50.037,11.16,38.877,False,3.935,1.234,2012-09-01 23:07:09.867,O5,"['H1', 'K1', 'L1', 'V1']",8.806864397373232,59.32912626475043,300.7319829342151,1714.040916636232,164.64960888869985,438.03017746985233,1062.63766070347,8301291.929438462,52004642.406632766,395037961.4320191
1281,1281,2.86e+49,1090000.0,0.214,28.243,9.566,18.677,False,2.559,0.255,2012-08-09 09:29:45.093,O5,"['H1', 'K1', 'L1', 'V1']",8.384155067527656,106.0034640159118,490.89619375442567,2404.0542785287707,158.33376981059405,421.00844584399806,1018.8652226873166,14778336.766972968,83826392.01109289,532971682.558876
1282,1282,9e+50,731000.0,0.149,31.317,6.736,24.581,False,3.486,1.419,2011-12-04 13:03:51.870,O5,"['H1', 'K1', 'L1', 'V1']",10.54274651280046,34.12656042602728,162.80080002263614,735.0455479574008,120.432805143093,320.98351519757455,785.6176931788704,2158184.0533894785,12717089.486912197,78028578.18348353
1283,1283,3.3099999999999995e+51,842000.0,0.169,17.053,14.212,2.841000000000001,False,4.018,-0.763,2011-10-12 02:58:30.596,O5,"['H1', 'V1']",8.988629563287946,39.33858150318606,172.69687606118137,1106.712417241038,116.93978616517563,308.4322033364461,743.6424333158982,1391870.7456018713,7218149.643676615,69247159.48905505
1284,1284,3.32e+50,222000.0,0.048,68.017,14.745,53.272,False,4.712,-0.429,2012-05-17 05:10:03.439,O5,"['K1', 'L1']",8.296006613422524,68.67830538677202,239.85864726300167,3890.984479274239,96.3771816833688,268.09901480962776,797.905527069359,792978.7425286395,4483948.104549275,353237786.25309795
1285,1285,1.43e+50,690000.0,0.141,20.095,19.994,0.100999999999999,False,1.463,0.974,2011-12-09 22:31:36.024,O5,"['H1', 'L1', 'V1']",9.806496050672278,7.2442192381371,24.256207844355224,140.37330427000765,83.95974537915356,223.9919876666637,554.4550496624188,179419.92039021233,756926.1068901705,6889370.326411178
1286,1286,4.9e+48,793000.0,0.16,33.081,23.946,9.135000000000002,False,3.318,-0.962,2012-01-07 04:25:52.392,O5,"['H1', 'K1', 'L1', 'V1']",8.296489477072795,9.536561498893196,43.40395470349665,1024.3388916701183,142.6594000034712,379.7065690005395,923.581099756862,849500.8125735915,5128649.870201381,172322767.8753471
1287,1287,6.150000000000001e+49,552000.0,0.115,49.872,14.914,34.958,False,5.026,0.26,2012-08-18 15:17:08.269,O5,"['H1', 'K1', 'L1', 'V1']",11.0095915275037,2.8259461230371112,9.184666697996123,36.73336149202038,69.53051393799774,185.23263034983523,453.7606280569823,65956.87069005902,258803.8916599477,1487332.6333194808
1288,1288,5.6699999999999995e+51,488000.0,0.102,33.826,16.823,17.003,False,4.295,0.877,2011-09-29 19:17:20.129,O5,"['H1', 'K1', 'V1']",11.88962661737651,9.17010023523267,34.92907628889974,151.40004727216734,61.39292805662205,163.5179432775954,399.9822997054798,169251.4650906398,759605.9595906015,4416544.896562834
1289,1289,4.89e+49,690000.0,0.141,41.795,23.226,18.569000000000003,False,2.078,0.24,2011-12-08 00:58:50.375,O5,"['H1', 'K1', 'L1']",8.384400842256696,346.9731982291338,1255.92270120574,4467.540154468621,160.6007249054095,425.5043098571091,1010.6108557611512,33662253.70719249,146341790.58203304,724569858.8605689
1290,1290,5.25e+51,368000.0,0.078,20.165,9.721,10.444,False,2.427,-0.469,2012-05-10 12:10:18.533,O5,"['H1', 'K1', 'V1']",16.56655788865492,2.183859146653325,7.422275791371584,37.79923151291764,32.02581094885278,85.49795429435909,212.4301197023788,9270.798362823576,37909.87324774758,249395.0727430092
1291,1291,7.74e+49,1440000.0,0.273,39.259,13.829,25.43,False,2.659,-0.345,2012-04-06 16:55:43.984,O5,"['H1', 'K1', 'L1', 'V1']",8.56385582292914,115.15987788175806,479.3310115358624,2131.114176307453,161.65778053022382,430.06859542372536,1044.1620168142144,21428077.536655284,98476762.76899289,584029842.229269
1292,1292,1.95e+49,1000000.0,0.198,53.652,8.14,45.512,False,4.901,1.155,2012-06-30 11:44:02.637,O5,"['H1', 'K1', 'L1', 'V1']",8.186841737171273,2579.6522621884515,11572.42440238405,32915.78255921448,145.65479308506747,388.8774043277392,963.9869066454248,520324455.75887,2416178049.017147,7698042495.375633
1293,1293,2.6400000000000003e+50,385000.0,0.082,8.348,14.749,-6.401,True,5.343,-0.224,2011-11-12 22:07:47.093,O5,"['H1', 'K1', 'L1']",14.55748524832531,2.7511022771583287,8.789412806847944,32.92870927393806,39.90429698687194,106.43647744037236,262.75532658606414,16077.366541739262,61054.68450170388,305462.4131834968
1294,1294,1.8e+50,298000.0,0.064,51.017,14.793,36.224,False,4.212,0.129,2012-05-15 06:18:04.484,O5,"['H1', 'L1', 'V1']",18.71139951416931,0.8258672545573292,2.713941404621754,10.590015148582204,34.8181085932419,92.83627099644872,228.41696992138904,4317.2417491302085,16825.380952578213,85137.25891621245
1295,1295,4.549999999999999e+47,2600000.0,0.454,66.065,9.624,56.441,False,1.479,-0.737,2012-09-07 13:28:40.600,O5,"['H1', 'K1', 'L1', 'V1']",8.052760069533141,1684.8329259300788,7650.888555090756,29034.44254632265,178.68253092518034,476.3056051655008,1168.729055412884,534607781.56247306,2723301017.0349417,11288575311.708448
1296,1296,6.18e+47,603000.0,0.125,27.275,16.502,10.773,False,2.416,-0.587,2011-10-13 06:46:05.318,O5,"['H1', 'K1', 'L1', 'V1']",8.478314446887238,15.144799289948349,55.83272012700352,292.7482054408068,120.77677913919536,322.03950281813684,794.024053403144,923063.7908396794,3875500.1471513966,35158398.28061001
1297,1297,8.979999999999999e+51,731000.0,0.149,61.354,12.854,48.5,False,2.924,0.075,2012-08-10 21:08:58.385,O5,"['H1', 'K1', 'L1']",8.09913096131743,212.5179310516668,686.4800666616849,2546.5530110368018,162.90257730282792,432.8352110908984,1041.7838237436922,29071374.066936567,105061389.85668217,451769072.2133725
1298,1298,1.23e+49,218000.0,0.048,48.741,19.938,28.803,False,5.526,0.254,2012-07-17 10:04:01.397,O5,"['H1', 'L1', 'V1']",24.87656531951599,1.3259566533910532,4.124664491382569,13.95015806280978,23.98546852023543,63.92046679886508,156.8248773392207,2563.5597017233063,9393.746071638428,42258.92571993027
1299,1299,1.9399999999999998e+51,854000.0,0.172,49.532,7.8,41.732,False,1.334,-1.078,2012-02-18 19:49:03.623,O5,"['H1', 'K1', 'L1', 'V1']",8.344799826881204,66.91350665105094,609.3236973735335,13189.806263671177,176.5771580528101,468.766866991641,1126.369396441784,12589368.39878414,139381080.0905665,3740145736.86576
1300,1300,9.03e+49,730000.0,0.149,51.212,12.319,38.893,False,3.802,0.057,2012-06-13 14:30:11.668,O5,"['H1', 'K1', 'L1', 'V1']",9.063087900895368,34.42255604782747,115.45432496851208,473.7999169425984,120.02464402673196,319.5702379889148,780.387443211893,2369778.480223596,9175681.941256396,54491427.89534925
1301,1301,1.05e+50,181000.0,0.04,44.25,16.428,27.822,False,6.029,-0.813,2012-08-26 14:23:30.617,O5,['H1'],13.74713709072424,2816.6986596881025,8474.057940639108,24938.16371530541,46.02535097711191,121.07763515341044,280.93861690818744,12643681.761620054,33924894.457070135,86429601.2430193
1302,1302,4.2000000000000003e+48,801000.0,0.162,21.645,9.743,11.902,False,4.705,-0.378,2011-09-19 11:00:29.666,O5,"['H1', 'L1', 'V1']",11.02610973075401,9.922063338276226,32.96615722754674,140.31510424615942,90.93275767407044,242.22164438495625,592.4453616742211,418467.2056486255,1671464.3246434762,9802960.581038604
1303,1303,1.55e+48,584000.0,0.121,63.894,12.351,51.543,False,3.159,-0.913,2012-03-13 14:04:49.870,O5,"['H1', 'K1', 'L1', 'V1']",8.47946287574883,27.0311351673034,169.67196328016408,3739.557481311712,159.4101244979845,424.2735025787946,1032.8544876765927,4146696.63039506,33715005.343300134,974947639.4236757
1304,1304,2.86e+49,757000.0,0.154,59.045,11.019,48.026,False,5.397,-0.338,2012-07-30 20:21:06.725,O5,"['H1', 'K1', 'L1', 'V1']",8.005566099971002,142.0874600593637,886.8880430411465,6412.263805583923,147.89657144518583,393.5022344938552,955.554023363373,23744405.50626815,164976833.0592729,1526321409.1848068
1305,1305,2.2500000000000005e+52,381000.0,0.081,80.933,43.778,37.15500000000001,False,5.821,-0.492,2012-09-09 19:36:37.386,O5,"['K1', 'L1']",10.04783054847329,391.83681336820496,2174.415375692028,9501.046989730496,87.26949278111448,231.5552829293988,551.168688269241,8333677.904158316,53880450.563867845,306201295.9914966
1306,1306,2.09e+51,346000.0,0.074,67.704,15.619,52.085,False,5.659,-0.633,2012-02-07 01:10:27.535,O5,"['H1', 'V1']",9.462186206627612,31.03293289688036,112.33551177652416,484.3714686473991,84.44659630002593,222.22770240040188,525.2496383199127,676587.3907861713,2578157.591269859,13009848.53489038
1307,1307,1.23e+49,587000.0,0.122,49.243,12.006,37.237,False,4.187,-1.128,2012-01-27 07:55:33.321,O5,"['H1', 'K1', 'L1', 'V1']",9.744644399467196,1.5235429386401358,5.508245770045432,31.07434702743972,99.27630899885412,264.2151571127717,643.2090415071477,67082.7295879036,299733.4068746339,2456902.3451800435
1308,1308,5.26e+50,296000.0,0.064,57.644,8.589,49.055,False,5.498,0.795,2012-08-17 06:15:00.281,O5,"['K1', 'L1', 'V1']",13.63975573774104,85.04837796021282,400.1100677622185,3534.948850624249,62.36963088304287,157.13466766566503,337.5150479074521,600883.3682227386,2789280.643868945,16211441.427191185
1309,1309,6.63e+50,12600000.0,1.652,83.198,14.383,68.815,False,1.267,-1.331,2012-01-05 11:36:01.204,O5,"['H1', 'K1', 'L1', 'V1']",8.51836002277787,1278.6779930089592,7007.384918451865,30081.238574634484,285.6884506521933,760.9950419182383,1858.5768434424144,1056176057.7620212,6440276336.083474,28698749665.70077
1310,1310,2.85e+50,525000.0,0.11,25.665,10.304,15.361,False,5.042,0.544,2011-10-09 00:03:44.904,O5,"['H1', 'K1', 'V1']",10.59962751632109,20.56315147323403,80.39343792222687,1112.8242014046589,79.32419811454565,211.8463835292816,527.1088171004255,518576.8120833789,2591272.2215167084,46252158.11545232
1311,1311,4.18e+50,523000.0,0.109,65.033,25.076,39.957,False,4.042,0.635,2011-11-25 19:24:32.672,O5,"['H1', 'K1', 'L1', 'V1']",9.41193580297818,49.75086793906994,188.88794744944784,1229.1746216161262,130.1087230546599,346.2758949063866,842.2805498411755,4021377.369822887,19641861.617709365,166418901.38354227
1312,1312,7.719999999999991e+50,324000.0,0.07,70.002,18.127,51.875,False,3.785,-0.402,2012-08-06 18:50:47.891,O5,"['H1', 'K1', 'V1']",8.25054900642505,16.305507192406314,75.52695603313332,2154.2957067664847,137.15917986094837,363.8269119481519,890.505946933353,629902.1531741726,4723258.647442003,259573901.48705423
1313,1313,7.74e+49,13100000.0,1.705,33.632,27.681,5.950999999999997,False,4.286,-0.218,2011-11-30 01:35:58.323,O5,"['H1', 'K1', 'L1', 'V1']",8.021275659727864,1641.129394861649,8828.548006465442,30189.82788065716,269.56705952435186,718.7939027892421,1768.072388074781,1294149852.6554294,7309322763.10011,28443499432.90631
1314,1314,2.45e+49,1470000.0,0.278,47.836,10.451,37.385,False,2.129,0.611,2011-12-20 12:20:47.207,O5,"['H1', 'K1', 'L1', 'V1']",8.666867848959011,114.72173236466864,424.95576254482575,2288.7462596551413,176.75823986774367,469.6865297982182,1132.5039972882291,17917208.173813213,81246982.6374452,646711782.5283711
1315,1315,1.3200000000000001e+50,2590000.0,0.452,24.192,31.462,-7.27,True,3.971,-1.003,2012-01-11 01:03:32.823,O5,"['H1', 'K1', 'L1', 'V1']",8.351103455760699,42.424011037037225,203.720035360506,2474.54257079994,184.0305658231612,489.9775636902366,1194.6265580490904,8897886.92056086,52988014.81509449,887342531.9842612
1316,1316,1.2199999999999999e+51,4590000.0,0.727,73.615,17.84,55.77499999999999,False,5.629,-0.418,2012-02-27 10:39:58.116,O5,"['H1', 'K1', 'L1', 'V1']",8.145322780228854,279.9751746571052,2711.5977768706903,23564.099387474456,211.22555204584685,561.9428161486708,1362.8707405821392,102182254.55378996,1121447338.9631045,10821688040.176762
1317,1317,5.680000000000001e+50,228000.0,0.05,70.194,17.28,52.914,False,3.66,-0.274,2012-06-30 04:37:00.985,O5,"['H1', 'L1']",8.07015938010009,172.67440094500313,573.4358967036057,2319.3367424733365,139.02951307902367,369.4680781460602,887.6887690854171,14549780.997819964,52037844.63322391,244763919.8447601
1318,1318,1.0499999999999999e+51,424000.0,0.09,35.344,8.919,26.425,False,1.788,-0.229,2012-05-25 14:03:44.047,O5,"['K1', 'L1', 'V1']",8.474131411871815,194.6725945019968,1098.3867768659263,19586.01554162175,212.5726341406338,550.9288439323691,1223.783511742277,9918730.363953428,125334810.96595444,4147842445.031156
1319,1319,2.84e+51,550000.0,0.114,45.093,6.942,38.151,False,4.68,-0.802,2011-09-28 21:34:17.720,O5,"['K1', 'L1', 'V1']",8.026291285749918,152.63636822431695,1045.1119620373552,16560.786282768895,174.94613327777734,464.3872799437257,1112.028131077496,15670632.398167944,149790117.77058867,3645914607.541664
1320,1320,7.150000000000001e+50,213000.0,0.046,53.823,10.791,43.032,False,0.058,0.024,2012-01-07 14:06:42.743,O5,"['K1', 'L1']",12.22277223577012,745.1231270877519,2783.968651125252,9234.26706350286,56.54551260057451,149.80062630697847,356.37045194292665,5400460.807061792,23880812.49169977,101778866.4035174
1321,1321,1.05e+50,761000.0,0.154,20.701,28.498,-7.797000000000001,True,0.066,1.236,2011-10-27 00:56:27.911,O5,"['H1', 'L1', 'V1']",9.990430069661391,3.916715384925885,16.665678452959707,376.08910706872496,102.40216529432632,274.06670325131824,689.8959054464146,179183.15595582983,986071.7900725192,38162489.83904464
1322,1322,4.8800000000000005e+50,283000.0,0.061,37.653,29.374,8.279,False,2.489,-1.22,2011-10-13 04:10:08.937,O5,"['H1', 'K1', 'L1', 'V1']",21.045089146558,0.5977900922464394,1.8606797617028863,6.155680253458471,29.65876916217786,79.01196893832207,193.4785102204184,2271.29453678146,8231.997106866063,37201.0438326615
1323,1323,1.1299999999999999e+51,895000.0,0.179,40.712,40.702,0.0100000000000051,False,5.832,-0.804,2011-10-01 19:00:58.524,O5,"['H1', 'K1', 'L1']",9.003625067696671,120.29430837651064,411.11511529694894,2628.272041449482,164.60244662607727,434.7153389066938,1012.041841893807,9642609.944815837,41660868.33258625,329520160.3401324
1324,1324,2.86e+49,140000.0,0.031,41.215,8.826,32.389,False,4.388,0.53,2012-05-25 19:51:50.920,O5,"['H1', 'V1']",19.51017501267549,7.22384650407835,22.589420637318653,76.32451233099732,21.45511127116086,57.2904361350534,141.91323963954525,10594.316469807178,36829.75546755253,152080.3006978402
1325,1325,5.6699999999999995e+51,282000.0,0.061,57.674,13.852,43.822,False,4.721,-0.121,2012-08-28 17:32:04.895,O5,"['H1', 'K1', 'L1', 'V1']",16.59335579320827,2.253798384176327,8.101542628835926,38.81095255329978,37.66280876330882,100.5481030398812,250.3466191286588,14089.50655129686,59610.82450996731,330173.2525391812
1326,1326,3.08e+50,2030000.0,0.368,12.938,14.375,-1.4369999999999994,True,5.158,0.454,2012-03-09 16:33:53.608,O5,"['H1', 'K1', 'L1']",8.115337113829591,432.9404171804631,1838.391438496728,7409.190043229435,181.24755760920857,482.1456712229632,1166.765832411355,79287763.41919819,379483381.7146711,1783358143.591441
1327,1327,6.17e+48,404000.0,0.086,68.758,20.72,48.038,False,4.354,0.522,2012-07-04 02:56:57.384,O5,"['K1', 'L1', 'V1']",9.201084350478062,379.1582446390322,1651.799564829869,7523.627180635851,116.3264290438891,309.7365739405609,755.011696961199,18463679.911372542,87524390.55132313,481201929.8361777
1328,1328,3.07e+51,589000.0,0.122,61.188,17.061,44.127,False,2.223,-0.808,2012-02-10 18:02:29.410,O5,"['H1', 'K1', 'L1']",8.942921302815703,124.54228142861594,428.52804708311146,1488.5191682223858,143.34258742047007,380.4310346924698,912.8048408167986,10711243.238894764,40646235.39382275,186745763.7248196
1329,1329,5.6699999999999995e+51,632000.0,0.13,8.668,14.018,-5.350000000000001,True,1.013,0.328,2012-09-10 22:04:07.299,O5,"['K1', 'L1', 'V1']",8.353671532342434,415.7553157052118,2272.9202124739472,10372.63990859087,163.7438700188029,434.5431069419983,1046.0539409722112,42482896.949436165,264474978.38010088,1639224009.3305302
1330,1330,8.339999999999991e+50,952000.0,0.189,19.894,26.016,-6.122,True,2.817,0.074,2011-11-01 03:05:30.208,O5,"['H1', 'K1', 'L1', 'V1']",9.066250656170162,145.2621032022549,575.956351346616,2653.894312332345,151.99788544369005,404.2308081900079,979.359749501175,19456763.720647268,91086096.9781482,556853593.7755537
1331,1331,1.23e+48,423000.0,0.09,65.494,11.225,54.269,False,2.331,0.171,2011-10-11 12:42:24.005,O5,"['L1', 'V1']",9.991065764251378,115.9508029742887,409.294746171767,2941.120967426085,87.01722727051629,231.2699127282571,558.7703602789578,3637078.146262916,14381676.864344113,111793874.13349672
1332,1332,1.67e+50,1020000.0,0.201,30.533,16.803,13.73,False,2.844,-1.093,2011-09-23 03:44:12.669,O5,"['H1', 'K1', 'L1']",8.065882418997056,248.3672605217781,840.1045897101188,3135.1988561794747,176.83795601594034,470.0469803063333,1133.5683331061357,43135713.53344138,161733197.79591882,698468307.1751645
1333,1333,1.94e+50,626000.0,0.129,41.239,24.068,17.170999999999996,False,3.794,0.605,2011-10-18 18:31:04.137,O5,"['H1', 'K1', 'L1', 'V1']",10.43386258442019,5.92634716151053,46.40653261785364,531.5030855536918,100.9906311753947,269.1536951346602,659.7250406143869,311123.5599620361,3185747.756575157,39782401.92240004
1334,1334,1.33e+48,390000.0,0.083,38.101,13.515,24.586,False,3.139,0.097,2012-02-10 13:04:06.162,O5,"['K1', 'L1', 'V1']",12.22095787553095,9.483353602506424,29.6583834705594,103.30130577141335,48.03207344774745,127.87321275148582,311.7642237363938,85715.34289700164,315513.7339593496,1491096.3077367549
1335,1335,9.72e+50,700000.0,0.143,21.766,34.722,-12.956000000000005,True,1.43,0.716,2012-07-17 13:02:51.258,O5,"['H1', 'L1', 'V1']",10.49838994948492,1.5262473090501454,4.922977127509228,24.242664853967096,96.51948073665312,257.3617850674784,634.9875765445493,81139.27110279005,316736.98860274215,2372059.796833148
1336,1336,1.54e+51,1310000.0,0.252,16.072,28.955,-12.883,True,2.76,0.488,2012-07-31 22:21:34.740,O5,"['H1', 'K1', 'L1']",8.487610647828546,106.09295445151189,436.48831131868735,1721.0364226880097,171.0242809804015,453.399152553216,1081.7258867158453,15570582.940138806,63957091.96380239,313203190.65107524
1337,1337,2.1e+49,1090000.0,0.214,23.376,4.207,19.169,False,3.21,0.59,2012-04-08 06:42:18.174,O5,"['H1', 'L1', 'V1']",9.132445159686434,108.49457185918426,368.68598725174985,1370.577119055058,163.44369728684796,434.741665934881,1053.7247410511131,15975848.674056726,62759415.62033839,307363017.70871115
1338,1338,3.89e+48,779000.0,0.158,60.196,9.61,50.586,False,5.328,1.079,2012-04-10 16:03:33.807,O5,"['H1', 'K1', 'L1', 'V1']",8.144334137809386,2333.7004868569365,10213.271200154044,31588.204439025623,145.0076082554699,386.9265839179668,955.323323964764,478583684.6963012,2212012291.268265,7629918033.950463
1339,1339,1.54e+50,1740000.0,0.322,69.995,13.599,56.396,False,0.801,0.122,2012-03-24 00:21:22.870,O5,"['H1', 'K1', 'L1', 'V1']",8.009328486527266,565.804326160045,4536.300646918582,26226.081497748204,152.65068120509522,406.5042869829631,992.2301140738152,125407853.76495533,1053623846.8101212,6716872888.506922
1340,1340,2.2599999999999998e+51,784000.0,0.159,13.547,12.376,1.1710000000000012,False,1.984,0.258,2012-09-06 12:17:40.379,O5,"['H1', 'L1', 'V1']",8.104346522258076,16.905402309923975,71.45747172472274,1209.432609156622,141.98343029059572,378.3851182111234,926.7224481084554,1277583.072816381,7147601.760458965,189086573.853158
1341,1341,1.66e+51,554000.0,0.115,86.254,12.802,73.452,False,0.281,0.659,2012-08-06 11:35:42.077,O5,"['H1', 'K1', 'L1', 'V1']",9.661387502433588,104.75710715906834,353.0328667022872,1226.689260601493,141.6200600090525,376.6932847707054,912.7582174914144,10344414.030976497,39938079.84672642,181287280.6419912
1342,1342,3.87e+50,1080000.0,0.212,42.969,13.369,29.6,False,0.539,-0.338,2012-07-16 00:30:43.559,O5,"['H1', 'K1', 'L1', 'V1']",8.68363817472067,65.68093290919755,320.53594997970674,1621.9115995697805,172.3063771288471,458.3907744325634,1112.3853867894104,11640328.60997706,64695549.73888803,430153987.2436837
1343,1343,4.520000000000001e+50,393000.0,0.084,47.061,21.176,25.885,False,4.686,0.758,2012-07-27 06:33:06.153,O5,"['H1', 'K1', 'L1', 'V1']",16.20268295617604,3.621414977248551,17.52227634369982,80.59877892066845,55.40910170358569,147.73889694251045,364.3087900517955,52524.103475478725,268790.22392589145,1521226.284863165
1344,1344,3.32e+50,422000.0,0.089,43.828,8.766,35.062000000000005,False,2.391,-0.136,2012-08-16 19:43:12.899,O5,"['H1', 'L1', 'V1']",9.283522375143828,23.279629073476027,74.1404073739398,269.83290261844246,93.26490716572108,249.0093169663511,620.2312510610642,797529.1631199343,2968110.597729716,15966232.544247383
1345,1345,7.209999999999999e+47,299000.0,0.064,9.723,5.908,3.815,False,0.53,0.045,2012-06-18 19:08:14.936,O5,"['H1', 'K1', 'L1', 'V1']",22.17176000919687,1.0982347045170606,3.4629078273614,12.067808144656729,26.098570137745668,69.43674178168553,167.7466161972934,1842.739382003785,6701.049552993858,29718.281510400186
1346,1346,1.43e+51,1250000.0,0.241,25.44,20.099,5.341000000000001,False,3.834,1.0,2012-08-11 18:59:58.011,O5,"['H1', 'L1', 'V1']",8.626420594763154,13.95831172667434,68.34592970179078,896.1382619157762,150.71476363196712,401.6587699476816,984.87783534992,1739743.784236612,10329056.074779836,189170901.1696925
1347,1347,2.65e+48,2090000.0,0.377,12.42,14.288,-1.8680000000000003,True,1.028,0.609,2012-07-12 15:50:10.551,O5,"['H1', 'K1', 'L1', 'V1']",8.717733762739607,65.34698122303473,244.7820285484385,1313.1000779614162,178.89873642758016,475.933145403626,1155.4007537691778,14195634.295993188,63261416.01642878,442571947.2686885
1348,1348,1.3199999999999999e+51,622000.0,0.128,48.989,9.133,39.856,False,5.011,-0.566,2011-10-28 08:27:06.613,O5,"['H1', 'L1', 'V1']",9.783251075984468,2.7918072940552485,10.287169218264504,80.09922014843598,103.3325974846855,275.36310077576024,675.9531487857927,158718.8505886679,728965.9729079775,7899493.2877152
1349,1349,4.18e+50,9570000.0,1.321,65.231,10.012,55.219,False,5.552,-0.145,2012-01-04 00:08:10.610,O5,"['H1', 'K1', 'L1', 'V1']",8.098126887247284,264.5829232178673,2044.3570619266384,24570.630576197884,280.85570003068847,747.2390959218067,1812.71090521611,168268192.80191264,1707919212.2411735,20582179660.578827
1350,1350,1.3300000000000002e+49,956000.0,0.19,20.782,25.83,-5.047999999999998,True,4.717,1.094,2012-09-10 23:46:17.938,O5,"['H1', 'K1', 'L1', 'V1']",10.06099871278216,5.887877280433361,32.35194774929072,603.3690681638875,122.44284279791076,327.0224504283053,813.1273380401326,490938.5966719156,3006524.4494994967,78559326.34872183
1351,1351,1.2200000000000002e+52,565000.0,0.117,41.484,10.079,31.405,False,5.984,-0.177,2011-10-10 03:48:29.824,O5,"['H1', 'K1', 'L1']",10.8980753973619,33.89306291022925,131.47813933912687,486.2815718216981,76.41431789638614,203.516894845261,497.397610753913,949575.7098200696,4161836.2644152967,20244061.421388622
1352,1352,1.67e+50,452000.0,0.095,35.016,31.255,3.7609999999999992,False,3.213,-0.293,2011-10-01 09:46:32.960,O5,"['H1', 'K1', 'L1']",11.01434452374081,22.54187494746763,107.32064111471206,1118.9816318790918,80.95849503395368,215.8125852588544,529.1298671341208,582792.2656596561,3575811.14601664,43707575.32653094
1353,1353,4.1900000000000004e+49,525000.0,0.11,47.635,28.384,19.251,False,3.347,0.275,2012-05-26 04:06:08.753,O5,"['K1', 'L1', 'V1']",8.484767588127196,239.8241677325525,1281.7234472006803,7132.447492876123,133.98075263513863,356.8747110280657,874.8325886171809,16568559.855985433,99529274.45325774,767420741.7249417
1354,1354,7.719999999999991e+50,522000.0,0.109,75.76,12.511,63.24900000000001,False,1.223,-0.252,2012-02-24 23:58:48.537,O5,"['H1', 'K1', 'L1', 'V1']",8.000490007220641,121.43301004087104,491.4455334087262,4366.095179481885,141.63048965631378,376.44308874345415,908.9964530174324,12771165.8819449,63644525.43487392,754868555.5474216
1355,1355,4.549999999999999e+47,420000.0,0.089,71.064,32.083,38.981,False,0.376,0.468,2012-01-02 12:11:41.307,O5,"['H1', 'L1', 'V1']",8.773175260469797,138.87973713628045,595.9388701771657,2383.8248602670337,152.23609685306133,404.7863481925848,979.1309957413534,14809444.81471094,67104756.48585872,348893190.11255366
1356,1356,9.749999999999987e+49,1170000.0,0.228,61.286,17.088,44.198,False,0.715,-0.569,2012-03-13 03:55:53.460,O5,"['H1', 'K1', 'L1', 'V1']",8.751615684375084,1617.1605549719516,7842.187308433477,29982.4611112296,158.9029764495274,423.92313421265385,1045.1032023223277,374526783.23942274,1986127353.2150807,8332453619.313068
1357,1357,3.86e+51,987000.0,0.196,47.88,14.633,33.247,False,2.79,-0.087,2012-04-26 23:52:21.334,O5,"['H1', 'K1', 'L1', 'V1']",8.074738864464,522.2391055511373,3430.981947131435,26859.53230620829,159.2176205380515,424.3465619079893,1037.328898477212,89545015.59792963,747285591.42625,6214207698.219199
1358,1358,1.8e+51,3380000.0,0.565,14.088,17.174,-3.0860000000000003,True,0.864,0.933,2011-12-01 12:52:07.345,O5,"['H1', 'K1', 'L1', 'V1']",8.182202092684836,73.18507641165886,1050.782233176668,18777.53678781235,204.7121871273009,544.3318215995384,1310.5426648981695,17213951.756349944,331434168.09897417,6892297094.041598
1359,1359,1.2199999999999999e+51,419000.0,0.089,39.56,12.418,27.142000000000003,False,3.134,1.033,2012-03-20 17:25:42.767,O5,"['K1', 'L1', 'V1']",8.612463658201726,2.423042830396267,9.453392561184096,859.5467351888639,93.49383149253264,256.22872406277594,784.1769310946934,49989.70421468675,262885.90117002383,89409653.78306936
1360,1360,1.55e+49,501000.0,0.105,68.792,13.95,54.842,False,4.802,-0.86,2012-03-30 17:33:35.046,O5,"['H1', 'K1', 'V1']",8.853775998467114,62.62317828764131,247.4056801026477,1526.1875568583669,108.30506785355328,289.09962259299664,721.9097861000787,2861294.0358799924,13146906.511769377,121505474.6852203
1361,1361,5.25e+51,1110000.0,0.217,26.069,26.737,-0.6679999999999993,True,2.41,-0.243,2012-05-02 10:52:32.855,O5,"['H1', 'L1', 'V1']",9.510547443463706,37.73056890676408,173.5620166592232,1074.858116833065,122.85274341432876,327.21338194710665,799.8575123757412,2475250.956026347,13370068.6107539,93747278.60323156
1362,1362,1.43e+51,600000.0,0.124,36.759,17.813,18.946,False,2.636,-0.022,2012-01-05 19:45:18.442,O5,"['H1', 'K1', 'L1', 'V1']",10.33595366463336,19.34972248092646,84.36842368760543,486.727274579066,97.31851901847595,259.05691666575854,631.2360490684327,612407.1213940955,3354818.851865859,25545175.069215063
1363,1363,5.25e+51,777000.0,0.157,27.364,22.988,4.376000000000001,False,3.409,0.505,2012-08-10 21:53:55.605,O5,"['H1', 'L1', 'V1']",10.42657279525666,57.48159753190524,200.3996438864489,767.4903365181807,109.60615317090162,291.6916064170632,708.6427270543996,3181636.379791151,12844091.220909318,65228812.66173101
1364,1364,3.32e+50,649000.0,0.133,53.682,12.863,40.819,False,2.588,0.801,2011-09-27 17:29:39.958,O5,"['H1', 'K1', 'L1', 'V1']",9.264023215894348,30.355936592467057,109.44650890615394,931.4778978865272,158.3580079042705,421.2153471282563,1021.0272536141524,3995328.899601746,17510740.875202652,212698073.3338813
1365,1365,4.91e+47,1690000.0,0.314,24.592,26.808,-2.216000000000001,True,6.19,-1.392,2012-01-23 03:25:30.287,O5,"['H1', 'K1', 'L1', 'V1']",8.304231239343519,91.97021826881767,1050.6745582283252,21411.77084257434,201.9336892230856,536.680455517672,1287.6394327085925,18506456.38924206,302199647.6531181,6830264148.824645
1366,1366,3.87e+50,497000.0,0.104,53.214,26.648,26.566,False,2.814,0.422,2012-05-15 06:48:25.247,O5,"['H1', 'K1', 'L1', 'V1']",8.41885423419905,120.61003331651077,886.9955957520345,21595.57367409457,178.89439210180876,472.8058379420779,1113.0685459446,14212299.098982206,179422136.27816275,4939203782.831537
1367,1367,1.66e+51,451000.0,0.095,71.716,5.612,66.104,False,1.333,-0.192,2011-11-08 12:12:08.942,O5,"['H1', 'K1', 'L1', 'V1']",9.682337042187788,6.092270116039514,21.102089956989804,156.61281303888018,94.6122327343296,252.72806754692112,631.5874498688852,222689.2295073057,963369.7155265188,11458080.484983936
1368,1368,1.95e+49,816000.0,0.165,34.897,8.705,26.192,False,0.48,-0.722,2012-02-05 08:16:14.380,O5,"['K1', 'L1', 'V1']",9.367359419681726,35.13084580610799,152.1236986640852,1079.794679688984,109.42496345081749,291.6818615300864,717.402071196969,1837536.446246741,9706044.641178094,90193493.71446767
1369,1369,1.33e+48,244000.0,0.053,48.653,18.574,30.079,False,5.773,0.533,2012-09-06 20:36:46.796,O5,"['H1', 'K1', 'L1']",9.137310756734747,503.7860871399746,1862.883940798209,8238.054891458343,173.54034974177296,460.90282243737977,1103.229078693117,46258287.274192974,213849502.1477013,1291440000.512168
1370,1370,4.5000000000000006e+51,306000.0,0.066,82.733,19.13,63.60300000000001,False,2.564,0.512,2012-03-18 13:01:32.728,O5,"['K1', 'L1', 'V1']",8.152713484162922,296.0907762586795,1685.2310939493825,10902.400622395282,176.5049015967288,468.22551866597166,1136.306223662371,22578515.71971287,176290948.73093417,2271523275.936732
1371,1371,4.21e+47,410000.0,0.087,45.547,17.44,28.107,False,5.364,1.311,2012-01-08 00:31:11.184,O5,"['H1', 'K1', 'L1']",13.82705709692648,6.35172299988393,31.940572168545486,248.4656782311615,49.22021497712888,130.9776153145815,319.18330222784294,59231.70332368511,384668.8586916521,3342559.012122364
1372,1372,3.3099999999999995e+51,1060000.0,0.208,8.6,15.528,-6.928000000000001,True,3.006,0.749,2011-12-12 07:24:13.083,O5,"['H1', 'K1', 'L1', 'V1']",9.128036399730933,8.666388968314145,108.03381776893806,1764.361098680059,157.5770371011606,419.56150583261024,1021.2654141340184,1025085.6711983788,18504742.25247251,384529191.5342904
1373,1373,8.339999999999991e+50,567000.0,0.118,65.623,9.156,56.467000000000006,False,3.377,-1.396,2012-03-03 21:47:10.132,O5,"['H1', 'K1', 'L1']",8.617404216389692,147.55396357745786,926.3395444130044,3982.572958567514,167.89225110125017,444.0650241221021,1051.3457765736969,13440230.055061232,108786037.57808092,698578416.0967798
1374,1374,7.719999999999991e+50,982000.0,0.195,33.699,19.739,13.959999999999996,False,1.062,0.296,2011-12-16 03:39:18.701,O5,"['H1', 'K1', 'V1']",8.042727706156974,142.154212784893,978.6657523592008,10423.112579998464,174.1562612507779,463.71976630868767,1129.2868750349808,19633018.255068827,170625445.54457247,2370670674.3221745
1375,1375,6.63e+50,845000.0,0.17,21.001,13.263,7.738000000000001,False,5.028,1.377,2012-09-01 22:03:29.254,O5,"['H1', 'K1', 'V1']",9.042321894861592,26.863779471514693,86.78579149080268,337.90444906335347,115.97603765351778,309.1104758764335,761.1695284827139,1712307.9386288451,6549066.055006568,36934307.974211626
1376,1376,6.64e+49,255000.0,0.055,72.275,22.985,49.290000000000006,False,4.207,-1.255,2011-10-13 06:45:47.525,O5,"['L1', 'V1']",9.202456244978787,77.2774485433842,476.4087942374261,5962.808183177606,101.3372207680992,270.0304659849716,665.4460425962033,2902667.3014093726,21077783.5382106,325389151.9714695
1377,1377,1.2199999999999999e+51,378000.0,0.08,44.799,7.857,36.942,False,5.096,0.784,2012-02-25 22:03:38.508,O5,"['K1', 'L1', 'V1']",8.218477401408459,2.352970867600229,19.931599740050984,7293.226343975897,152.0799331624322,429.5251439077263,1024.6417252995666,39211.00223631613,665976.4480201767,1112620841.2156794
1378,1378,1.05e+50,113000.0,0.025,22.631,36.208,-13.576999999999998,True,6.105,1.038,2012-04-13 23:52:00.045,O5,"['L1', 'V1']",31.55503379005676,2.627616135535852,9.574352611257654,35.4188492818712,12.299033075249298,32.52951881380015,75.30054421439839,540.8274420341796,1928.4524927465943,8637.984186143593
1379,1379,1.3200000000000001e+50,291000.0,0.063,43.289,42.337,0.9519999999999982,False,3.416,-0.045,2012-08-28 09:53:52.350,O5,"['H1', 'L1', 'V1']",19.1479674607852,1.383786488718629,4.4011849677309565,15.90524888558256,29.82778577994776,79.48038795105936,194.95691789262943,5330.771115799064,19986.879433966635,95983.88787338158
1380,1380,6.66e+48,373000.0,0.079,55.273,18.622,36.651,False,1.446,0.234,2012-08-03 21:11:39.991,O5,"['H1', 'K1', 'L1', 'V1']",8.634806293044122,59.39097877079484,369.5564088853109,10832.441457376828,185.6993686861896,490.07853086056593,1146.7655177051672,5114114.638449092,53179567.19413404,2705807954.20832
1381,1381,1.06e+48,1180000.0,0.229,5.504,25.466,-19.962000000000003,True,5.34,1.159,2012-01-15 21:45:36.357,O5,"['H1', 'K1', 'L1', 'V1']",8.228727121652017,133.16775750379273,611.7121004084993,2610.4476844781966,168.45332453350375,448.0764069304186,1086.7419100843017,26618296.506249644,132863797.03051244,733595096.2692766
1382,1382,5.680000000000001e+50,879000.0,0.176,29.446,9.588,19.858000000000004,False,0.186,-0.741,2012-01-12 07:57:04.759,O5,"['H1', 'K1', 'L1', 'V1']",8.76518806314034,34.50352957279231,322.9682275151787,2675.450704261717,159.9809427475593,425.9172899789206,1039.0850959073646,4944746.134466786,55313370.38838939,621769528.3958013
1383,1383,1.43e+50,608000.0,0.126,51.68,15.114,36.566,False,1.434,-0.831,2012-03-14 07:25:27.411,O5,"['H1', 'L1', 'V1']",9.257279399180376,2.3418922832791096,7.851462808818828,42.742693548144125,94.4661397554912,252.0577495236099,626.4228342389031,104980.61867772696,432423.3665635937,3638411.553901976
1384,1384,1.43e+51,1000000.0,0.198,18.275,10.595,7.679999999999998,False,4.227,0.024,2012-07-22 04:45:05.207,O5,"['H1', 'L1', 'V1']",8.09964219933158,58.86267356791503,208.44078925702715,1368.0821021041645,164.75970609672743,438.03857471968513,1058.9148761956178,7211692.526718579,32393702.50852393,313495088.7091473
1385,1385,1.54e+50,1050000.0,0.207,26.315,22.81,3.5050000000000026,False,4.413,1.028,2012-07-16 02:01:02.060,O5,"['H1', 'K1', 'L1']",8.456092569363324,217.39404293613944,758.6575912896493,3059.2701237862225,171.9889345966027,456.6515145190415,1095.4065012940373,30021430.450427286,126302769.7814099,605615249.4710894
1386,1386,1.2300000000000002e+50,1160000.0,0.226,8.45,19.296,-10.846,True,1.188,0.02,2011-11-09 07:14:42.856,O5,"['H1', 'K1', 'L1']",9.014229423403314,146.96771182774856,554.4452670859158,2151.032382418185,133.5233949738905,354.1217741869863,847.7043446467444,9470730.24356746,41437489.16868814,205668403.9512696
1387,1387,2.85e+50,1150000.0,0.224,14.969,15.031,-0.0620000000000011,True,1.778,0.515,2012-09-01 14:34:58.396,O5,"['H1', 'K1', 'L1']",8.862114142583119,132.47549233521335,482.1658185969045,1832.2221373370537,155.75022933787818,414.0545697079516,989.9370284910552,14239434.066046637,56235307.04430321,246559763.0431804
1388,1388,4.5300000000000003e+49,565000.0,0.117,22.354,21.814,0.5399999999999991,False,0.89,-0.137,2012-04-13 20:54:10.759,O5,"['H1', 'L1']",11.61203678712704,83.49361584145481,276.41877901406326,1036.5436728858504,79.59722260216483,211.5972744735309,511.31334665672966,2272525.783830412,8206874.258690552,33357103.617610257
1389,1389,7.719999999999991e+50,898000.0,0.18,18.717,20.198,-1.4810000000000016,True,2.63,0.611,2012-07-16 18:01:43.263,O5,"['H1', 'K1', 'L1', 'V1']",11.59131139964235,1.7792646836252932,5.821310176748503,21.67327388097113,76.4604543097928,203.65883428458773,498.323877979726,59634.0400561364,229656.2654018128,1192823.3761739868
1390,1390,1.95e+49,1150000.0,0.224,18.928,25.688,-6.759999999999998,True,0.51,0.285,2012-03-21 19:47:35.592,O5,"['H1', 'K1', 'L1', 'V1']",8.647562252739004,26.420924571219377,159.1497642639334,2326.489992794316,179.22153283243665,477.5749811002869,1172.754603058513,4781623.4817591775,35163676.862481855,682259535.0979496
1391,1391,2.84e+51,440000.0,0.093,37.652,25.396,12.256,False,4.757,-0.224,2012-02-21 18:11:50.659,O5,"['H1', 'K1']",8.01505957339645,1612.8812376396702,5315.0045192442285,15391.145400123249,126.15663854066965,334.7865770211516,802.0304370679507,77867721.24694952,283286846.28510743,1053885328.3958384
1392,1392,4.8800000000000005e+50,1310000.0,0.252,72.99,18.251,54.73899999999999,False,3.802,-0.564,2012-07-08 04:24:54.781,O5,"['H1', 'K1', 'L1', 'V1']",8.118800484246579,1243.4528936982244,6577.32741201883,27602.529827094888,166.65655138331113,443.8509330382676,1082.985796388492,291705853.57260054,1708421326.1419213,8226065663.605892
1393,1393,1.3199999999999999e+51,954000.0,0.19,34.753,8.803,25.95,False,5.311,0.11,2011-09-29 00:07:24.906,O5,"['H1', 'K1', 'L1', 'V1']",8.66369400054893,274.5052963055821,2360.92882165476,22245.20066925073,177.8181278087261,472.94020528121166,1136.5638920693505,37292411.05254296,463207997.3912055,5334767694.472889
1394,1394,1.43e+50,437000.0,0.092,65.076,14.654,50.422,False,5.676,0.821,2011-11-28 01:29:43.908,O5,"['H1', 'K1', 'L1', 'V1']",12.59701434035173,18.26169094938267,59.67260226042728,187.16877409692745,80.19179652028504,213.40416617920607,518.8682110745633,557299.7820714377,2106976.407063992,8639816.531481083
1395,1395,1.3199999999999999e+51,529000.0,0.11,15.914,36.179,-20.265,True,4.361,0.875,2012-04-27 10:30:06.241,O5,"['H1', 'K1', 'V1']",10.65893058360326,84.67792502851678,339.9687623600677,2064.885100990872,75.48020034251385,201.18477262316128,493.7394191820917,1833705.4923466505,8963760.426126167,70949489.96585546
1396,1396,3.08e+50,688000.0,0.141,31.427,8.801,22.626,False,3.581,0.452,2012-01-08 21:45:43.611,O5,"['H1', 'K1', 'L1', 'V1']",8.385175688589115,23.98607575690115,84.7424950385267,3122.68517586335,158.0289156039106,430.4257316114198,1112.294380004364,1231196.150590568,5949406.13163092,756661900.526315
1397,1397,9e+50,467000.0,0.098,86.573,19.082,67.49099999999999,False,4.436,0.687,2011-11-17 21:30:11.133,O5,"['H1', 'K1', 'L1']",10.00852730688015,101.4268370027952,475.6774178979797,2040.7642591531185,123.19913572558016,327.00021163275665,786.0726853351437,6110492.785307345,31332896.59311296,174527138.38742065
1398,1398,1.9399999999999998e+51,730000.0,0.149,45.777,18.854,26.923,False,5.378,0.618,2012-08-18 04:01:06.390,O5,"['H1', 'K1', 'L1', 'V1']",9.83262840865226,8.814529575237025,67.37058712367855,836.3757227298726,128.00131999478003,341.0042108077854,834.1352168065096,788753.4853923225,7879808.572455429,111987546.62850218
1399,1399,3.87e+50,554000.0,0.115,37.496,8.246,29.25,False,5.872,0.42,2012-07-01 09:31:57.487,O5,"['H1', 'K1', 'L1', 'V1']",12.37124016961719,7.689995430732553,26.992403351923475,200.8769644537095,87.74485214950857,233.9429925864232,574.1713320498657,261938.19349570185,1153550.0565901357,10433558.90628818
1400,1400,1.05e+49,1690000.0,0.314,25.345,26.149,-0.804000000000002,True,2.545,-0.667,2012-02-14 18:39:47.363,O5,"['H1', 'K1', 'L1', 'V1']",8.300799839380591,101.5513784928578,406.8507367891469,1953.0276691524743,178.01673117341397,473.7203474362718,1151.893815759603,21373811.081545893,97594412.88304964,639267572.4818932
1401,1401,2.63e+51,9550000.0,1.319,81.6,10.817,70.78299999999999,False,2.099,-0.004,2012-07-14 17:48:31.353,O5,"['H1', 'K1', 'L1', 'V1']",8.068519084343357,2710.3677259175497,10332.53903684564,30582.646079073947,220.36360237433792,587.6004782022055,1445.9731815041343,1613601805.892348,6392949819.911167,21196989196.730392
1402,1402,8.36e+49,948000.0,0.189,21.338,27.043,-5.704999999999998,True,5.908,-0.486,2011-10-16 18:26:48.088,O5,"['H1', 'K1', 'L1']",9.25164012912081,221.7462614311078,748.8913582709818,2531.750418565085,150.70191756828956,399.6141814360655,954.6558635382715,23790114.908995144,85383930.71469279,342802066.3038974
1403,1403,4.549999999999999e+47,173000.0,0.038,43.938,10.708,33.230000000000004,False,4.416,-0.045,2012-01-15 05:44:07.102,O5,['H1'],18.05095215876562,2789.435832805795,8400.022988911342,24811.54457546136,36.1104970003268,94.99105118684965,219.96183082447865,6545436.184438686,17554659.607516102,44611262.0412299
1404,1404,1.2199999999999999e+51,964000.0,0.191,14.063,10.763,3.3000000000000007,False,0.85,0.798,2012-09-02 08:22:39.238,O5,"['H1', 'K1', 'L1', 'V1']",9.98770607747998,4.349685493010161,36.01378621775055,780.1468782824094,119.5724245688292,319.34105220003414,794.1302312413001,317125.2291608993,3529801.5383851337,95963517.13833082
1405,1405,4.8800000000000005e+50,1010000.0,0.2,7.746,26.584,-18.838,True,5.597,0.152,2012-02-26 16:13:10.357,O5,"['H1', 'L1', 'V1']",8.064418590033197,78.74406772429985,295.47852681432994,1626.587131355785,157.783026924689,419.7397469554779,1019.1400270146764,9087620.751155175,43500452.244597696,326051802.2757038
1406,1406,1.9399999999999998e+51,644000.0,0.133,40.483,12.314,28.169,False,4.08,0.152,2012-06-24 19:33:44.505,O5,"['H1', 'L1', 'V1']",9.388534728322906,29.330778415023044,83.95959532662667,276.73630511040494,100.77464863752924,268.6182356893979,661.4988313304652,1248252.14916907,4389370.2402077615,22856305.480443347
1407,1407,7.150000000000001e+50,567000.0,0.118,32.602,12.879,19.723,False,2.178,-1.01,2012-07-07 21:54:52.301,O5,"['H1', 'L1', 'V1']",8.395585196629755,176.31513302843663,690.8547918403168,4201.4483628428725,151.863513300083,405.4640002908925,1007.3391967807212,10041551.982459605,51962880.07310886,597538087.2197502
1408,1408,1.54e+51,554000.0,0.115,17.671,14.817,2.853999999999999,False,4.002,-0.589,2011-09-30 12:44:06.058,O5,"['H1', 'K1', 'L1', 'V1']",12.33495965306475,2.8579334193567885,9.671755637586225,45.40852322833821,65.23154707813848,173.73125804284348,424.7229965556365,53565.02231718329,215092.3316891276,1475468.911325876
1409,1409,6.63e+50,395000.0,0.084,64.589,26.841,37.748,False,5.131,-0.678,2012-08-24 11:12:54.979,O5,"['H1', 'L1', 'V1']",9.66059448118492,3.402901089276991,14.812688977484092,222.41391867923124,117.0717216273564,311.1737895309542,757.495560228959,173342.74363071416,967273.5766292711,15982705.222952848
1410,1410,2.6400000000000003e+50,269000.0,0.058,66.168,20.388,45.78,False,0.459,0.561,2011-10-06 05:06:49.442,O5,"['H1', 'K1', 'L1', 'V1']",17.68997597696155,0.4625438696198943,1.4754969342276425,5.280569505531444,38.104583840948976,101.48256416869106,248.004686137325,3516.721055653905,13229.053359658,63020.57015104443
1411,1411,2.09e+51,987000.0,0.196,34.194,12.18,22.014000000000003,False,2.96,0.374,2012-08-14 05:59:55.580,O5,"['H1', 'K1', 'L1', 'V1']",8.253284512739512,45.49253717532908,169.61620193783122,1484.729900066453,168.4415439297518,451.625060773064,1118.8507145806138,2909167.4575425694,14515043.917055745,293832783.7368651
1412,1412,2.27e+49,663000.0,0.136,28.686,15.24,13.446,False,4.436,-0.05,2011-10-08 03:48:14.107,O5,"['K1', 'L1', 'V1']",8.412312672211769,20.506383437118085,67.99874391572963,1510.5169236232632,134.54597068268097,361.615328049168,933.4363579802904,958567.6123695116,4049624.985886008,219420529.87547472
1413,1413,1.2200000000000002e+52,932000.0,0.186,12.229,8.106,4.122999999999999,False,5.03,-0.808,2012-08-19 13:14:09.372,O5,"['H1', 'K1', 'L1', 'V1']",9.25053231668578,3.105694933008046,10.4310869668568,74.40045998226356,132.5481096080482,353.2078635558189,866.8574731973221,297364.86916794284,1243396.0305354851,12516693.6262056
1414,1414,2.1e+50,883000.0,0.177,40.51,7.338,33.172,False,2.042,0.962,2012-02-06 02:00:48.718,O5,"['H1', 'K1', 'L1', 'V1']",9.637735917659644,10.98086004162222,66.16445245949022,755.2532022036191,144.78531255441487,386.16720356578935,951.6793912353952,1275526.164664504,9269851.122486958,146514303.00924018
1415,1415,1.43e+51,636000.0,0.131,29.582,10.751,18.831000000000003,False,3.883,0.03,2011-10-27 18:21:18.657,O5,"['H1', 'L1', 'V1']",13.24608944905653,37.07655719525696,123.96354824637116,477.09000685560034,76.20834996088018,199.74484729116176,471.5164281966621,322994.4991930903,1274288.7126803093,7136422.2418992175
1416,1416,3.6e+49,628000.0,0.129,33.915,18.444,15.471,False,6.222,-0.882,2012-05-04 02:46:49.611,O5,"['H1', 'K1', 'V1']",9.306130729084392,114.9528741578756,516.4698393285713,3562.0455839998804,120.32613688321908,320.61165047468694,788.1705117864369,6630987.489391001,37592281.43033448,354783895.1662148
1417,1417,1.43e+51,682000.0,0.14,49.542,13.426,36.116,False,0.306,1.135,2012-08-05 12:16:12.239,O5,"['H1', 'K1', 'L1']",10.02658558356927,79.71790675416436,363.6534181834252,1420.6759820253917,118.44805900445796,314.5464433855278,757.66143577957,5002749.575367774,23693770.84144365,112916084.86944395
1418,1418,1.43e+51,539000.0,0.112,50.366,16.832,33.534,False,6.239,-0.168,2011-11-15 12:32:53.124,O5,"['H1', 'K1', 'L1', 'V1']",9.618007357381323,18.709934015511863,76.17781580793574,967.6928169580584,125.91037655991022,335.6566288535373,824.7748457788434,1354032.240277679,7129374.050231891,109906834.6780894
1419,1419,1.66e+51,312000.0,0.067,51.328,14.721,36.607,False,2.05,-0.018,2011-10-10 17:45:27.402,O5,"['H1', 'L1']",10.49682006242014,178.65099089740067,784.1439772543656,2723.1156208757466,74.06808201933171,199.84640595089303,503.2654879854435,2200663.7902837405,13995010.153885083,75901882.94640408
1420,1420,5.680000000000001e+50,255000.0,0.055,38.281,9.018,29.263,False,2.296,1.34,2012-08-04 13:13:08.131,O5,"['K1', 'L1', 'V1']",19.38274754403731,0.4125669845586689,1.1966702544565262,3.862113454332929,21.77181066146209,58.06653802713621,143.17716422834036,727.4645907278369,2531.213641336299,11247.216635319595
1421,1421,2.63e+51,615000.0,0.127,32.185,17.091,15.094,False,5.215,-0.017,2012-04-07 01:42:49.435,O5,"['H1', 'L1']",10.39402715781718,65.99257840523727,255.75050431981327,1122.389523239386,94.22491911824729,250.4418721767999,604.9844299075465,2582848.4707927173,10648118.879128732,50706076.69772465
1422,1422,8.339999999999991e+50,1230000.0,0.238,39.9,20.874,19.026,False,1.543,1.203,2012-08-13 18:31:51.134,O5,"['H1', 'K1', 'L1', 'V1']",8.10862951152077,128.21422097812453,746.0140396893781,11370.558512006704,160.38342456308783,426.2157316542116,1029.2999299301562,20437163.599672165,155058391.24470934,2808466911.591428
1423,1423,2.86e+49,397000.0,0.084,66.396,13.024,53.372,False,0.197,-0.857,2012-06-17 22:29:27.443,O5,"['H1', 'K1', 'L1', 'V1']",10.51451069343786,2.8182533502311737,12.172111358336329,274.2200368641801,147.3668427315323,392.5844992074021,943.9105997429368,193003.77045188373,1063197.2472336583,21446269.84860393
1424,1424,1.2199999999999999e+51,565000.0,0.117,18.133,13.215,4.917999999999999,False,4.018,-0.576,2012-02-19 23:22:43.389,O5,"['H1', 'K1', 'L1']",14.85197072056737,45.3023947278524,188.66596202201285,749.3869330644432,62.62751738457911,166.56435503894232,402.8059130100471,499540.9464933866,2772377.4559186604,13778204.67732776
1425,1425,1.2199999999999999e+51,798000.0,0.161,40.334,14.12,26.21400000000001,False,1.056,-1.348,2012-06-04 00:15:55.829,O5,"['H1', 'K1', 'L1']",8.096671221944634,199.46180095111043,800.5857431918234,4658.351067779806,169.3945450696965,450.051337748239,1083.0375103472643,29235511.706618607,131560561.72395083,898450003.441874
1426,1426,2.86e+48,587000.0,0.122,48.914,9.962,38.952,False,3.378,1.013,2011-11-18 20:31:12.307,O5,"['H1', 'K1', 'L1', 'V1']",9.059345168738096,536.0729650508982,2931.988620177553,17284.152252678687,165.9973754589821,442.5529108331142,1084.8287095448177,81916677.75329776,514296631.03366107,4068693602.693286
1427,1427,9.77e+48,524000.0,0.109,66.422,16.626,49.79599999999999,False,0.404,0.321,2012-01-07 21:15:34.776,O5,"['H1', 'K1', 'L1', 'V1']",8.18463191393359,525.779672301742,3915.2016747253374,25889.219877810232,156.8607034694503,417.4891811900451,1012.6371016499966,76090899.07509196,748970511.9811608,5498187750.974386
1428,1428,1.8099999999999998e+47,379000.0,0.081,53.831,10.977,42.854,False,5.646,-0.665,2012-02-29 03:45:10.330,O5,"['H1', 'K1', 'V1']",9.898982413354702,31.86546498825564,112.8237826324905,519.1555602268156,93.18580765431908,248.94404857200595,622.2962292417327,979108.766800815,4348141.893965364,27434253.503879912
1429,1429,3.87e+50,1160000.0,0.226,19.916,8.842,11.074,False,1.857,-0.504,2011-11-11 03:10:31.103,O5,"['H1', 'K1', 'L1', 'V1']",8.089479327393232,136.91059307179182,553.6803369334623,5174.5419219114265,186.2061028402232,494.88026787845865,1194.506942774553,26471652.88839171,138149219.47913677,1799482508.598176
1430,1430,1.43e+51,255000.0,0.055,59.223,10.107,49.116,False,4.683,0.511,2012-08-06 02:45:35.061,O5,['L1'],13.03242058153108,2836.1913930328665,8526.985527630712,25026.855076150056,53.13706002392036,139.78712455163003,324.5410660647656,18755687.36371456,50318434.2190243,128122213.93186712
1431,1431,1.95e+49,12600000.0,1.652,52.175,13.636,38.539,False,2.338,-1.11,2012-02-05 12:48:34.130,O5,"['H1', 'K1', 'L1', 'V1']",8.236378842540502,2555.2468458587955,11110.523109377242,31949.07638858924,270.1337392322212,719.9248247728929,1765.7538319619075,2245241956.417633,9793950388.662891,31434962901.771427
1432,1432,2.45e+50,533000.0,0.111,16.747,11.737,5.01,False,6.201,-0.424,2012-01-02 23:14:56.479,O5,"['H1', 'K1', 'L1', 'V1']",12.16577152099702,2.0851504023718315,6.361146694257169,21.835562039442213,49.08792365826207,130.7236847881337,319.37250945466747,24670.085969798973,90077.33038180693,435788.6729454979
1433,1433,2.45e+50,879000.0,0.176,26.418,9.291,17.127,False,2.16,-0.232,2011-10-29 17:34:30.140,O5,"['H1', 'K1', 'L1', 'V1']",8.818820524402216,7.444332041413876,24.75938174906095,103.27726463769918,117.64982937762228,313.7607884280345,776.1772759559785,442061.7703668765,1800361.7148615664,11485109.450458648
1434,1434,1.3300000000000002e+49,339000.0,0.073,48.242,26.797,21.445,False,0.427,1.113,2011-11-04 18:41:54.303,O5,"['H1', 'L1', 'V1']",8.153630205088076,68.68089294946986,444.1571591281409,8750.545434775384,159.99862823718513,424.0379950785528,1008.2201347216125,3927133.870080706,37784825.97652704,1430470133.9543974
1435,1435,1.1299999999999999e+51,570000.0,0.118,22.284,23.103,-0.8190000000000026,True,3.085,-0.944,2011-12-14 17:50:35.415,O5,"['H1', 'K1', 'L1']",8.111994458250297,236.71533820786607,858.8627192562647,3911.386346799804,178.60875797204312,474.38873542833664,1114.2366079877993,25692691.546362776,119899211.43294992,718862763.5986346
1436,1436,4.18e+50,808000.0,0.163,22.663,10.744,11.919,False,4.296,0.166,2012-07-19 06:45:54.475,O5,"['H1', 'K1', 'L1']",9.043111635330495,104.17394366607768,509.46516564241006,2090.603045667317,121.21823923930664,322.7440243432584,783.7555157585314,4613072.679436863,30852608.339757003,182741524.7890918
1437,1437,2.27e+49,737000.0,0.15,8.832,10.632,-1.799999999999999,True,3.856,-0.298,2011-12-29 16:05:46.570,O5,"['H1', 'K1', 'L1', 'V1']",9.97612174907248,11.649395554826194,36.71056091390594,123.76956312118952,88.145324301075,235.4602022985498,588.5513177556049,379148.8891982956,1379187.2867621582,7184029.0691168895
1438,1438,3.32e+50,472000.0,0.099,42.967,14.899,28.068,False,2.064,-0.636,2012-05-27 01:45:24.966,O5,"['H1', 'L1', 'V1']",8.543047791083787,14.528784373574014,96.9859050510055,1197.4794314678315,121.84504845230516,326.77418688518515,846.2991460500912,664005.738204138,6150184.403689722,118326643.39403218
1439,1439,2.84e+51,895000.0,0.179,32.768,5.299,27.469,False,5.791,-0.938,2011-10-28 11:56:55.831,O5,"['H1', 'L1', 'V1']",9.696260227916833,11.291890343538006,157.5555920375187,1136.2975106407905,125.32144772872245,334.31657939522324,823.1703112484321,950996.9338581885,15842213.367379924,148270459.94147196
1440,1440,1.94e+50,706000.0,0.144,31.051,5.042,26.009,False,5.751,-0.587,2012-02-24 07:08:08.979,O5,"['H1', 'V1']",9.926950093427047,73.61363501715807,239.0615856697308,1044.648033039243,82.2189398895556,219.29258608594057,540.8438468648442,1688341.5260767683,6618169.357898287,46642040.29267061
1441,1441,1.2199999999999999e+51,12300000.0,1.62,47.54,7.575,39.965,False,5.691,-0.943,2011-10-20 12:16:28.774,O5,"['H1', 'K1', 'L1', 'V1']",8.18280207658512,544.6539493411241,3771.761139813608,25096.665030440054,288.417638317464,768.689168881561,1883.578507450278,454795103.98611146,3409525743.862163,24487496337.2728
1442,1442,4.5300000000000003e+49,441000.0,0.093,68.417,5.756,62.661,False,4.312,0.761,2011-09-19 17:27:58.464,O5,"['H1', 'K1', 'L1', 'V1']",8.501519769108887,8.083039078549156,40.15148971268213,1576.3836520764637,171.09662353083843,452.2228487711705,1065.38463994275,697064.8334824665,4203565.054171714,330537776.9406662
1443,1443,4.89e+49,514000.0,0.107,31.718,11.869,19.849,False,4.752,-0.101,2012-07-17 09:05:44.604,O5,"['H1', 'V1']",8.84140148553485,48.38944317465855,183.67177310267,984.302454162223,86.34429617490366,230.56406253979927,574.5024474936156,1350123.4372506791,6423736.412570806,50140340.23619724
1444,1444,1.94e+50,172000.0,0.038,38.616,5.224,33.392,False,0.895,-0.626,2012-09-02 20:36:16.972,O5,"['H1', 'K1', 'V1']",27.2472973377827,0.7871014760035113,2.5152861765051977,11.23214247554179,13.486465719354952,35.976507108850456,89.01289437377517,517.9615227325205,2008.05157007076,12062.085178800917
1445,1445,1.3200000000000001e+50,818000.0,0.165,45.1,17.881,27.219,False,3.724,-0.364,2012-07-13 09:32:33.214,O5,"['H1', 'K1', 'L1', 'V1']",9.14388876584878,34.73277233018407,193.92723778045803,1540.393707495448,183.6966770265858,488.2406892484137,1189.11164051807,3495399.984719005,22394983.85262788,319239522.34264153
1446,1446,2.45e+50,513000.0,0.107,48.435,22.098,26.337000000000003,False,0.833,-1.298,2012-03-04 22:29:36.954,O5,"['H1', 'K1', 'L1', 'V1']",9.018989647368814,31.21257605545876,325.0494513852973,8084.503641677556,187.8564648921432,499.1569982917924,1204.8148853694706,3366232.9797471063,46651811.40051015,2001054045.2168808
1447,1447,6.63e+50,695000.0,0.142,18.614,32.926,-14.312,True,3.74,1.003,2012-06-25 06:16:55.012,O5,"['H1', 'K1']",8.762048961972836,191.6745021407093,998.4853910046525,10303.40402908093,101.20909901563073,269.6704572822929,660.4380078750929,5985220.550424401,35767016.195045725,490373444.3087065
1448,1448,7.74e+49,781000.0,0.158,22.179,15.268,6.910999999999998,False,2.209,-0.561,2011-12-12 13:43:49.230,O5,"['H1', 'K1', 'L1', 'V1']",8.6738779566788,123.15727375529391,484.670218088992,6893.792008917822,164.20927774989048,436.4231726776086,1051.396207220393,12463107.15998348,64952955.766991794,1510216777.2026014
1449,1449,3.58e+51,137000.0,0.03,61.585,10.516,51.069,False,5.742,0.599,2012-03-16 11:05:17.013,O5,"['H1', 'K1', 'V1']",22.11484045192534,0.3194780363195112,1.0272809355483126,3.842837620559441,15.922100178745891,42.48913078461641,105.46509973201358,320.5933246356284,1220.892925385533,6089.728659853486
1450,1450,3.32e+50,4880000.0,0.764,23.881,21.774,2.107,False,4.742,-0.949,2012-05-20 00:50:49.480,O5,"['H1', 'K1', 'L1', 'V1']",8.084918825565213,1947.679216205122,9282.187396564088,31722.23417116192,186.1602768488392,496.1283774456842,1216.123754714705,676338633.1296731,3514513373.9381223,12852740474.644342
1451,1451,4.86e+51,327000.0,0.07,88.441,13.577,74.864,False,3.853,0.317,2012-01-17 13:53:46.986,O5,"['H1', 'K1', 'L1']",11.92134362894923,40.07167725424912,146.1873180497392,803.910692466963,88.29563990289876,234.7354758847158,566.7642910892555,1231419.5549602895,5304834.357458974,31169390.20127408
1452,1452,6.63e+50,485000.0,0.102,20.22,21.467,-1.247,True,5.061,-0.361,2011-11-01 10:04:02.993,O5,"['H1', 'K1', 'L1', 'V1']",17.52247655036221,0.8350003603745794,2.767533675328417,10.715665551777429,42.09735030732122,112.34955104829208,278.0240134466176,6847.814491129514,26784.297498291035,133442.54777881142
1453,1453,1.3199999999999999e+51,6380000.0,0.951,83.178,13.306,69.872,False,6.027,-0.606,2012-01-20 12:47:39.462,O5,"['H1', 'K1', 'L1', 'V1']",8.068292871379382,2698.7158619116294,11257.602653500257,32434.863018642955,200.56094547993712,534.6215401131676,1313.7357271627238,1297712165.9851031,5658476391.747552,18181248423.888424
1454,1454,1.2300000000000002e+50,504000.0,0.106,47.193,19.202,27.991,False,5.633,-0.087,2012-03-06 05:48:15.619,O5,"['H1', 'K1', 'L1', 'V1']",13.17433128527096,4.5447108029631975,15.882616299992828,84.45791728214425,67.16077372039427,179.13640579041316,441.7959185575648,97216.88675446063,409720.8453964103,2909009.2310724435
1455,1455,3.58e+51,913000.0,0.182,29.952,15.9,14.052,False,3.373,0.357,2011-11-26 01:24:35.235,O5,"['H1', 'K1', 'L1', 'V1']",8.056814968851771,53.14608749311707,200.8584258190529,9151.883814404457,178.96097330928205,476.02613996916216,1127.329550085481,4442779.742197638,22269986.646170653,2146437465.565164
1456,1456,1.67e+49,829000.0,0.167,68.565,9.838,58.727,False,2.43,-0.785,2011-11-13 01:00:21.804,O5,"['H1', 'K1', 'L1', 'V1']",8.19237775685731,91.08888612218928,332.6181746752057,2460.874449323479,148.2086061427501,394.30738244832753,957.756144637873,12294099.816912789,53930283.75050164,511888696.3821864
1457,1457,2.2599999999999998e+51,155000.0,0.034,55.99,6.394,49.596,False,4.224,0.742,2011-12-02 00:36:50.289,O5,"['H1', 'K1', 'L1', 'V1']",20.40197472653335,0.221864016821231,0.7222626500337959,2.797795768223146,22.108691772979256,58.85418713573165,143.4528008059997,303.8430783258494,1178.3376084692752,6035.705110615817
1458,1458,1.1299999999999999e+51,5950000.0,0.898,59.584,17.224,42.36,False,2.692,-0.158,2011-11-23 12:40:50.005,O5,"['H1', 'K1', 'L1', 'V1']",8.034210451343204,419.60608381686734,4664.927495716911,26191.36507792773,235.6542641426429,627.5614049180406,1527.7099400362138,188932015.0824749,2420447490.314039,15161043329.521244
1459,1459,2.45e+50,723000.0,0.147,8.223,8.133,0.0900000000000016,False,6.077,-0.609,2011-12-22 07:02:25.136,O5,"['H1', 'K1', 'L1']",10.12952004204166,97.82387526242783,375.4563618057308,1525.1814328698265,109.2427182161083,290.27036991595264,701.5056372599295,4907987.176812162,22102518.177630898,107268323.80681708
1460,1460,1.14e+50,8780000.0,1.232,61.924,33.534,28.39,False,4.044,-0.198,2012-08-02 03:59:10.843,O5,"['H1', 'K1', 'L1', 'V1']",8.117129179061344,1008.6137858318642,7876.802891150233,31410.4620888456,245.0739777586032,652.8704870164352,1596.8189600511885,677368756.9464426,5519334227.882108,22768099189.439568
1461,1461,1.0499999999999999e+51,451000.0,0.095,39.621,11.181,28.440000000000005,False,3.692,-0.727,2012-04-21 17:16:29.469,O5,"['H1', 'K1', 'L1']",15.79621373820853,25.9745358697694,109.32542243610705,483.5298432415586,56.36614477908603,148.2856670618906,347.5494409676386,169902.64075440503,873723.8088840699,5927075.132052966
1462,1462,5.680000000000001e+50,560000.0,0.116,21.521,12.844,8.677000000000001,False,3.413,0.877,2012-04-21 19:24:47.977,O5,"['H1', 'K1', 'L1', 'V1']",10.32388177607851,3.3866657540200515,11.193624676696809,53.64807006133595,60.515021925038354,161.35838807312933,398.5049257763749,45443.44967890297,190270.69955304253,1363470.2330700522
1463,1463,2.09e+51,811000.0,0.164,2.513,11.09,-8.577,True,0.986,-0.987,2011-11-02 22:12:11.498,O5,"['H1', 'L1', 'V1']",10.50013512293921,8.67704570111861,37.22060615024886,235.8883816807257,106.4629897579672,283.5033439475416,693.7076131899453,516377.2321996132,2627403.162193291,20828926.711755347
1464,1464,1.54e+50,1480000.0,0.28,37.559,9.782,27.777,False,0.957,-0.55,2012-03-04 12:19:09.141,O5,"['H1', 'K1', 'V1']",8.172998570299397,174.67642706021445,1415.6735676361066,8300.444503271587,187.1601153294032,498.0336812530978,1210.810335811254,24028096.41328781,249879444.2140949,2063381895.896952
1465,1465,5.680000000000001e+50,1140000.0,0.222,30.973,15.806,15.167,False,6.219,-0.439,2012-01-19 06:42:25.080,O5,"['H1', 'K1', 'L1', 'V1']",8.98894592337758,135.49468692011598,818.1513800273766,11668.53357873001,170.83829346989478,454.1072191313757,1097.1034074658903,22389770.902273048,180896745.7377712,3196392799.721772
1466,1466,7.14e+51,790000.0,0.16,22.461,12.447,10.014,False,4.701,0.315,2012-09-01 14:14:26.402,O5,"['H1', 'K1', 'L1', 'V1']",9.883867152996306,4.227734069079341,14.4196206734624,63.49742982922218,82.53975877628181,220.16868093982112,545.3839449258098,133604.41354457423,555037.389929337,3658677.048016234
1467,1467,6.64e+49,1580000.0,0.296,18.126,8.926,9.2,False,5.727,0.815,2012-06-03 12:28:50.486,O5,"['H1', 'L1', 'V1']",8.480482059027507,51.00326283210688,230.21102657160856,904.6764492516968,155.24578300320752,413.005107862087,1002.4256761047574,7649618.302201511,37050423.53769408,195635770.60237068
1468,1468,2.63e+51,350000.0,0.075,17.192,20.403,-3.2109999999999985,True,1.361,-0.348,2011-10-08 07:07:40.773,O5,"['H1', 'L1', 'V1']",11.49473758566239,18.407341705553684,58.37174145124697,212.1571327828524,50.54196480998104,135.63232141168538,360.7549784203711,134238.1115483785,521582.93343246856,2833251.314470934
1469,1469,3.07e+51,621000.0,0.128,43.835,26.37,17.465,False,5.519,-0.951,2012-07-28 01:08:10.314,O5,"['H1', 'K1', 'L1', 'V1']",9.474693730525864,16.77106840511712,209.5185418489323,3429.276546592961,157.95686461060234,420.22840424039225,1022.3343205536204,1307705.609662104,26517523.09237633,632532446.3986554
1470,1470,1.44e+47,615000.0,0.127,48.656,9.031,39.625,False,1.909,1.014,2012-08-09 13:13:45.985,O5,"['H1', 'K1', 'L1', 'V1']",9.511302093870048,93.6750985296784,422.37244156870776,2054.2086988216147,144.80903910273605,385.4641786273572,938.4130201621869,10567479.452698374,57395784.06134483,347041102.599334
1471,1471,1.43e+49,512000.0,0.107,50.619,5.441,45.178,False,4.495,1.233,2012-05-23 07:02:42.701,O5,"['H1', 'K1', 'L1', 'V1']",9.704873115073228,7.88944730843129,73.24756203166902,591.8910446176653,125.74567149550046,335.37788010211784,825.8103245054151,632453.7199669068,7242440.391932603,77846200.07796556
1472,1472,1.8e+51,421000.0,0.089,73.397,9.86,63.537000000000006,False,1.769,-0.208,2012-02-13 16:12:59.745,O5,"['H1', 'L1']",8.448794043709,174.2340293628392,657.699223411078,2741.187399747016,149.28083032126074,396.23417269462425,945.3395697242402,15626834.114154955,63250515.393866695,294257097.93961227
1473,1473,2.86e+49,2730000.0,0.473,31.956,11.237,20.719,False,3.378,-0.301,2012-07-24 09:16:28.191,O5,"['H1', 'K1', 'L1', 'V1']",8.071825167441908,1100.2100353674316,5358.852226917823,25258.45440279161,177.75311243324632,473.2875759147289,1154.117059934523,313199865.25783646,1748473223.6598518,9266200411.322104
1474,1474,1.43e+51,673000.0,0.138,46.808,9.131,37.677,False,5.497,0.651,2012-03-22 16:45:49.819,O5,"['H1', 'K1']",9.256468509253672,317.1901111168203,2453.4890002944067,12993.81308920554,119.66779429129866,311.15713939102125,709.0776021867343,4880116.732819544,84925842.53386468,599938563.6153344
1475,1475,1.3199999999999999e+51,376000.0,0.08,83.759,25.433,58.326,False,3.096,0.712,2012-04-06 05:29:01.778,O5,"['H1', 'K1', 'L1']",10.48196897642211,31.01297963565235,114.07567407847364,886.3303525092301,106.9584007662313,284.4101758371363,687.5279063142575,1641333.0555584382,7732730.408962136,64823252.68778302
1476,1476,2.28e+48,760000.0,0.154,43.704,13.689,30.015,False,3.199,1.203,2011-10-21 21:49:41.430,O5,"['H1', 'K1', 'L1', 'V1']",9.370336197122327,75.93732542371617,243.0630882676697,1147.3642265733508,148.74592561592488,396.2585279416686,977.131456875744,6227375.738602878,25675508.137601923,182407599.1903495
1477,1477,2.84e+51,607000.0,0.125,50.327,8.129,42.198,False,4.019,0.811,2012-01-24 11:41:13.641,O5,"['K1', 'L1', 'V1']",9.469181114135878,641.510735426581,2448.0533509699007,8879.829431351323,149.7311031895414,398.6830020494757,975.3817438602028,47393849.14277801,211104642.91244367,1037235076.8932078
1478,1478,4.520000000000001e+50,438000.0,0.093,53.356,24.867,28.489,False,2.899,0.674,2012-07-08 14:26:28.890,O5,"['H1', 'K1', 'V1']",10.2075975135779,102.74620845019297,435.1539393981112,3150.2252095056187,78.89937930136023,209.4731135443285,504.95039769030905,1610350.3851846494,8495107.107784776,63881537.19944783
1479,1479,1.9399999999999998e+51,783000.0,0.159,67.509,19.758,47.751000000000005,False,4.637,0.873,2012-02-03 12:26:22.998,O5,"['H1', 'K1', 'L1', 'V1']",8.380501343523497,32.13077607027377,182.99218888201244,3453.2590251488723,152.6247865403277,406.1911087937066,988.4346116629088,4939369.061113464,34781125.30399734,885658163.9867759
1480,1480,1.43e+51,555000.0,0.115,59.93,30.291,29.639,False,3.879,0.053,2012-04-11 09:52:31.691,O5,"['H1', 'K1', 'L1', 'V1']",11.09793072605985,28.199850485734483,109.5996805611018,406.9376643627969,86.45838622432495,230.53499542953145,568.7171820412675,995582.324079183,4336538.001489205,20814694.21260481
1481,1481,5.7e+49,3210000.0,0.541,84.01,13.833,70.177,False,5.629,0.502,2011-12-11 13:22:17.392,O5,"['H1', 'K1', 'L1', 'V1']",8.167631060804235,2002.2197941820225,10138.991548786897,31347.53813371481,182.7345470626708,487.385502176093,1200.5856576735264,724205722.5120001,3635493148.201285,12672681966.876167
1482,1482,1.3199999999999999e+51,744000.0,0.151,77.595,10.737,66.858,False,3.572,-0.31,2011-11-19 03:49:40.792,O5,"['K1', 'L1', 'V1']",8.09513226549684,473.4057580748936,2709.1419684123084,12197.642852793131,171.52671907071692,455.7495436972422,1097.5116187645365,53675213.49055244,401300674.8808577,2501240275.4664783
1483,1483,2.65e+48,245000.0,0.053,62.1,32.94,29.160000000000004,False,2.123,-0.809,2012-02-16 06:01:34.426,O5,"['H1', 'K1', 'L1', 'V1']",10.96787550380912,6.859286186265216,34.286626694348385,334.62553445958395,71.55131493130949,191.1006798401059,477.0823914726931,113718.67436632433,656805.6778153246,9266741.033414276
1484,1484,7.74e+49,655000.0,0.135,17.478,20.293,-2.8149999999999977,True,1.75,0.816,2011-09-18 07:49:47.117,O5,"['K1', 'L1', 'V1']",10.87757910646364,5.8930581887495785,26.245132505418866,112.69646982801896,76.14531849228666,202.99353456214163,498.8161627150033,145690.52064762768,675837.439127305,3849103.1523445738
1485,1485,1.2300000000000002e+50,892000.0,0.178,30.494,17.865,12.629,False,4.151,1.26,2012-06-25 09:11:14.363,O5,"['H1', 'K1', 'L1', 'V1']",9.206822908524284,9.847585485403906,40.53373655199161,619.9695753749738,135.0541552974189,359.7202307407417,879.1883754590679,752740.350366935,3997648.9357636017,99542977.42512766
1486,1486,7.150000000000001e+50,1070000.0,0.21,40.572,13.732,26.840000000000003,False,1.939,-0.152,2011-12-27 15:00:33.717,O5,"['H1', 'K1', 'L1', 'V1']",8.302681355759727,250.5592789745666,1189.1797941760628,9445.210246808554,151.3204227376832,402.6711146290518,979.0739563241176,41762913.92461114,229695108.8413628,2398823559.6440787
1487,1487,3.58e+51,342000.0,0.073,76.8,16.461,60.339,False,3.685,0.88,2012-04-02 03:33:51.627,O5,"['H1', 'K1', 'L1', 'V1']",10.17308088454497,69.6939296129474,270.3448083898759,1279.590811481506,136.10209670166716,362.1007419841453,879.1373858038286,6838187.76366929,31562914.56974308,193512017.5740545
1488,1488,1.55e+48,246000.0,0.053,4.127,21.937,-17.810000000000002,True,4.053,0.056,2011-09-22 13:16:12.765,O5,"['H1', 'K1', 'L1', 'V1']",25.88898922221232,1.8039431676342617,5.638854159932111,19.277146656983632,16.197467690446274,43.192408900378666,106.50496074481984,1702.295331502324,6309.246335030335,29329.700449756267
1489,1489,7.17e+49,530000.0,0.111,37.391,14.74,22.651,False,0.115,1.002,2011-09-29 14:34:27.183,O5,"['H1', 'K1', 'V1']",9.506508302376888,40.95104801899168,146.35965899798683,1756.4454281570288,97.5646301566826,260.3877163981761,644.6057512979486,1183571.8877178703,5825994.084087347,106284157.58409986
1490,1490,4.1699999999999995e+51,1050000.0,0.207,11.358,10.779,0.5790000000000006,False,5.988,-0.479,2012-04-15 01:54:29.214,O5,"['H1', 'K1', 'L1', 'V1']",10.48761564400156,9.89894600198036,34.595431797886334,235.65796673890148,113.29102819765797,302.0315115469243,742.2556395838324,601818.5555585978,2546605.003022736,27880219.80062853
1491,1491,5.25e+51,242000.0,0.053,68.288,11.907,56.381,False,1.604,0.525,2011-12-16 22:59:21.627,O5,"['H1', 'V1']",8.854289641001065,31.0019670558446,150.29379063752256,857.9304823046972,85.5967104664154,229.3051268274473,581.3796884495388,596782.0076900122,4163791.0646217433,36937820.54194957
1492,1492,7.76e+48,540000.0,0.113,29.858,12.722,17.136000000000003,False,6.005,-0.594,2011-11-05 17:25:55.945,O5,"['H1', 'K1', 'L1', 'V1']",14.24892886692014,8.701805580093367,27.81147367421083,98.15032270569148,62.07979475970444,165.2173860534067,402.02446889552505,149220.6230987163,560499.321251786,2652222.3582161926
1493,1493,7.17e+49,847000.0,0.17,5.865,14.638,-8.773,True,2.655,0.542,2011-10-01 02:07:31.798,O5,"['H1', 'K1', 'L1', 'V1']",9.128283919565314,51.2245619104218,286.1233767262805,3367.823552476675,222.10850352293247,569.9892095854921,1253.4603621515744,2171562.3073756457,25761989.29223543,719402702.4630231
1494,1494,9.7e+51,268000.0,0.058,83.253,7.236,76.017,False,3.936,1.096,2012-03-07 04:40:26.678,O5,"['H1', 'L1', 'V1']",10.79745307756192,2.6123586727636776,9.46257623463922,94.25231124746502,91.8232032693603,245.8657588740365,626.7946164412053,104930.77511481648,460721.4236218816,5485860.66640787
1495,1495,5.26e+50,356000.0,0.076,34.353,21.616,12.737000000000002,False,5.235,-0.65,2012-01-29 10:26:36.722,O5,"['H1', 'K1', 'L1', 'V1']",15.45982594909008,0.9701972234972196,3.0476942998611216,11.328094578621045,41.364704662106135,110.56738292149488,279.3884243966922,6432.032525871474,23942.164013363286,119446.9803987188
1496,1496,2.63e+51,221000.0,0.048,60.869,17.05,43.819,False,5.677,-0.506,2011-12-11 03:54:05.343,O5,"['H1', 'K1', 'L1']",10.93534719569333,28.707728171789377,168.88700329444012,1226.8163684739473,83.14263245518532,219.8501676724941,540.6061460128716,290663.6111282147,2802339.2968221614,41021090.7926099
1497,1497,1.3199999999999999e+51,639000.0,0.132,20.644,12.031,8.612999999999998,False,2.936,-0.587,2012-01-30 01:25:23.901,O5,"['H1', 'V1']",8.613754412541857,309.09818683730384,1497.2150924828325,7535.255783153088,125.13677616616916,333.8609196274077,812.1930199436649,13919145.383082306,84548596.50648302,585515164.3094375
1498,1498,1.2199999999999999e+51,920000.0,0.184,23.199,7.939,15.260000000000002,False,3.412,1.193,2011-11-15 20:14:46.266,O5,"['H1', 'K1', 'L1', 'V1']",9.656854207400649,59.47870202977212,223.0451274131393,1041.5572852449873,143.03488624936767,380.7713684081151,927.5240288934026,4895762.560688168,23468501.845779657,165903028.1930647
1499,1499,4.85e+52,489000.0,0.103,41.436,9.725,31.711,False,0.429,0.162,2012-08-25 02:55:45.010,O5,"['H1', 'K1', 'L1', 'V1']",9.719381280704502,65.70278777619741,214.65090919997465,2437.787318064284,156.03281916704702,417.5000125347203,1051.5899631098737,5047604.916332913,22263866.2021548,507098722.0203984
1500,1500,3.32e+50,445000.0,0.094,56.165,8.411,47.754,False,1.725,-0.133,2012-04-19 08:19:45.481,O5,"['H1', 'L1']",9.304880748176306,89.14150371241463,279.4888687574857,1023.2395881173212,88.24190101233268,235.08538394481928,575.5912652143575,2166440.7387063927,8262058.109424019,41718642.56404964
1501,1501,1.2200000000000002e+52,386000.0,0.082,61.282,23.482,37.8,False,3.285,1.139,2011-12-07 22:09:17.104,O5,"['H1', 'K1', 'L1', 'V1']",9.675460776052162,1.844614142857624,6.1835465935384,24.334094113521243,85.67838365086106,227.99677929942527,554.494008926184,54655.83962948079,219544.99402147057,1291690.663107901
1502,1502,8.36e+49,41900.0,0.009,48.421,12.391,36.03,False,5.385,-1.089,2012-06-10 10:40:12.898,O5,"['H1', 'K1', 'L1', 'V1']",83.05191277076405,0.0120923481351238,0.0376597162798923,0.1266421420418568,3.042257477548389,8.107306589618425,19.89463163117621,0.1588840781728977,0.5770578298998662,2.530434932912173
1503,1503,3.09e+49,364000.0,0.078,46.592,24.765,21.827,False,0.527,-0.629,2012-06-01 21:14:14.265,O5,"['K1', 'V1']",10.25093511483775,651.714643945083,3058.7333816248874,9713.218284698169,61.35244417584789,163.03963768297825,394.6944679653779,6324734.618868087,30992593.88746407,141308441.97936305
1504,1504,3.3099999999999995e+51,703000.0,0.144,14.449,17.217,-2.767999999999999,True,6.258,0.944,2012-05-23 21:37:46.890,O5,"['H1', 'K1', 'L1', 'V1']",9.254680888787012,5.143434891690544,18.372350632238337,66.12893686806152,101.30548440388452,269.63278749225606,657.4606439141463,213532.161677538,876926.5099674033,4774827.871041496
1505,1505,2.63e+51,454000.0,0.096,37.977,19.309,18.668,False,6.145,-0.646,2012-02-21 12:27:01.135,O5,"['K1', 'L1', 'V1']",8.413164251603646,264.88648472055604,1948.5384737026568,15330.490859578817,171.22736281622736,453.53046123093634,1076.8048367445956,24914711.30112409,237195650.4210392,2937484936.9209385
1506,1506,1.1299999999999999e+51,574000.0,0.119,6.399,7.938,-1.5389999999999997,True,3.103,-1.079,2011-12-19 15:57:43.408,O5,"['H1', 'V1']",8.255305708154843,81.53696757069862,327.4387247755108,2447.056513395126,140.36438984984864,372.87960812472966,914.6165771024828,1976780.752012944,13852285.737857468,240487130.4719052
1507,1507,4.2000000000000003e+48,601000.0,0.124,37.686,15.187,22.499,False,4.223,0.693,2011-12-08 20:09:59.982,O5,"['H1', 'K1', 'L1', 'V1']",13.27524508529686,18.86916199247564,55.84200846676126,186.0379438442283,76.13290945626602,202.822008831118,494.8185823894535,452425.3031991375,1572275.915122674,7608438.177991698
1508,1508,2.09e+51,930000.0,0.185,14.821,12.032,2.789,False,4.165,-0.7,2011-12-14 02:39:49.066,O5,"['H1', 'K1']",8.359641941711311,578.7083121782208,3239.817996656556,14126.839659162895,128.65251059359014,341.3268500545357,818.2660191200669,32838497.838491403,188293975.71932343,976296347.2225044
1509,1509,5.680000000000001e+50,1840000.0,0.338,17.587,21.692,-4.105,True,1.351,-0.633,2012-02-02 14:57:34.799,O5,"['H1', 'K1', 'L1', 'V1']",8.016828669679816,264.13796971986426,1160.1717756416394,12359.58616413891,169.90698005243212,452.2970183022751,1102.0356376076,63622998.3538834,324370544.2291332,4292150635.9254417
1510,1510,3.59e+50,161000.0,0.035,76.317,23.579,52.73799999999999,False,6.008,-0.48,2011-12-11 04:36:09.479,O5,"['H1', 'K1', 'L1', 'V1']",12.27891398722111,3.956468823417774,19.075236586453528,177.38603903903015,87.45546915299576,243.54185433665623,560.7092576468749,62390.782282395776,312109.4234842623,3118824.16654204
1511,1511,5.73e+47,808000.0,0.163,1.864,24.557,-22.693,True,4.759,-0.888,2012-01-27 18:34:32.953,O5,"['H1', 'K1', 'L1', 'V1']",9.632720683890824,13.177688317380753,81.41582152950242,2146.392127237764,149.52484790649476,400.1233767261027,1008.9009292584824,1015187.7154006351,8428121.278991532,311577285.686436
1512,1512,1.0499999999999999e+51,409000.0,0.087,73.321,5.506,67.815,False,2.082,0.356,2011-12-10 11:40:46.617,O5,"['H1', 'K1', 'L1', 'V1']",10.45582205800777,18.28514575895824,205.38853011451525,1276.4212913395236,126.40274342793587,337.00406129022326,826.1830248379799,1406635.9672222328,16148076.812390056,128082741.98949516
1513,1513,4.1699999999999995e+51,684000.0,0.14,69.943,5.177,64.76599999999999,False,0.693,0.285,2011-12-02 04:49:05.056,O5,"['H1', 'K1', 'L1', 'V1']",8.850227615863389,170.06476480583402,569.8283890756546,2276.361370695882,159.38333623993572,424.0752983073686,1030.422009800157,27410555.631173827,110617166.54986183,581163675.7628552
1514,1514,3.9e+47,378000.0,0.08,45.831,13.395,32.43600000000001,False,0.817,0.096,2012-09-09 22:44:35.193,O5,"['H1', 'K1', 'L1', 'V1']",15.72520231633389,1.7483679530078484,5.566960814639343,20.15492342080076,40.12359230957389,106.88286732043662,261.4730963204251,13901.54922283364,52495.85292878338,256397.5621570404
1515,1515,3.3099999999999995e+51,699000.0,0.143,47.23,14.755,32.474999999999994,False,5.657,0.19,2011-12-05 04:40:00.011,O5,"['H1', 'K1', 'L1', 'V1']",8.022225972165565,96.71821118110758,599.7923616036406,7216.739513497884,171.48230678017444,453.7041672829098,1073.2418455473571,9823642.49494349,88373161.70703933,1823851306.9421191
1516,1516,2.63e+51,668000.0,0.137,37.863,9.853,28.01,False,4.785,-0.395,2012-03-03 03:03:33.784,O5,"['L1', 'V1']",8.17529660830749,403.94205026200336,1888.7721922468768,9481.437452810676,138.17222241597824,366.1401561878431,880.909864742636,20602680.675363854,119705486.27045847,855562335.5519587
1517,1517,7.150000000000001e+50,958000.0,0.19,22.54,14.852,7.687999999999999,False,2.76,1.01,2011-10-04 16:33:45.421,O5,"['H1', 'L1', 'V1']",8.669348539378477,98.46992823914162,349.18915756404306,1802.9621089863824,142.47516222196384,379.1536289074684,922.7605058570608,10256787.94329456,43579244.361641616,314261179.07159257
1518,1518,1.44e+48,183000.0,0.04,35.121,31.201,3.9200000000000017,False,1.573,-0.125,2012-03-20 06:04:33.452,O5,"['K1', 'L1']",14.40737004566934,23.034098427252665,75.64647930312836,673.7671004821241,35.01602863432856,97.3209974053577,275.64245119510383,31915.416333671124,134058.4483482398,3437104.66064221
1519,1519,3.58e+51,492000.0,0.103,21.086,9.467,11.618999999999998,False,1.166,0.602,2012-06-29 23:28:15.199,O5,"['H1', 'K1', 'L1', 'V1']",9.539703744251783,2.659600407583988,9.284814607326709,44.87288781148509,65.04254117818778,173.3297833125584,425.9722270125385,39466.07165005549,168708.18414691297,1236718.1039699214
1520,1520,4.54e+48,376000.0,0.08,35.633,26.426,9.207000000000004,False,3.86,-0.223,2012-01-08 04:35:46.331,O5,"['H1', 'K1', 'L1']",15.17478974876463,13.128953368903312,47.84041442268319,308.11316859294334,51.02328150862684,136.10966089393492,335.2725605392303,128630.6957572938,573565.1791573038,4695358.317688631
1521,1521,8.339999999999991e+50,1040000.0,0.205,14.937,21.382,-6.445000000000002,True,0.008,-0.012,2012-01-01 13:16:54.130,O5,"['H1', 'K1', 'L1', 'V1']",8.472091219179699,30.54027643260748,124.38328373836336,1573.298513938083,177.97592752438788,472.9199001752775,1138.870014389633,3761001.257778736,20308411.94090155,411001122.5049487
1522,1522,6.690000000000001e+46,593000.0,0.123,56.417,15.076,41.341,False,4.553,0.855,2011-12-19 15:39:08.732,O5,"['H1', 'V1']",8.033410609680237,76.42507872602285,378.79957110743993,5074.902228330216,132.18283752288812,351.7187766481219,855.3960737200068,3053796.948698403,17506541.381802786,491654561.4868386
1523,1523,1.43e+51,880000.0,0.176,33.54,8.517,25.023,False,6.187,0.142,2012-04-03 16:50:39.749,O5,"['K1', 'L1', 'V1']",8.853126465487064,249.46928203833343,1548.9490596582143,8415.631274685416,147.25002211832543,391.8607218622931,954.0133357171133,20815682.958422616,149580748.8971036,1139907205.7606118
1524,1524,6.61e+51,418000.0,0.089,63.15,26.652,36.498,False,5.848,0.664,2012-06-14 12:05:28.755,O5,"['H1', 'K1', 'L1', 'V1']",13.24928095075237,15.042784347013816,81.04743359942037,328.4465409715007,86.73414431781947,230.17685520386613,534.1868833396699,428415.7100337802,2124364.098745509,9820098.61571696
1525,1525,6.14e+50,5860000.0,0.887,77.525,15.092,62.43300000000001,False,4.131,-0.09,2012-06-10 12:58:50.177,O5,"['H1', 'K1', 'L1', 'V1']",8.105213666871384,61.21194340937132,599.6293050905181,12106.32391774411,210.6719418439527,560.5785025658711,1362.8833810069027,23414945.74134596,259659660.62974524,6170144635.852984
1526,1526,2.09e+51,7450000.0,1.078,79.373,9.705,69.668,False,3.123,-0.082,2012-08-20 22:54:02.882,O5,"['H1', 'K1', 'L1', 'V1']",8.129648176443864,205.19196691612217,1252.7364240269264,21144.873295725043,298.52682688994287,787.0561829615915,1836.680272468488,76726568.64797246,717708466.2730601,13852577866.978632
1527,1527,4.1699999999999995e+51,234000.0,0.051,52.021,14.635,37.386,False,1.094,0.199,2012-04-04 09:39:29.981,O5,"['K1', 'L1', 'V1']",14.40053727435142,3.907407604941644,12.491672954150394,42.92742660111389,34.78769150753271,92.74289667319636,227.90763033309588,19828.8210962838,76584.47792379679,371103.72379446216
1528,1528,1.9399999999999998e+51,1510000.0,0.285,36.251,14.961,21.29,False,3.362,-0.59,2012-02-03 00:25:20.392,O5,"['H1', 'K1', 'L1', 'V1']",8.981251190323997,37.09396783730793,222.88111153205685,1505.9493850649817,177.71296227939206,473.2364617353791,1155.5456623703244,7862718.275473681,51877882.22594439,457359036.2033018
1529,1529,1.67e+48,593000.0,0.123,23.919,4.632,19.287,False,2.342,0.305,2011-12-24 22:11:49.981,O5,"['H1', 'K1', 'L1', 'V1']",9.956549152949565,6.093036533664137,19.28126239634794,71.06204817079066,89.70881680875323,239.1054834090338,588.0820014379262,236333.69224639933,903334.4089393152,4771170.072539985
1530,1530,1.0499999999999999e+51,301000.0,0.065,67.763,12.89,54.873000000000005,False,3.357,0.669,2012-08-01 16:37:47.476,O5,"['H1', 'K1', 'V1']",9.958291473102248,8.658861957539127,41.168022791016114,304.54578089800947,93.07459164384602,248.1582869201665,615.2634152375979,285214.84007693245,1460805.8704721304,12389976.232273024
1531,1531,2.63e+51,843000.0,0.17,43.583,18.507,25.076,False,1.22,1.293,2011-10-09 11:26:15.368,O5,"['H1', 'K1', 'L1', 'V1']",10.01275086138846,16.92704985003519,144.609552420883,838.619642390116,137.2710343903426,365.6618677630637,893.5589160329466,1656324.3099102804,16301999.901386036,127088056.53434911
1532,1532,2.63e+51,478000.0,0.1,53.257,25.011,28.246,False,4.408,0.232,2011-12-18 06:16:58.025,O5,"['H1', 'K1', 'L1', 'V1']",11.76280855486916,12.518773652948742,39.12870354908187,137.7669808175442,79.9890459386358,213.7072789682292,525.1183064003031,251939.14914891368,912280.3449978172,4239527.308791142
1533,1533,1.95e+49,680000.0,0.139,33.287,11.788,21.499,False,5.356,0.248,2012-01-31 22:08:09.208,O5,"['H1', 'K1', 'V1']",8.1888124485211,163.29453312578562,985.8720033164236,5647.812962989931,138.49471593734427,369.0628501605048,907.7779940524848,11831579.320299326,86970169.99193098,731202868.4613194
1534,1534,2.27e+49,270000.0,0.058,68.647,9.641,59.00600000000001,False,3.703,0.986,2012-02-18 08:53:05.182,O5,"['H1', 'L1', 'V1']",15.20693421502079,0.6095347148291772,2.0353157993673303,9.908012812495585,44.14582592687288,117.97404030459036,295.75155567235475,6371.747348129135,25804.36085188388,181081.0391436295
1535,1535,9e+50,754000.0,0.153,46.531,27.41,19.121,False,0.101,-1.105,2012-04-30 04:25:01.902,O5,"['H1', 'L1', 'V1']",9.831186851621164,39.89256286087408,145.2210431054572,697.1375322720545,120.99724908033149,322.03217662435964,783.2311617897992,2889498.809590028,12725745.555380706,80273418.9146383
1536,1536,4.8800000000000005e+50,1070000.0,0.21,40.062,10.348,29.714,False,0.546,0.812,2012-03-31 19:06:13.080,O5,"['H1', 'L1', 'V1']",8.177946546978175,209.69575075194945,949.2913888894936,3767.3525820932814,172.29314745121087,458.5125243605266,1115.2013849365976,43336762.77642025,217931532.5431816,1133476938.7538538
1537,1537,1.8e+51,653000.0,0.134,25.256,12.41,12.846,False,3.746,0.27,2012-09-03 18:02:48.470,O5,"['H1', 'L1', 'V1']",9.480692170811231,3.545383089789314,13.186592091098754,164.3286584230883,89.08735368234784,238.8530122116585,613.0620141260902,103945.24433830706,495124.5984987419,11109545.268176485
1538,1538,2.63e+52,596000.0,0.123,22.45,6.829,15.621,False,3.669,-0.208,2012-03-11 13:59:30.197,O5,"['H1', 'K1', 'L1', 'V1']",11.43703502581726,4.901603930644956,15.78265110667533,60.05705455808295,67.77641596723322,180.61275433862065,443.5620753531971,100022.8054683453,382554.466664416,2092688.4016076743
1539,1539,3.07e+51,667000.0,0.137,66.923,29.184,37.739,False,1.967,0.953,2012-01-10 10:11:39.812,O5,"['H1', 'L1', 'V1']",9.424460598586183,23.39646243202192,92.52070329667649,400.0336994895276,125.69554717470088,334.5851623206479,815.1715419277459,1750468.4338305304,8012704.110120851,47906572.73848814
1540,1540,1.14e+47,527000.0,0.11,60.446,33.615,26.831,False,1.631,-0.562,2012-02-07 18:22:24.868,O5,"['H1', 'K1', 'L1']",9.500462939882814,30.817478646322645,125.12996036779133,1092.4604826739326,127.20633173255408,337.8082247273329,811.5433883362875,2395036.2589403894,11468693.415113674,109550375.91752656
1541,1541,1.8e+49,667000.0,0.137,50.569,14.596,35.973,False,3.615,0.674,2011-09-14 05:49:51.455,O5,"['H1', 'L1', 'V1']",8.231932407302434,41.16122526034477,275.66408036427526,2164.3454491320813,162.66198285071198,434.09815926042,1061.2886208966863,2329880.079621456,19479154.37552789,358469422.6940444
1542,1542,1.05e+50,348000.0,0.074,50.376,19.174,31.202,False,3.981,-0.767,2011-11-09 06:13:07.515,O5,"['H1', 'K1']",11.34732684469365,934.0753168543044,3210.0558977222868,10494.147085294306,67.92863518015787,180.52163128358893,434.5276746325608,11792559.51767934,47371795.22986175,187146145.76229456
1543,1543,5.26e+50,333000.0,0.071,35.461,16.735,18.726,False,4.118,0.269,2012-04-14 08:29:32.904,O5,"['H1', 'K1', 'L1', 'V1']",22.39778756632797,0.5959931773128924,1.8898273353965835,6.745655851105496,31.527499597260487,84.03865925569363,206.49033163076948,2766.5786124269684,10344.766758521564,49014.26606615254
1544,1544,1.94e+50,932000.0,0.186,18.803,8.971,9.832,False,2.936,1.065,2012-05-20 05:32:22.317,O5,"['H1', 'K1', 'L1']",9.541166989994451,21.506828561837604,93.67945649786245,546.2984919401305,107.21955116245532,285.27267863933264,693.1273966103336,1285245.0229347348,6083178.307318508,46247333.17364842
1545,1545,1.2300000000000002e+50,604000.0,0.125,35.873,11.598,24.275,False,2.989,0.045,2012-03-13 06:45:38.682,O5,"['K1', 'L1', 'V1']",8.644871711728351,21.99806322997336,68.81721338989935,348.6839935757459,116.40941581782975,311.2570884714818,781.4186403761337,1086511.5724829002,4432711.761779082,39886137.718955845
1546,1546,2.6599999999999997e+47,458000.0,0.096,70.793,17.506,53.287000000000006,False,4.346,0.506,2012-01-11 17:09:46.549,O5,"['H1', 'L1', 'V1']",11.18997955760556,12.094154348587232,45.557911123480565,296.16814079881783,91.84112832949528,244.6148291363833,597.4208189840368,513866.1171195813,2274782.4256322766,19588521.77691714
1547,1547,3.86e+51,992000.0,0.196,40.319,18.002,22.317000000000004,False,1.408,-0.679,2011-10-24 23:31:48.785,O5,"['H1', 'K1', 'L1', 'V1']",8.48719513172343,291.2662099045669,3143.067074014345,26787.228497700675,165.53541450773946,441.1500647885126,1076.180466188383,47127828.26768655,655295672.1396748,5967110460.151921
1548,1548,7.8e+46,670000.0,0.137,28.235,7.926,20.309,False,3.29,0.873,2012-06-15 10:10:41.905,O5,"['H1', 'L1', 'V1']",8.287245675226016,76.98586629263653,434.35499889366974,6494.248737423628,160.62556524388845,426.35521677798056,1024.0933623836202,6081504.883303297,48118353.502209656,1116959348.9786088
1549,1549,7.17e+49,1000000.0,0.198,9.062,10.618,-1.556000000000001,True,0.284,0.516,2012-02-23 07:06:15.981,O5,"['H1', 'K1', 'L1', 'V1']",8.953864544422077,67.10934509850541,219.75200427399704,1152.3656943075289,126.16064627994352,338.8883063979232,881.4169747659295,3201368.087144902,13434307.827455867,144169986.9330579
1550,1550,2.85e+50,461000.0,0.097,40.664,12.638,28.026000000000003,False,5.71,-0.052,2012-01-16 09:12:00.889,O5,"['K1', 'L1', 'V1']",11.81912536258775,10.280135078245312,38.87660668851832,300.86122174299965,61.7339402467893,164.27507738923367,399.7662914702216,181638.175767993,840989.1240339825,6848759.392616592
1551,1551,2.27e+49,1580000.0,0.296,58.568,20.555,38.013,False,1.408,-0.25,2011-12-28 08:32:32.459,O5,"['H1', 'K1', 'L1', 'V1']",8.231153249558927,1628.4644720078695,8858.265309175511,29891.87459720068,144.4710105593672,384.85554705531126,941.1858136315832,376031407.2788886,2030268402.738758,7773550232.347869
1552,1552,1.2199999999999999e+51,693000.0,0.142,52.846,8.635,44.211,False,5.958,-0.324,2012-06-18 12:58:47.391,O5,"['H1', 'K1', 'L1', 'V1']",9.403641033197284,12.671365094289609,40.93408698519546,293.5742045915062,129.2188660508226,346.26979636829697,882.9357533525518,707642.1204378594,2950323.1574688824,38752520.06427547
1553,1553,7.150000000000001e+50,691000.0,0.141,22.428,24.674,-2.2459999999999987,True,2.557,0.615,2011-10-20 22:09:30.800,O5,"['H1', 'K1', 'L1', 'V1']",8.26119295642914,98.0586753635917,2662.141688633529,22669.13740903515,179.4877894379351,482.664144435716,1182.205201603888,12836994.074247736,523064627.131453,5296135202.966547
1554,1554,7.74e+49,975000.0,0.193,23.73,9.373,14.357,False,2.738,0.542,2011-10-08 18:53:23.041,O5,"['H1', 'K1', 'L1']",8.007809973370302,211.4389095587136,713.2618332434034,2779.2568137539542,154.67137555951456,410.6018100859777,985.4495786900015,24656912.27759536,90032781.4713955,431975050.8815468
1555,1555,1.8e+51,376000.0,0.08,20.479,7.887,12.592,False,2.476,0.7,2011-12-11 21:51:51.865,O5,"['H1', 'L1', 'V1']",13.65521418148692,2.0972668087849087,6.78139212800909,25.86264835752829,39.3732801275475,104.87736128099168,256.45924232964256,11301.051959684472,43658.02954236709,225975.8142030427
1556,1556,2.1e+50,709000.0,0.145,63.233,16.231,47.002,False,5.327,-0.855,2011-12-03 13:41:59.342,O5,"['H1', 'K1', 'L1', 'V1']",8.25055425417198,82.89413393171004,279.93211404023543,7018.20615846925,155.82324177656642,414.3536379603877,1003.6605945909016,11689941.203897484,47664620.06947463,1600293313.7014062
1557,1557,1.67e+49,568000.0,0.118,41.765,8.318,33.447,False,5.579,-0.203,2012-08-10 23:47:04.409,O5,"['H1', 'K1', 'L1', 'V1']",8.04572037143663,33.112688343245125,137.1220095927555,4441.282274205466,150.5033198925163,401.2727590612766,977.2303893067516,2505783.0622243327,13600552.411205497,885014669.3844215
1558,1558,4.1900000000000004e+49,130000.0,0.029,65.336,8.505,56.831,False,1.87,-0.396,2012-02-22 13:01:34.729,O5,"['H1', 'K1']",17.83660254601979,127.12609171394833,482.5946044120862,3225.4027936357534,32.255470103325024,85.92194328361145,210.1493123534591,280071.597169354,1354774.740964261,9916991.858987808
1559,1559,2.84e+51,930000.0,0.185,17.818,18.623,-0.8049999999999997,True,5.242,1.117,2011-10-26 00:30:23.458,O5,"['H1', 'K1', 'L1', 'V1']",11.19950903718841,7.053809763025557,36.65806374952358,439.9799229484624,96.8425796869402,258.60942663615344,641.5903545874764,306763.8231388588,1940165.864793734,30440332.53383689
1560,1560,1.54e+50,255000.0,0.055,46.645,12.557,34.088,False,0.968,0.478,2012-08-31 16:56:47.378,O5,"['H1', 'K1', 'L1']",15.48213440575797,4.796860123489075,15.609150339806725,61.62363163697511,29.932809686968625,79.9611218794333,199.35858898444803,12393.741546832558,47993.59146469328,253143.0075598973
1561,1561,9.72e+50,725000.0,0.148,44.955,12.241,32.714,False,0.143,-0.51,2012-08-28 19:34:09.186,O5,"['H1', 'K1']",9.132538505045908,855.0259952982273,3444.529417777143,12028.776075281708,103.11735093563618,273.1378264508941,651.1711002068122,28031102.391797688,127379845.94045693,540741722.8562808
1562,1562,2.2599999999999998e+51,849000.0,0.171,7.508,5.419,2.0890000000000004,False,2.347,-0.142,2011-11-08 04:30:45.681,O5,"['H1', 'L1', 'V1']",8.872082988392458,16.54041856410043,53.63874494027389,247.14898607010832,108.06241157822512,288.39387177902347,716.4180046553201,900689.2560958668,3632379.262920897,26646257.586916424
1563,1563,2.09e+51,1070000.0,0.21,51.654,10.301,41.353,False,2.337,0.32,2012-03-23 06:23:18.626,O5,"['H1', 'K1', 'L1', 'V1']",8.587904607641814,85.04087236975013,479.7424618896696,2686.797175734592,151.96554063968983,404.306001684163,981.7184101453996,14115860.695274146,83325027.53193292,641545974.9199849
1564,1564,1.3199999999999999e+51,573000.0,0.119,47.374,13.902,33.472,False,3.245,1.109,2012-02-28 05:44:28.518,O5,"['H1', 'K1', 'L1']",10.86143586988178,79.63527991479154,276.70528964544894,995.7430384120856,101.71936679526893,270.3938898080514,652.4702778228354,4014455.6112775737,14900426.229611456,61376857.4263464
1565,1565,9.72e+50,2480000.0,0.436,35.227,5.946,29.281,False,3.072,0.36,2012-05-04 23:48:19.268,O5,"['H1', 'K1', 'L1', 'V1']",8.161874003121648,858.8397412561171,4912.755688389018,27886.60002328784,187.20978467777127,501.0965233135337,1249.1241969697671,198563127.782644,1513907043.6536794,9057745442.82852
1566,1566,5.29e+48,937000.0,0.187,42.814,9.331,33.483000000000004,False,6.256,0.815,2012-09-06 08:12:16.651,O5,"['H1', 'L1', 'V1']",8.722232413276748,71.7758678488484,266.3771951645137,1169.096513746096,156.9071463291789,417.4263305668062,1013.0359077664676,9886854.234642956,43862947.82196072,259914912.29621124
1567,1567,2.65e+48,439000.0,0.093,47.73,16.637,31.093,False,0.921,0.682,2012-06-11 23:21:51.872,O5,"['H1', 'K1', 'L1', 'V1']",9.8341482184814,1.8325687227088496,6.159209417420712,25.48048398719168,76.64379734138197,204.27678222396509,502.6961976936216,38690.1537889595,158453.1874989764,1019809.3108009492
1568,1568,4.520000000000001e+50,10800000.0,1.457,23.256,18.628,4.628,False,2.295,0.511,2012-04-10 22:25:25.303,O5,"['H1', 'K1', 'L1', 'V1']",8.187047453164157,3253.820505105321,12252.249599210369,32337.396370876097,251.41967478903325,669.9438671526946,1641.4774927755566,2442480364.267862,9334760394.951077,28216941239.28456
1569,1569,3.3099999999999995e+51,652000.0,0.134,22.127,20.209,1.918,False,5.854,0.826,2012-06-26 13:30:32.579,O5,"['H1', 'K1', 'L1']",11.2858894321057,37.098851358415885,142.12349179742893,642.2172631589922,87.30819285796406,232.4671978196178,564.7176122122346,1285274.445290298,5050727.544449882,28114187.62118288
1570,1570,9.749999999999987e+49,312000.0,0.067,54.488,23.155,31.333,False,2.244,-0.461,2011-11-18 08:20:50.203,O5,"['H1', 'L1']",9.059768964513568,122.76964217647432,384.6190328462547,1395.085080525409,68.27269946893676,182.9031849705529,465.01517295792223,1391115.9048114824,5415537.001607105,34595020.90687976
1571,1571,1.0499999999999999e+51,163000.0,0.036,67.739,12.018,55.721,False,1.063,-0.672,2011-10-02 05:18:39.273,O5,"['H1', 'K1', 'L1', 'V1']",18.03534515584544,0.3479576365301656,1.086334702359267,3.6841740676347774,27.661256806331465,73.62504358337529,179.19667613456687,657.837400924432,2426.364066424189,11133.107253802553
1572,1572,3.59e+50,858000.0,0.172,40.559,13.323,27.236,False,4.985,0.964,2012-06-14 09:14:31.985,O5,"['H1', 'K1', 'L1', 'V1']",10.37002394605908,24.76900973612355,151.2021650977956,1136.137110331268,131.97769180006765,351.5495001127291,859.6242220568023,2349787.2616966693,18031949.47799877,160074554.37132466
1573,1573,5.680000000000001e+50,331000.0,0.071,24.793,23.046,1.747,False,3.899,-0.763,2012-06-12 03:19:01.936,O5,"['K1', 'L1']",9.160836695077435,27.005266771592165,94.7421203317754,369.70528305884426,54.82573230545893,146.41020180495394,365.0625486155328,172929.89034414256,819039.0175815489,4487532.598813549
1574,1574,1.43e+51,646000.0,0.133,34.682,15.772,18.910000000000004,False,2.835,-0.753,2012-04-21 15:56:40.931,O5,"['H1', 'K1', 'L1']",12.74414527759508,63.30545591707036,239.76683738787105,950.2426749828896,77.45166147738564,205.7993079550402,494.7929287379952,1572159.0938908495,6522059.937818957,27774933.34359388
1575,1575,2.6400000000000003e+50,778000.0,0.158,64.975,12.566,52.40899999999999,False,3.924,1.049,2012-08-17 21:25:49.919,O5,"['H1', 'K1', 'L1', 'V1']",8.72364993333852,294.2342507851414,1102.6555099134378,3875.587621245601,151.03888996667126,402.1497968372821,980.300123028375,42270497.94106384,173695876.967982,813354553.0561616
1576,1576,1.05e+49,5510000.0,0.844,31.018,30.388,0.629999999999999,False,3.47,0.544,2012-03-05 23:16:54.389,O5,"['H1', 'K1', 'L1', 'V1']",8.682208278542584,998.6736665199396,7946.443895582833,29497.04632078132,215.8157073538016,575.5011792513835,1414.827943664666,507150211.70712894,4057864364.463546,16784124884.773085
1577,1577,1.43e+51,353000.0,0.075,67.804,15.06,52.744,False,5.204,0.049,2012-04-27 14:23:24.656,O5,"['H1', 'K1', 'L1', 'V1']",9.15131458882656,28.586689404052468,94.25588319439696,452.9858951697303,120.90361851281124,322.7703168051811,800.8848250203484,1559425.507383349,6299640.398107558,50355545.47745295
1578,1578,2.4399999999999998e+51,1290000.0,0.248,40.444,13.428,27.016,False,1.191,0.147,2011-12-15 05:08:59.754,O5,"['H1', 'K1', 'L1', 'V1']",8.049432845525901,229.2672959392829,2084.211003832912,19131.9016308251,165.8907584666497,441.803479537328,1078.1783744362388,48587332.423875146,509903331.42898464,5472057058.642387
1579,1579,1.43e+51,698000.0,0.143,11.709,18.681,-6.972000000000001,True,2.388,1.113,2012-05-14 08:08:46.667,O5,"['H1', 'K1', 'L1', 'V1']",10.99429653402516,1.2288245412850616,4.011357667961185,16.573194419517012,77.68755009409176,206.73683342923056,502.6421112762403,32600.45831484873,126309.23893022444,749936.2890275999
1580,1580,3.59e+50,414000.0,0.088,19.642,22.139,-2.497,True,5.853,0.538,2012-04-25 12:56:11.175,O5,['L1'],13.01904357315945,2849.7293191447466,8563.80681149001,25090.33392234356,57.991548509844506,152.54723266412176,354.170971585802,23905320.62222124,64116693.62543787,163021292.77456263
1581,1581,2.1e+50,477000.0,0.1,62.588,5.593,56.995000000000005,False,4.948,0.578,2012-08-07 14:41:06.611,O5,"['H1', 'L1']",8.251571035990123,160.61266829221094,609.1513501380934,3222.456952308956,109.88392012555528,294.2882019120919,746.5614062412282,5966425.742695331,27310541.94825796,224894171.3324104
1582,1582,2.45e+50,549000.0,0.114,41.855,14.28,27.575,False,2.816,-1.404,2012-05-30 20:03:58.795,O5,"['H1', 'K1', 'L1']",9.586013087340772,97.40622989032806,331.29192937093745,1556.0151652365455,122.94613669593286,326.88553697883845,790.5670827308566,5855990.382462463,22829539.445614293,133503170.31314243
1583,1583,7.719999999999991e+50,561000.0,0.117,24.419,18.048,6.371000000000002,False,4.068,-0.29,2012-06-28 13:16:05.275,O5,"['K1', 'L1']",11.53159894928805,828.9593097689076,2834.3819485484696,9822.962163315651,65.35926064552979,173.70598998718918,418.2808930119413,11028582.34750112,43033790.99990416,173948679.94154486
1584,1584,3.61e+47,830000.0,0.167,19.533,17.45,2.083000000000002,False,5.858,-0.355,2011-10-10 11:49:00.512,O5,"['H1', 'K1', 'L1', 'V1']",8.543892354654153,16.285119707532125,73.54154455338734,1282.4922642844556,152.92444032491642,407.6248438725663,997.02005644894,1499688.9155203684,9023937.59270788,241339918.13526368
1585,1585,6.66e+48,1690000.0,0.314,30.797,5.95,24.847,False,3.568,0.674,2011-12-08 13:35:43.896,O5,"['H1', 'K1', 'L1', 'V1']",8.288451516095382,96.52750189662116,447.90460840214416,3558.7252616006244,165.99869203660887,441.5618595543247,1071.1776065677786,18084380.061994657,97209543.70246787,1002646739.8588694
1586,1586,2.2600000000000003e+50,547000.0,0.114,42.301,25.518,16.783,False,1.178,0.386,2012-09-09 11:43:36.924,O5,"['H1', 'K1', 'V1']",8.961648139671217,175.02949571141042,891.0579178079989,5414.438425553027,124.58508960845133,331.99566595994406,816.0646274211895,10973364.708712604,69805383.84850696,545835181.7738659
1587,1587,1.55e+49,736000.0,0.15,50.641,22.529,28.112,False,0.127,0.796,2012-08-01 13:20:59.515,O5,"['H1', 'V1']",8.429313009600659,455.85994155466176,1496.3371510991135,6508.593103084854,141.67884908037684,377.5007369701141,917.9302235963823,33928377.24706415,134916123.7938055,743007091.569501
1588,1588,2.63e+51,778000.0,0.158,42.202,22.961,19.241,False,2.726,0.894,2011-10-01 17:28:55.751,O5,"['H1', 'K1', 'L1', 'V1']",9.437716493494737,72.89659877020108,413.6207068468376,2285.9112671990747,153.67424475972905,409.0817281972234,996.2645355929144,10431259.849743957,69390273.07678103,464912915.3151607
1589,1589,6.150000000000001e+49,946000.0,0.188,18.481,19.309,-0.8279999999999994,True,0.639,-1.231,2011-09-15 01:41:08.141,O5,"['H1', 'K1', 'L1', 'V1']",10.12861092395548,3.479993593990333,14.473916738254829,203.5966770271008,110.1774111545651,293.44834524577686,717.7521406297552,188083.1158564096,967650.5596841816,20407012.21727421
1590,1590,3.6e+49,7350000.0,1.066,86.601,13.118,73.483,False,2.591,-1.279,2012-09-11 12:19:03.081,O5,"['H1', 'K1', 'L1', 'V1']",8.162719618885912,2924.8812453705555,10581.794344661012,30348.64934512289,223.59328747475752,595.5183594332113,1455.5329881142814,1528407417.7943711,5964432488.728074,20462012030.25605
1591,1591,2.2599999999999998e+51,367000.0,0.078,49.182,12.587,36.595,False,4.356,-0.386,2012-07-03 01:41:29.029,O5,"['H1', 'K1', 'L1']",9.580160477030416,11.16437505010107,34.803742266941015,123.2101972840484,66.67345523125374,177.83228220325168,438.98350358581166,191148.5159751227,720326.294262659,3750821.597778056
1592,1592,1.43e+51,494000.0,0.104,38.18,7.699,30.481,False,1.501,1.127,2012-07-18 22:45:02.277,O5,"['H1', 'V1']",10.82916239891844,28.555536857057938,119.8518013697525,777.4546192353737,73.60088168608655,195.23361188822287,468.5898018909862,481196.1142201796,2458998.615017101,20007989.800715487
1593,1593,2.4399999999999998e+51,488000.0,0.102,34.351,8.7,25.651,False,6.207,-1.152,2012-02-15 20:53:30.416,O5,"['H1', 'K1', 'V1']",9.443555593994184,6.949138406007712,25.51634077709,315.4827712397262,105.38729797607164,282.93186059865485,715.5277209115552,207515.4302023983,1021860.8431318952,23963024.946656715
1594,1594,2.84e+51,390000.0,0.083,63.091,16.293,46.798,False,2.126,-0.577,2011-12-03 01:01:34.974,O5,"['H1', 'K1', 'L1', 'V1']",10.40339968721669,29.72687683991358,94.43520069687668,372.2039507167353,106.81147976401871,284.5662285686784,696.4638099841678,1464718.3136477228,5863058.619811495,35473116.87218857
1595,1595,4.18e+50,484000.0,0.102,59.389,14.962,44.42700000000001,False,0.61,-0.128,2012-08-20 15:52:40.350,O5,"['H1', 'K1', 'L1', 'V1']",9.155598515599968,5.104617869266133,18.25380781971103,164.39799336915553,99.54740216884,265.7773198029811,662.0031624810384,214584.2017465605,969730.8417350628,14138898.404120415
1596,1596,2.6400000000000003e+50,922000.0,0.184,19.958,25.691,-5.7330000000000005,True,0.363,0.869,2012-04-02 02:01:21.052,O5,"['H1', 'K1', 'L1', 'V1']",9.351719375600172,15.055248090719004,50.28882924481849,386.8464468724511,145.01403648257178,386.81000348917246,955.4821281170156,889015.3541653189,3795417.56882024,54730574.43860081
1597,1597,6.119999999999999e+51,310000.0,0.067,11.02,7.578,3.442,False,5.947,-0.383,2012-02-24 05:31:00.295,O5,"['H1', 'L1', 'V1']",22.68269600778715,0.4571702339525709,1.4397648152066704,4.946303903306236,27.133738146516293,72.30961708946722,177.48116922274212,1465.3953044604416,5409.785836803847,24554.728754241
1598,1598,1.24e+47,571000.0,0.119,70.776,18.227,52.54899999999999,False,4.844,1.044,2012-05-01 09:28:31.325,O5,"['H1', 'K1', 'L1', 'V1']",9.123137242828808,48.31848587075184,240.4105356864117,1117.568072934751,154.9030587317376,412.2552524028207,1002.9102172178532,7327817.241360481,39895670.014234304,242640516.97320297
1599,1599,2.2599999999999998e+51,980000.0,0.194,42.827,19.088,23.739,False,5.086,-1.409,2012-06-22 01:15:59.425,O5,"['H1', 'L1', 'V1']",8.11457884033504,130.32699738286908,530.4128417517283,5600.330781094057,171.0439090219229,454.77498546611,1100.5432305665793,22938231.20487956,113520605.14890628,1635081420.6272738
1600,1600,1.43e+50,662000.0,0.136,11.82,37.801,-25.981,True,5.728,-0.698,2012-05-11 21:23:59.950,O5,"['H1', 'K1', 'L1']",12.30722336496058,39.41526186798622,134.33960876076003,684.8892788926685,71.6224380361744,190.20142458825268,458.6895032283959,764516.4090876918,3096220.498765481,18172277.43182001
1601,1601,9.7e+51,288000.0,0.062,20.681,12.994,7.687000000000001,False,2.553,-0.784,2011-10-04 03:10:59.055,O5,"['K1', 'L1', 'V1']",21.88940893179198,1.2441261234691632,4.038946126400542,14.882542025889446,23.22984358133104,61.952041030909015,152.76830038270307,2713.395679246247,10184.987746977478,49998.44101872822
1602,1602,1.54e+50,704000.0,0.144,11.957,16.948,-4.991,True,3.167,-0.235,2012-09-02 23:19:36.642,O5,"['H1', 'K1', 'L1', 'V1']",9.399226272991134,26.73178242586088,85.53319878391365,445.9281138500684,111.83959204157668,298.5234108290598,740.8155648417114,1323976.288417432,5304302.853139661,44117113.4407184
1603,1603,3.09e+49,755000.0,0.153,74.765,7.727,67.038,False,0.702,0.094,2012-03-15 09:06:31.101,O5,"['H1', 'K1', 'L1', 'V1']",8.3150558304068,238.811754441864,873.2404032633042,5581.05402368918,166.15351268876384,441.4349579920588,1063.0051398027374,32553983.166175123,144575752.69405589,1285489275.219969
1604,1604,8.38e+48,618000.0,0.128,58.158,8.56,49.598,False,2.334,-0.236,2011-12-11 21:53:37.567,O5,"['H1', 'K1', 'L1', 'V1']",9.067031791839396,66.56359664807673,282.70884081334947,1723.3276349432094,157.74854033091094,419.5700834946331,1016.601716972585,8732864.242244462,44329380.4682103,371123584.30112416
1605,1605,7.14e+51,502000.0,0.105,59.434,17.717,41.717,False,0.388,0.044,2011-12-22 06:51:43.545,O5,"['H1', 'K1', 'L1', 'V1']",8.905237372737085,8.495171902710046,38.575352235560494,511.2160536684872,125.56554673005768,336.06461422085624,846.0583367964393,432023.19949680247,2718182.82906942,62408800.156152
1606,1606,1.43e+51,481000.0,0.101,27.586,9.475,18.111,False,4.481,-0.786,2012-05-09 16:36:07.311,O5,"['H1', 'L1', 'V1']",13.31815394949154,1.4494904879843526,4.735435577215826,21.50290439784896,54.64063067581537,145.62590922633393,357.77695097181487,25334.293227813167,99202.49900934164,621970.3299136566
1607,1607,1.93e+52,669000.0,0.137,30.306,5.756,24.55,False,0.629,1.174,2012-01-15 06:57:02.322,O5,"['H1', 'K1', 'L1', 'V1']",10.65135355794519,2.427990403476369,10.194571948777194,70.54912924348682,91.79393290640746,244.4920274385911,597.9245021632162,96527.5315317753,471819.26845425897,4844130.358077126
1608,1608,3.87e+50,355000.0,0.076,37.826,11.593,26.233,False,0.282,-0.421,2012-01-01 13:39:45.667,O5,"['H1', 'K1', 'L1', 'V1']",21.24224674680439,1.9114232110173288,6.332706752595299,26.230812165201577,40.432596772105455,108.03109199513256,266.4927917004309,11132.222616645631,42290.05812983652,215551.6696402201
1609,1609,3.59e+50,1160000.0,0.226,11.825,20.566,-8.741,True,2.885,0.299,2012-06-20 22:28:38.898,O5,"['H1', 'L1', 'V1']",8.525909210076511,10.944024877776808,51.606074162065575,818.4507729769239,153.43469024211015,408.634321667876,998.1905861058513,1438427.2725015385,8382736.653433728,168529661.0673953
1610,1610,9e+50,935000.0,0.186,7.937,7.519,0.4180000000000001,False,5.894,0.683,2012-07-07 07:31:24.625,O5,"['L1', 'V1']",8.65547301958972,45.766810804816906,186.12065787066413,1886.0916420817423,128.46276085404725,341.79276691100983,834.2860113014366,2673504.306221643,12497404.925042609,198911485.4899456
1611,1611,7.17e+49,656000.0,0.135,44.455,28.85,15.604999999999997,False,5.275,-0.1,2012-05-15 21:16:09.422,O5,"['K1', 'L1', 'V1']",9.832815269357194,610.95619790868,2134.5199031962024,7893.455887254353,125.22782715165432,333.7181715489497,816.7974003969114,27413073.42655397,119121219.6263257,570895793.8587648
1612,1612,8.420000000000001e+46,556000.0,0.116,42.074,25.953,16.121,False,4.9,0.297,2012-07-13 09:00:50.281,O5,"['K1', 'L1', 'V1']",10.54153781855907,5.466759468005465,18.4004123064711,135.69970034774093,66.4773296625612,178.6862050756115,476.8000745467208,81611.41665739739,340477.9996968194,5011298.058616553
1613,1613,4.1900000000000004e+49,473000.0,0.099,21.52,18.612,2.9080000000000013,False,5.896,-1.011,2011-11-07 01:47:30.964,O5,"['H1', 'L1']",9.342113921762184,121.34461362939024,451.5246287389268,1926.0775051577896,109.17123420579026,287.7260943986863,677.5455768189187,4735782.3005871,17671752.165907685,91873342.62944631
1614,1614,2.85e+50,288000.0,0.062,32.179,11.189,20.99,False,3.137,0.494,2012-07-28 01:58:33.327,O5,"['H1', 'V1']",14.7995090786758,29.769246902200933,110.1072620477869,449.1217737315651,35.72716030511651,95.50434737937638,239.47365268144,140760.68966084058,609934.7391555978,3182340.368099874
1615,1615,9.749999999999987e+49,341000.0,0.073,44.283,11.284,32.999,False,3.601,0.633,2012-01-25 13:23:15.816,O5,"['H1', 'K1', 'L1', 'V1']",18.74788578476435,8.465312220085668,25.39454504595535,77.86086584407933,45.136020304281374,120.29860976215356,294.201179463597,63391.60961232807,220218.5550716793,887240.7609603552
1616,1616,4.520000000000001e+50,1040000.0,0.205,8.549,15.159,-6.610000000000001,True,4.173,0.202,2011-10-22 20:40:06.643,O5,"['H1', 'K1', 'L1', 'V1']",9.988688724918433,5.692088972257305,23.00532974443133,206.9237105616224,127.64185864425065,340.0782391945444,832.795464109919,484214.92645151407,2470828.244655671,34741929.330303416
1617,1617,1.94e+50,895000.0,0.179,28.524,9.15,19.374,False,3.429,0.187,2012-06-13 20:35:16.587,O5,"['H1', 'K1', 'L1', 'V1']",8.741294095002445,15.20103865446951,55.76282318614364,6943.859324624857,163.5208295989438,436.3527276130859,1064.7154850442207,1356021.1302752022,7062306.154906943,1641013963.5986912
1618,1618,1.23e+48,61600.0,0.014,42.261,11.325,30.936000000000003,False,2.207,-0.873,2012-04-07 10:39:38.967,O5,"['H1', 'K1', 'L1', 'V1']",92.5433670664442,0.0160503813808334,0.0498266891540125,0.1640103319287451,3.715875064254135,10.198253920821736,26.66413952125181,0.2899642684594,1.150498413564235,5.403955564684053
1619,1619,3.3300000000000003e+49,319000.0,0.068,41.402,12.424,28.978,False,2.105,0.611,2012-04-08 03:05:12.331,O5,"['H1', 'L1', 'V1']",21.24257625213179,5.231324290042467,16.903389836600617,55.02041580884087,36.5503960385945,97.37197693966334,236.3388019065158,23754.354412805045,87711.0883601209,392585.2433356028
1620,1620,4.91e+47,123000.0,0.027,64.57,27.046,37.524,False,4.206,-0.303,2012-07-03 22:12:14.086,O5,"['H1', 'K1', 'L1', 'V1']",19.77984629198046,0.4763251043307066,1.493343059601958,5.142540765049692,16.416908222843517,43.75577593821984,107.44469935380675,388.4655741757427,1437.9768989152649,6610.380182341815
1621,1621,1.66e+51,315000.0,0.068,60.474,8.805,51.669,False,4.157,1.043,2011-09-16 19:59:17.909,O5,"['H1', 'K1', 'L1', 'V1']",13.46024859280554,0.9297901655241092,3.430284278782913,15.033074376313929,52.92969672244431,140.99698308783087,345.1189340420823,14935.307993596329,65086.13333472219,362677.43496843154
1622,1622,3.07e+51,332000.0,0.071,78.204,33.08,45.124,False,4.272,0.662,2011-11-03 19:08:22.730,O5,"['H1', 'L1', 'V1']",13.55778111219752,5.167652814112998,22.658118760893995,248.219456435305,67.81679241013404,180.89155671282367,444.3135779906286,116999.3653276441,614200.2492738554,6948106.02610167
1623,1623,6.64e+49,819000.0,0.165,29.986,5.786,24.200000000000003,False,4.075,1.378,2012-02-16 13:10:34.617,O5,"['H1', 'K1', 'L1', 'V1']",8.340078517326853,56.56310561493343,229.51854307235948,1445.811098854887,164.77461737331237,438.418135938603,1064.7865447065988,8993670.98538533,45243069.47961637,370434913.983818
1624,1624,2.09e+51,1070000.0,0.21,43.322,7.128,36.194,False,1.249,-1.083,2012-09-08 21:00:29.673,O5,"['H1', 'K1', 'L1', 'V1']",8.594190676655163,53.691176255304725,392.653059092891,2539.6949282237824,159.58784956828526,424.8231468807456,1034.9616508833913,9524384.02761069,76223960.8740443,635956868.9837997
1625,1625,4.18e+50,327000.0,0.07,69.849,22.672,47.17700000000001,False,3.867,0.897,2012-05-03 06:26:05.371,O5,"['H1', 'K1', 'V1']",10.19131719286567,4.654766946235977,17.134305345360122,118.84889036336618,68.18015978065364,181.7533392277877,448.4726379601764,83003.40714949936,401150.9860300351,3829372.91338244
1626,1626,1.3199999999999999e+51,290000.0,0.063,46.128,13.738,32.39,False,4.267,-0.929,2012-04-19 02:59:18.573,O5,"['K1', 'L1', 'V1']",11.37882055665199,0.6812605632223452,2.178741537267096,8.307233713206408,45.61207512731909,121.35274448654002,294.70585748620704,4420.226587611668,17099.145392009017,93514.8472558524
1627,1627,4.2000000000000003e+48,598000.0,0.124,19.827,44.453,-24.626,True,2.928,0.413,2012-07-31 09:14:48.138,O5,"['H1', 'K1', 'L1', 'V1']",10.05863661743309,3.2724347000483167,10.44118748170022,50.29265052939677,70.50576726431791,188.18994163938865,468.0789615681316,66905.2457166848,265379.45038126246,1997088.537603245
1628,1628,6.63e+50,194000.0,0.042,89.881,9.056,80.825,False,0.643,0.158,2012-06-10 04:01:06.712,O5,"['H1', 'K1', 'L1', 'V1']",16.45419262154988,5.412402152362406,16.759115262631095,59.227343367715626,33.59356809393637,93.8321778162271,265.98635602655395,10855.027431844472,42813.04557143197,278333.72387733427
1629,1629,1.05e+50,308000.0,0.066,46.489,40.343,6.145999999999994,False,3.392,0.507,2011-11-30 03:43:24.532,O5,"['H1', 'K1', 'L1', 'V1']",10.49533275102531,3.203853459797495,11.833043573808975,87.49963030217874,83.18998627676751,223.0882147936924,577.9321970839454,48825.0651561318,220050.49560196765,2834467.0872919657
1630,1630,1.8e+51,1140000.0,0.222,28.147,20.822,7.324999999999999,False,3.473,-0.882,2012-01-17 01:23:24.165,O5,"['H1', 'K1', 'L1', 'V1']",8.149643371542505,93.19409372509207,312.5269190267843,4656.8182685672455,168.14314740881832,447.4533149994013,1089.2660144101114,17382498.561323926,71781114.4763935,1387953243.6428714
1631,1631,2.43e+52,1110000.0,0.217,39.087,18.457,20.630000000000003,False,2.08,-1.234,2012-08-17 13:27:01.029,O5,"['H1', 'K1', 'L1', 'V1']",8.715955097279508,16.471327426832584,100.76229902369715,2944.841142947447,177.92822020899007,473.4361109152885,1149.2207019309567,2526021.30946812,20468077.17941733,848697352.7333242
1632,1632,7.209999999999999e+47,663000.0,0.136,49.381,12.886,36.495000000000005,False,6.253,0.431,2012-06-21 08:32:28.125,O5,"['K1', 'L1', 'V1']",8.132082326789027,57.46500304211102,348.43016898409854,4479.764723027941,163.35108388113144,434.264613742553,1050.9017713890998,4063172.7460023416,35579715.342815176,880326153.7104965
1633,1633,1.2199999999999999e+51,316000.0,0.068,67.144,15.98,51.164,False,2.096,-0.403,2011-11-05 10:16:36.965,O5,"['K1', 'L1', 'V1']",8.737219360499564,20.71821552793357,98.09093947095732,1260.196482307431,117.0613562274168,314.2766084705228,784.9886939319455,849949.9004184535,4704492.48914023,104702615.86304957
1634,1634,2.2600000000000003e+50,1140000.0,0.222,65.318,13.39,51.928,False,3.995,-0.209,2012-02-24 00:48:22.228,O5,"['H1', 'K1', 'L1', 'V1']",8.063712527092543,182.98762200643367,691.8023048009468,4726.4057497705935,164.14219052943054,436.8441219253443,1063.5750015076871,38369712.61117423,168877973.93695065,1522954029.5452156
1635,1635,4.91e+47,330000.0,0.071,48.848,9.023,39.825,False,3.321,-0.093,2012-02-20 00:53:04.570,O5,"['H1', 'K1']",9.33218067670674,1343.954358246565,4356.6140447040825,12944.6171551962,97.57270064509794,259.1841575619285,623.4266779219056,40409102.81503999,146642005.37753528,531275465.4531054
1636,1636,9e+50,285000.0,0.061,11.22,11.974,-0.7539999999999996,True,6.225,0.79,2011-12-25 20:17:16.827,O5,"['H1', 'L1', 'V1']",28.232750563716,0.1850825634209805,0.5791235415830751,1.9711753273509345,18.131619456010128,48.35620182110986,119.33003916656484,288.1264616529393,1061.939046055101,4841.845634203824
1637,1637,1.66e+51,610000.0,0.126,48.309,9.144,39.165,False,6.078,0.255,2012-03-14 06:10:00.990,O5,"['H1', 'K1', 'L1', 'V1']",9.749942268463558,5.006964070810294,22.92038599469052,553.9854253167332,103.789313642794,278.5901421848082,715.9189432265963,217861.8916857817,1310829.6522891342,56885624.162571065
1638,1638,4.5000000000000006e+51,626000.0,0.129,21.385,17.201,4.184000000000001,False,3.448,0.103,2011-11-10 10:46:18.335,O5,"['K1', 'V1']",8.064588168064372,1861.5944534358084,5391.77974200642,14111.139115129505,120.96847621194308,321.0643384394363,769.2894389413972,74435616.67417797,258206271.1172373,955147376.8989654
1639,1639,1.9399999999999998e+51,365000.0,0.078,69.091,4.248,64.84299999999999,False,3.675,0.934,2012-02-25 06:25:47.917,O5,"['H1', 'L1']",8.050262564919434,252.4841901847008,1243.3325228680803,4734.227907697001,157.62708971559505,418.3246925403806,998.4287324676897,26998904.55451976,135767337.34253976,615507307.5264206
1640,1640,3.09e+49,671000.0,0.138,35.0,22.814,12.186,False,4.985,0.147,2011-09-24 02:25:12.179,O5,"['H1', 'K1', 'L1']",10.43920399314635,37.91044144048303,229.1428020128349,991.9452862733466,102.78118274385564,273.5604366149365,662.8550369914776,1569165.820888653,11725320.472694954,60602740.0464211
1641,1641,2.4399999999999998e+51,515000.0,0.108,25.991,13.945,12.046,False,1.733,-0.775,2012-03-08 11:10:38.547,O5,"['H1', 'K1', 'L1', 'V1']",14.75973242374844,0.6966920095043504,2.156623969399786,7.238166351871036,48.52146675751766,129.19972989680394,315.372560031512,9275.417828437056,33940.025766200495,154581.20039224453
1642,1642,9.72e+50,215000.0,0.047,22.921,25.629,-2.708000000000002,True,3.508,-0.445,2012-04-08 01:16:07.883,O5,"['K1', 'L1', 'V1']",15.59889063623211,2.981915891559535,9.560820779424352,37.363540373106886,24.612751892152943,65.66727181013857,156.10101389008344,3422.954491803748,13081.675311232397,61339.2670320696
1643,1643,1.55e+49,443000.0,0.094,51.677,12.191,39.486,False,0.439,0.385,2012-04-29 08:58:33.343,O5,"['H1', 'K1', 'V1']",8.283217975059486,185.8767754189564,753.4241723845902,5893.915596580307,151.22109445174078,403.7375160694993,1003.167491161172,11429475.257980583,62967243.61975371,891727071.4841228
1644,1644,9e+50,1070000.0,0.21,46.525,9.212,37.313,False,2.01,-0.329,2012-04-27 05:11:04.412,O5,"['H1', 'K1', 'L1', 'V1']",8.273788777930589,21.74783515279381,96.28771164025426,7734.3145347435375,165.79551915523666,441.8685323111196,1074.821720411098,2198954.7083431664,12515278.542249843,1759590085.283661
1645,1645,8.339999999999991e+50,1290000.0,0.248,20.27,45.004,-24.734,True,2.974,-0.789,2012-02-10 20:16:36.243,O5,"['H1', 'K1', 'L1', 'V1']",9.418348981857196,9.855098182484095,52.3738525458984,567.1200505493551,146.53722272388836,390.4483005719768,957.3735758797136,1149602.7315369414,7394093.688508917,110242228.14401063
1646,1646,2.1e+50,777000.0,0.157,48.434,14.034,34.4,False,1.431,0.356,2012-08-28 08:29:46.287,O5,"['H1', 'L1', 'V1']",8.024315699919786,9.51293600979658,49.50479220736931,2874.570520282243,143.3589641710114,384.451151113353,968.153229730014,610638.2000289452,4615046.307406431,488294576.6007317
1647,1647,6.63e+50,332000.0,0.071,44.702,40.471,4.231000000000002,False,3.395,-0.125,2012-05-29 19:59:43.342,O5,"['K1', 'L1', 'V1']",9.20706706740718,24.773466426916684,99.21272689867791,368.88583402278783,85.73449381485557,227.98897088731007,553.7952656080602,732358.0380718294,2975416.333527234,14946914.8094021
1648,1648,8.36e+49,448000.0,0.094,17.127,40.706,-23.579000000000004,True,4.24,1.061,2011-11-22 00:39:35.012,O5,"['H1', 'V1']",11.36314936816871,19.765041955181577,73.37287863412267,416.6410132011488,63.09766599986477,168.14387020981036,410.8297418676121,305256.59678244544,1200977.500609262,8529437.286125964
1649,1649,4.18e+50,1120000.0,0.219,51.759,13.153,38.606,False,0.726,-0.712,2012-01-05 17:00:49.564,O5,"['H1', 'K1', 'L1', 'V1']",8.194973747226102,435.047022929001,1602.4607391548184,10372.965006571218,162.6736755890081,432.9429997757077,1053.4299746246886,86327105.67982355,379037090.62583447,3271875989.9785647
1650,1650,2.11e+48,679000.0,0.139,59.346,25.467,33.879,False,0.957,-0.835,2012-07-10 03:47:05.905,O5,"['H1', 'K1', 'L1']",8.978561593276673,185.5877416265708,594.3747359326239,2047.4458029100224,146.22950353644512,387.6613908404089,923.556540351497,16592503.768272828,59167278.48656629,257792061.2259065
1651,1651,3.89e+48,445000.0,0.094,75.393,11.923,63.47,False,2.162,0.098,2012-08-06 17:24:01.480,O5,"['K1', 'L1', 'V1']",8.998289960212235,51.81892347753672,298.52429646300504,3988.344686870852,124.04959889643726,330.4696216142139,810.8915115604186,3202553.541277554,20050562.02353324,407930850.0055239
1652,1652,3.87e+50,659000.0,0.135,28.87,13.73,15.14,False,2.639,0.463,2012-03-07 03:46:48.873,O5,"['H1', 'L1', 'V1']",11.74320499547791,2.7437673929325435,9.44072659131635,43.50428645358015,76.31179613601296,203.2443202634429,497.4887806337797,86752.75010970277,351537.1089360042,2238237.6270069
1653,1653,2.27e+49,1440000.0,0.273,29.095,9.81,19.285,False,1.503,-0.842,2011-12-26 19:10:29.704,O5,"['H1', 'K1', 'L1', 'V1']",8.356965009920232,94.05202567680207,373.1002555587893,2070.938248621924,182.25412627440247,484.8606567304762,1176.7605628486108,19377595.116965905,94226331.46407336,691898438.3149123
1654,1654,2.2599999999999998e+51,402000.0,0.085,64.049,24.347,39.702000000000005,False,5.796,0.726,2012-03-29 22:40:44.949,O5,"['H1', 'L1', 'V1']",8.098562414118128,35.45596016104954,173.94485920619786,2616.272284269898,159.67921026403394,426.5068557811773,1066.817577858165,2272286.681865029,17813001.758627824,397721453.54751134
1655,1655,3.07e+51,793000.0,0.16,38.316,11.313,27.003,False,0.109,1.275,2011-10-06 02:11:33.386,O5,"['H1', 'K1', 'L1', 'V1']",9.951055042108775,6.982311373423666,25.911545356075035,298.6007890636964,118.28600330406243,315.94934921190463,786.7930122541327,480074.3446227191,2227664.2272072555,40741880.33800875
1656,1656,1.23e+49,844000.0,0.17,62.513,15.63,46.883,False,4.793,-0.771,2011-11-06 12:41:52.251,O5,"['H1', 'L1']",8.053284632999638,198.73029486689265,707.0539432560136,2690.9034785621807,147.7155588386771,391.9355925244171,938.6850836413888,20122048.623402845,75262499.84317787,305127596.4618459
1657,1657,1.8e+50,980000.0,0.194,51.289,18.697,32.592,False,4.273,0.822,2012-01-28 12:23:58.050,O5,"['H1', 'K1', 'L1', 'V1']",8.489197353172727,115.5432202531982,809.8517728564399,4715.919217873853,158.81474286549314,422.8913624515542,1033.2186966476788,22505056.980526768,166158066.1660141,1266269384.6151645
1658,1658,3.88e+49,1430000.0,0.272,10.56,18.486,-7.926,True,5.54,0.975,2012-05-02 12:49:39.345,O5,"['H1', 'K1', 'L1', 'V1']",8.69250493095441,95.17642397568342,311.4144630859179,1103.7362170022895,157.55433035447584,419.0099700993525,1014.9449239324938,12871678.831976255,49998434.564539865,239083893.9633628
1659,1659,9.72e+50,753000.0,0.153,1.636,15.314,-13.678,True,2.315,0.063,2011-10-02 12:06:50.223,O5,"['H1', 'K1', 'L1']",8.192040213036861,67.13263988994555,213.62330597610784,872.1082465798281,118.5352586186242,315.75422141347326,773.8935832502593,3927236.230229844,14790697.88096372,84911355.01301284
1660,1660,2.86e+49,506000.0,0.106,58.902,6.301,52.601,False,4.432,1.386,2012-02-15 08:51:22.571,O5,"['H1', 'K1', 'L1', 'V1']",9.445588916262466,11.63558062089924,55.19302173139651,906.2523333600124,123.64285439641878,329.54483883906096,808.5746502747041,744929.8906081533,4711609.147062296,109347155.52364652
1661,1661,1.33e+48,474000.0,0.1,61.084,8.482,52.602,False,1.54,-0.196,2012-06-24 08:56:41.116,O5,"['H1', 'K1', 'L1', 'V1']",11.46527486987622,6.033848293226286,19.48450456086388,97.2280093169134,73.23418000875728,195.31130273869792,481.8273813582814,125048.64714201726,497015.6623958567,3505151.206900383
1662,1662,2.46e+48,560000.0,0.116,38.917,18.129,20.788,False,6.08,0.355,2012-07-03 10:52:25.588,O5,"['H1', 'K1', 'V1']",10.61867742577179,11.013519467995067,65.00526925511996,623.6328290405953,70.28069606616077,187.5445614585392,464.2280527516269,248824.9829925324,1638698.746659846,21865125.79161067
1663,1663,2.4399999999999998e+51,2300000.0,0.409,26.76,27.299,-0.5389999999999979,True,1.298,0.914,2012-05-31 19:41:32.888,O5,"['H1', 'K1', 'L1', 'V1']",8.240124607555327,294.9176949144494,1587.5809926175996,10481.46479814517,189.4833543217408,505.4021202025431,1244.511579765495,73618816.6795191,464683844.1655693,3984014499.5501695
1664,1664,2.63e+51,1090000.0,0.214,11.466,9.801,1.6649999999999991,False,1.065,1.045,2012-09-12 14:18:56.513,O5,"['H1', 'K1', 'L1', 'V1']",10.05346636353565,33.21227301753761,110.33082152127068,441.3460426798936,130.93848143914022,348.5319680926251,848.4842650199207,2724852.777670967,10388405.349887077,62187996.58859575
1665,1665,5.680000000000001e+50,877000.0,0.176,24.927,11.656,13.271,False,4.624,1.473,2011-09-30 18:59:10.152,O5,"['H1', 'K1', 'L1', 'V1']",9.124430044457146,436.018501671707,1921.9392742605503,22153.601592485484,181.0237118281932,482.30831623779954,1174.5328661052138,69955746.75645809,438494918.675568,5860338428.34554
1666,1666,9.78999999999999e+47,586000.0,0.121,43.863,13.481,30.382,False,4.862,0.097,2012-05-12 11:41:17.854,O5,"['H1', 'L1', 'V1']",9.951136169551756,51.63340243337135,197.6895456911249,1049.2716230534409,136.55784560425582,363.6767207232448,892.9579935431434,4454765.75979773,20058263.13026419,145418248.56307036
1667,1667,2.86e+49,891000.0,0.178,29.928,15.737,14.191,False,1.061,0.841,2012-04-09 18:07:37.965,O5,"['H1', 'K1', 'L1', 'V1']",10.82445621611482,1.9841731033407968,6.959815289503546,36.42622121702813,99.49998348402312,265.2947163417484,653.7936671927209,109596.72968753934,458259.0294550412,3312476.219567447
1668,1668,6.67e+47,280000.0,0.06,26.051,9.519,16.531999999999996,False,5.281,0.234,2012-02-05 14:56:28.009,O5,"['H1', 'L1']",17.71647271475866,22.19311965234018,76.69931661414415,327.83726388657493,32.97022106970593,87.79366943212784,214.38855666004,72204.33925922232,293969.9418595207,1420451.6880569546
1669,1669,3.09e+49,773000.0,0.157,35.57,16.971,18.599,False,5.64,0.277,2012-01-10 18:10:33.516,O5,"['H1', 'K1', 'L1', 'V1']",9.456930776891284,4.428885078289206,15.713795089387116,104.32382108648125,124.63348446306544,332.2201381426778,816.8741513759271,318888.6502875669,1418991.9923063952,15678795.642849376
1670,1670,2.45e+50,6940000.0,1.018,76.131,13.538,62.593,False,4.32,0.096,2011-12-10 01:17:51.957,O5,"['H1', 'K1', 'L1', 'V1']",8.062202756631894,1921.940597407492,8565.59875247278,29791.055196525995,220.36528670384428,587.565801851802,1443.580389847817,928838175.8790916,4604345616.096421,17625903378.40251
1671,1671,9e+50,8350000.0,1.182,58.47,9.852,48.618,False,0.42,0.117,2012-08-19 14:16:07.370,O5,"['H1', 'K1', 'L1', 'V1']",8.33729759578906,925.700729319438,6964.472855044266,29736.96711318717,247.36428318222303,659.4056584158975,1617.9722601949425,643377572.1876044,4888741231.814696,22443375745.45042
1672,1672,2.43e+52,1520000.0,0.287,48.696,20.035,28.661,False,6.092,-0.433,2011-10-28 15:46:13.962,O5,"['H1', 'K1', 'L1', 'V1']",8.663064943134033,199.89253913705187,1268.6151039273282,8302.924415625128,168.75612280020664,449.12205957834817,1092.4622662284503,40475049.90973076,293681714.94736207,2513762454.319387
1673,1673,3.08e+50,239000.0,0.052,26.56,11.724,14.836,False,4.208,0.028,2012-08-11 12:19:42.560,O5,"['H1', 'K1', 'V1']",18.01566036766113,4.5032307876042825,15.823004596141155,50.78563293942351,23.463010619508168,62.62076281539129,154.53589317136928,7879.884203842853,34504.8838751073,157019.6120892099
1674,1674,4.520000000000001e+50,6390000.0,0.952,60.518,24.101,36.417,False,5.978,0.667,2012-05-26 20:28:26.014,O5,"['H1', 'K1', 'L1', 'V1']",8.090454938269056,4200.149760103705,13753.736352192698,33756.56520415848,196.4514240894414,523.2279677953466,1278.4309135979645,2062295210.640596,7126717732.429246,20050882506.72769
1675,1675,5.26e+50,2110000.0,0.38,19.526,10.63,8.895999999999999,False,1.032,-0.182,2012-02-15 13:36:38.605,O5,"['H1', 'K1', 'L1', 'V1']",8.123579224389474,314.53970386548013,1326.9310748538194,6022.66540853025,173.6834088254475,462.24266999789234,1124.4014767714425,75778113.20545597,362039428.3757458,2129528748.309817
1676,1676,3.61e+48,435000.0,0.092,44.523,29.053,15.470000000000002,False,5.224,0.271,2012-01-21 17:00:25.350,O5,"['H1', 'L1', 'V1']",13.25154077985845,29.495774648337413,98.39932119505929,408.3764964938316,68.42600013915859,178.22740656806178,418.87958084068464,207033.0269330417,822526.7242423324,4538279.157258508
1677,1677,2.1e+50,697000.0,0.143,35.252,17.875,17.377000000000002,False,0.25,0.189,2012-08-22 00:03:39.177,O5,"['H1', 'K1', 'L1', 'V1']",9.28970431389602,25.335077818683622,90.49297097737352,336.4229909053829,119.13541965598596,317.5036721512306,779.0164159723619,1321436.9544009108,5776953.92497107,34694109.439920455
1678,1678,1.67e+49,2070000.0,0.374,54.126,19.986,34.14,False,2.57,-0.077,2012-03-10 16:07:55.260,O5,"['H1', 'K1', 'L1', 'V1']",8.018907689349408,55.07226203863478,596.1131714265434,12744.438000240803,177.18947744113666,471.714139928725,1149.6212793646075,12367435.694069818,158641544.3965949,4062852500.884648
1679,1679,1.81e+48,304000.0,0.065,63.469,11.575,51.894000000000005,False,4.158,0.68,2012-08-20 01:25:37.266,O5,"['H1', 'K1', 'L1', 'V1']",15.53171539763829,1.816530041817438,7.398858342170731,40.34431275682628,52.37099104353263,139.56948164157006,342.69565734436526,24706.87136180709,117546.40351183015,812554.6234890261
1680,1680,3.9e+47,8010000.0,1.143,52.356,6.248,46.108,False,1.948,0.739,2012-07-18 10:28:52.729,O5,"['H1', 'K1', 'L1', 'V1']",8.157152330000734,3028.6398762014155,11414.795983982129,31532.47982309156,206.21175280068064,550.0029939793308,1358.0386562272015,1557246395.266044,6039428229.599285,19152441678.89148
1681,1681,8.38e+48,887000.0,0.178,45.421,6.461,38.96,False,4.257,-0.66,2012-03-20 02:45:15.161,O5,"['H1', 'K1', 'L1', 'V1']",8.292972336945,241.58663991592127,1263.4317280635044,11733.920170576466,162.41593656633097,431.80368043636895,1044.4433985300243,34175318.61667036,211232145.92509443,2619018658.3255286
1682,1682,8.319999999999999e+51,574000.0,0.119,15.874,20.721,-4.847,True,0.935,1.215,2011-09-26 05:51:39.507,O5,"['H1', 'L1', 'V1']",12.08536153461284,1.670729807092291,6.182498971362021,24.77191559123355,65.1867958789287,173.58254986036735,423.8778341977418,43523.08176908475,173821.36880894125,919340.323336424
1683,1683,7.19e+48,423000.0,0.09,33.669,8.011,25.658,False,3.312,-0.37,2012-08-05 21:32:44.884,O5,"['K1', 'L1', 'V1']",10.71282351670427,66.53720290692974,357.31856072218085,3512.8401633593407,84.04486324803844,224.3157409489152,553.4732732168168,1902939.5638203323,11902049.151926195,120378945.696659
1684,1684,7.150000000000001e+50,664000.0,0.136,24.172,10.409,13.763,False,2.781,-0.554,2012-06-30 11:47:29.744,O5,"['H1', 'K1']",10.31040464933652,318.5039478635162,1173.1432258412449,8125.79295397554,90.24714761511432,237.3879147193136,551.457545935716,5928644.555503178,29139439.42924523,241242567.3493888
1685,1685,1.0499999999999999e+51,449000.0,0.095,22.525,7.413,15.111999999999998,False,1.79,-0.341,2011-09-17 18:03:39.240,O5,"['H1', 'K1', 'V1']",12.22619410499002,14.119198362191147,44.67333905761321,157.39617286152463,44.28268469431981,117.97767966724284,289.13757645452245,107052.99821048038,403849.52367109247,1966727.903340932
1686,1686,2.86e+48,573000.0,0.119,60.154,14.465,45.68900000000001,False,6.179,-0.088,2011-12-26 13:21:51.197,O5,"['H1', 'K1', 'L1']",8.275356805165861,157.79034727426324,606.2928134682277,2733.4255432624045,156.8409104703336,416.37760949405424,997.7923278534817,17384596.8817503,74740686.69607289,414399662.68142486
1687,1687,1.4200000000000001e+52,631000.0,0.13,59.166,10.975,48.191,False,3.259,0.095,2012-04-20 08:14:39.806,O5,"['H1', 'K1', 'L1', 'V1']",8.332953698592643,204.07410984153185,931.3103064703702,5632.102449695482,160.9661578482103,428.2439167428308,1039.8782987889508,35278206.91633311,196339730.6950985,1486263044.3425565
1688,1688,2.65e+49,2090000.0,0.377,19.458,10.521,8.936999999999998,False,5.637,-0.151,2012-06-22 23:00:01.720,O5,"['H1', 'K1', 'L1', 'V1']",8.241677341947836,1431.8460151574554,8220.242693602,30149.96488533175,169.348403263323,451.8053829109329,1113.6877163683232,407668813.1176735,2498196961.3004785,9948320245.4493
1689,1689,3.9e+47,441000.0,0.093,39.458,13.658,25.8,False,5.506,-0.447,2012-01-14 05:08:19.610,O5,"['L1', 'V1']",11.88626975710885,9.79879626317825,31.429798965997225,144.32287922017954,51.26479602793728,136.7044575579547,337.89245444197195,94515.43486561616,358828.13219346624,2224445.4882758767
1690,1690,7.209999999999999e+47,10100000.0,1.38,44.097,11.818,32.279,False,6.093,0.449,2012-04-12 13:57:07.877,O5,"['H1', 'K1', 'L1', 'V1']",8.108550780787498,1359.3319783931772,7643.523229852115,29413.16811274379,255.86691566129684,681.6281493337881,1667.3540349408995,947034921.9597828,5580260399.36862,23865822561.39358
1691,1691,4.18e+50,480000.0,0.101,40.171,6.691,33.48,False,6.26,-0.196,2011-10-01 18:37:51.262,O5,"['K1', 'L1', 'V1']",11.35508050769519,18.981630525715687,67.31018452404194,1061.967609545437,70.6979332558796,188.72034550804483,464.89175427177406,348130.99114755134,1541216.9200395737,28174508.30689292
1692,1692,1.43e+51,890000.0,0.178,33.938,9.906,24.032000000000004,False,5.315,-0.13,2012-08-28 05:08:41.271,O5,"['H1', 'K1', 'L1', 'V1']",8.734386938286013,61.83799010338599,244.7604918113268,1761.849000393111,161.60046587411875,430.1508684611889,1048.249306611341,9648417.31668375,46135380.38428392,418153384.2717487
1693,1693,5.26e+50,601000.0,0.124,25.477,15.805,9.672,False,5.936,0.673,2012-02-27 19:46:40.039,O5,"['H1', 'L1', 'V1']",11.81907224326753,5.084146474535506,20.84201295208426,298.86070896771605,79.04500469280674,210.844973204868,519.0923658335032,143425.84138266183,767243.3936922128,13706176.16212595
1694,1694,9e+50,527000.0,0.11,60.808,23.22,37.588,False,4.311,0.137,2012-01-28 14:55:28.392,O5,"['H1', 'L1', 'V1']",10.49907459644767,7.956871520963586,33.76215777840631,296.9641130856952,95.80036368867036,255.18912405844435,624.2179331471498,348918.64400516904,1833584.39376557,22114450.33677288
1695,1695,9e+50,736000.0,0.15,42.898,5.987,36.911,False,3.88,-0.556,2012-07-21 14:10:24.577,O5,"['H1', 'K1']",8.235125426120742,850.0447870188978,3681.028242397047,14955.619512265315,134.79017983849428,357.2392910161318,851.0578681621155,56314882.19651457,251992114.5926412,1133751591.9547677
1696,1696,1.55e+49,1440000.0,0.273,32.036,10.685,21.351,False,1.767,0.867,2012-03-14 02:55:50.932,O5,"['H1', 'K1', 'L1']",8.518191461595043,235.560831139784,785.7497795276122,2670.550466279403,167.40386991038145,444.035242600085,1059.895147390177,32757232.47553623,115067211.58716618,464671727.4907067
1697,1697,7.17e+49,567000.0,0.118,39.69,10.565,29.125,False,0.984,1.046,2012-04-27 01:34:09.924,O5,"['H1', 'K1', 'L1', 'V1']",9.820870337940692,5.850363745940472,19.80816569583126,252.44264533402537,101.3403846745233,270.10718306419085,664.1684741046108,236302.2502369497,1040692.2418293952,20911377.703416426
1698,1698,5.26e+50,420000.0,0.089,80.49,16.776,63.714,False,4.18,-0.251,2012-05-27 17:56:34.337,O5,"['H1', 'K1', 'L1']",8.117939798998185,2331.9474531536584,8987.926084148337,29638.47190999112,155.71636982169116,415.27838248101307,1018.1026723657162,311279335.0132868,1425888171.821896,5780619190.9829
1699,1699,4.520000000000001e+50,1160000.0,0.226,31.512,6.495,25.017,False,3.616,-1.009,2011-10-03 11:00:37.736,O5,"['H1', 'K1', 'L1', 'V1']",8.887065635338104,17.036735983349114,78.38682304619941,1241.7107839741354,149.9556287363506,398.9442331710467,968.3566925314518,1971371.5200789813,11064865.193786502,241505328.8526408
1700,1700,1.0499999999999999e+51,897000.0,0.179,29.337,7.958,21.379,False,0.591,1.022,2011-12-10 08:48:48.051,O5,"['H1', 'K1', 'L1']",8.990267341045056,35.46100292883524,142.96154456030038,846.7661617320957,113.82972025380252,303.26782995605686,743.0266650587448,2025476.7471292205,9735304.396701377,80681614.89888859
1701,1701,1.43e+50,65500.0,0.015,67.438,7.26,60.178,False,1.708,-0.462,2012-05-31 07:02:17.864,O5,"['H1', 'K1', 'V1']",43.57103345188376,0.276131743650046,0.8620931909665335,2.9510142256171648,1.4004013942485614,3.788404414634769,10.843347701899532,2.9444318672017937,11.338750565604787,60.77184844401561
1702,1702,3.58e+51,451000.0,0.095,46.684,17.628,29.056,False,0.092,1.084,2012-03-30 06:13:23.897,O5,"['H1', 'K1', 'L1', 'V1']",9.515775264215243,3.71083075382272,13.990297046155666,55.98608102256925,84.7806034930826,226.38312626242293,567.9261297822648,99803.4770531942,416029.1576450953,2724406.649293076
1703,1703,6.63e+50,1070000.0,0.21,63.696,21.55,42.146,False,3.072,0.488,2011-12-10 09:17:34.001,O5,"['H1', 'K1', 'L1', 'V1']",8.411781606356497,174.11680644265434,1022.5936422782336,20657.36369449688,195.71044377717067,517.9110756178356,1217.2537638902324,22605871.826004434,212603649.2285496,5190176860.164808
1704,1704,6.17e+48,698000.0,0.143,22.583,6.713,15.869999999999996,False,3.443,-1.32,2011-11-02 21:00:42.398,O5,"['H1', 'K1', 'L1', 'V1']",8.311530340500617,17.77233568651478,255.59469489007083,1968.8459530059008,154.77711226969996,410.2187561412245,978.857737553712,1885601.635387892,36216179.6766394,414681123.6365429
1705,1705,4.5000000000000006e+51,233000.0,0.051,68.833,14.738,54.095,False,1.731,0.905,2012-08-04 19:51:27.622,O5,"['L1', 'V1']",9.446618882095414,109.60171012791533,570.2065212405337,4251.738598879381,82.48770519002119,218.6339292139483,524.942143225004,2694314.882091264,13455307.218528047,119691190.8115326
1706,1706,1.3199999999999999e+51,2480000.0,0.436,69.106,6.978,62.12799999999999,False,1.092,-0.505,2011-10-17 22:25:23.170,O5,"['H1', 'K1', 'L1', 'V1']",8.03980728863953,1907.7030862113768,8507.163331806747,29699.39069718768,159.4580774230442,425.3466393613969,1047.1777711443426,471846226.7070941,2341379099.192621,8987383789.605442
1707,1707,7.19e+48,642000.0,0.132,34.377,5.702,28.675000000000004,False,0.688,0.668,2012-08-18 09:43:53.309,O5,"['K1', 'L1', 'V1']",8.592079313595727,103.52221441346076,921.5701521058976,7318.738109328437,150.91764383995508,402.0726838489584,983.685413984458,11043332.159734683,118590958.84116104,1181896860.8913643
1708,1708,6.63e+50,710000.0,0.145,35.617,15.16,20.457,False,2.717,1.118,2011-12-25 13:08:53.319,O5,"['H1', 'L1', 'V1']",9.403718118372398,42.87323231316638,130.57929555957176,514.9567071375983,128.9850976518219,343.2953688863189,835.4926549458369,3121278.9040590287,11692075.432624027,70468449.86519502
1709,1709,1.67e+49,216000.0,0.047,88.862,13.268,75.594,False,1.086,-0.86,2012-08-18 10:49:18.616,O5,"['H1', 'L1', 'V1']",11.09764261799804,4.57564483744895,16.384742615827342,71.96055744454738,56.69460638014152,151.07178369608152,370.39263397500457,50344.90276078799,211540.68377121945,1402295.499659042
1710,1710,5.680000000000001e+50,633000.0,0.13,56.725,11.561,45.164,False,2.855,-0.225,2012-03-02 13:08:14.941,O5,"['H1', 'L1', 'V1']",8.71437969227341,8.975308595310075,59.27591614292397,1374.1148728712726,129.5728178516133,348.0429462829575,890.4705598940964,492702.3583193563,4587301.479741951,178387850.00525272
1711,1711,1.9399999999999998e+51,264000.0,0.057,30.86,13.358,17.502,False,2.577,1.22,2012-09-09 01:50:52.754,O5,"['H1', 'K1', 'V1']",15.23581818038601,0.6075355601041665,2.119264581980329,22.396381656190748,42.24881791910551,111.80714104109444,255.73586340915105,2406.497758835712,10369.234963607045,97364.41541159643
1712,1712,4.520000000000001e+50,7350000.0,1.066,44.33,19.084,25.246,False,2.719,-0.329,2011-10-21 14:07:20.601,O5,"['H1', 'K1', 'L1', 'V1']",8.002690186969216,3857.430081207273,12776.847700398,32565.957286731504,186.6946618810598,497.39109139052334,1217.5737146933036,1822070450.940044,6325664738.683578,18604939396.50885
1713,1713,5.680000000000001e+50,1190000.0,0.231,45.915,24.733,21.182,False,0.22,1.164,2011-12-11 02:33:52.245,O5,"['H1', 'L1', 'V1']",8.612258523139209,33.90912757019793,145.52284360002278,989.8962040109913,155.02954686056262,412.7459420704944,1006.6166419612642,4008741.45346011,22554518.590251587,212009293.95748857
1714,1714,1.54e+51,716000.0,0.146,47.906,13.249,34.657,False,0.443,-0.656,2012-07-02 05:01:36.184,O5,"['H1', 'L1', 'V1']",9.849978952977647,15.506317524666123,78.30033807827103,1054.0381657686528,128.02833486723512,341.7131562865733,844.6390161740374,1003506.0567938996,6317282.533726023,107781306.96686146
1715,1715,5.680000000000001e+50,1050000.0,0.207,62.6,24.843,37.757000000000005,False,2.569,1.299,2012-09-03 16:35:30.187,O5,"['H1', 'K1', 'L1', 'V1']",8.566784056399497,35.37096450086925,242.05300852458672,1683.4650095129684,162.16547277541576,431.5853256779121,1049.6455370168787,5464770.798744211,45460093.65655558,425532926.9255387
1716,1716,1.23e+49,8480000.0,1.197,70.874,21.244,49.63,False,3.826,-0.542,2012-03-18 19:01:12.691,O5,"['H1', 'K1', 'L1']",8.05589792010469,3206.0078898754823,13020.691458150406,33323.41161146138,264.6823487549864,706.2050205898736,1740.5659941379104,1690546341.7329686,7447587009.970424,22383095875.56095
1717,1717,1.44e+48,108000.0,0.024,47.458,20.108,27.35,False,3.676,0.638,2012-05-26 00:32:53.485,O5,"['H1', 'K1', 'L1', 'V1']",43.87102887790457,0.0750077713522676,0.2329377263964171,0.7779468348356405,8.586326005485745,22.864987637410124,55.81954437301012,18.613088864540817,67.63744113070403,296.01698692001315
1718,1718,1.54e+51,480000.0,0.101,0.438,9.604,-9.166,True,5.907,0.235,2012-02-08 06:19:37.695,O5,"['H1', 'L1']",12.3411482080035,82.20785259096705,254.6448577515937,867.5177471624628,47.78879578591932,127.40771344261908,313.2314703921987,636433.7877554103,2277759.871317716,9897692.56206945
1719,1719,3.3300000000000003e+49,954000.0,0.19,43.668,17.757,25.911,False,3.514,-1.063,2011-12-04 19:35:52.332,O5,"['H1', 'K1', 'L1', 'V1']",9.071512071563191,48.820583069154445,224.5423744156465,1774.154041781267,158.3296913919229,423.3750579017261,1069.0289937212483,3491742.712300749,19607321.920135982,284788014.0529615
1720,1720,5.6699999999999995e+51,226000.0,0.049,69.429,12.325,57.104,False,3.185,-0.581,2012-04-20 16:03:24.807,O5,"['H1', 'K1', 'L1', 'V1']",17.02457725283938,1.3160675922148877,4.385482807440642,17.10874748606316,43.26094124949253,115.21846712729509,281.5967448410833,13161.613838384068,52359.332841951786,266335.9388109874
1721,1721,2.84e+51,565000.0,0.117,25.607,22.644,2.963000000000001,False,3.897,-0.328,2012-03-17 22:36:16.816,O5,"['H1', 'K1', 'L1']",13.04784356242514,62.65517833001541,214.59750260397345,888.1260280519444,75.85002264920081,201.29789090222835,480.72920072279226,1144204.4238636133,4809416.364168006,23708955.879682392
1722,1722,2.4399999999999998e+51,430000.0,0.091,14.824,15.492,-0.668000000000001,True,1.743,1.244,2012-05-18 07:08:21.267,O5,"['H1', 'K1', 'L1', 'V1']",15.24440704585154,0.4965422960748104,1.6993987678832574,7.590530984270066,44.860875347982414,119.54905711895287,292.80928533156936,3838.56799359008,15734.121211711245,86424.18646695864
1723,1723,2.45e+50,384000.0,0.082,47.622,21.203,26.419,False,1.383,1.241,2011-10-04 10:08:27.729,O5,"['K1', 'V1']",8.31245382053489,671.334682512495,3460.961387368021,12547.666709753965,92.87541631631132,246.9609356146761,597.4304581080894,15856183.156306138,87032862.26780315,437266098.43841153
1724,1724,8.339999999999991e+50,407000.0,0.086,18.183,15.959,2.224,False,1.125,1.098,2012-03-05 21:23:24.934,O5,"['H1', 'K1', 'L1', 'V1']",17.78869405061441,0.9754505427640646,3.358963748166764,11.946881007238456,35.30372888412779,94.08470666756028,230.92159332411853,7281.71882455694,28063.871326326804,131466.49035329634
1725,1725,9.72e+50,1260000.0,0.243,38.602,29.636,8.965999999999998,False,6.127,0.075,2012-07-14 20:43:32.243,O5,"['H1', 'K1', 'L1', 'V1']",8.002070883050434,127.2219121240881,607.3124000127557,5704.834908305633,173.51433152876552,460.1959213626268,1100.6376068078666,19964748.142727908,114239503.2499946,1606290030.7408102
1726,1726,4.86e+51,969000.0,0.192,37.618,10.795,26.823,False,3.922,1.006,2012-03-25 10:48:07.049,O5,"['H1', 'K1', 'V1']",8.16046462484241,115.74173158833518,819.7335619633294,7135.08609019373,163.39359286066735,435.594411281014,1066.328895036337,10328279.651198495,104438461.30692188,1440646091.3527913
1727,1727,4.89e+49,701000.0,0.143,20.281,5.474,14.807,False,4.814,-0.021,2011-11-10 22:09:31.346,O5,"['H1', 'K1', 'L1', 'V1']",12.47056555344513,10.654154750331957,31.84801921022597,108.04720241299076,66.89022173244547,178.3890689015371,439.93301595746834,205754.84689331191,745875.8966386853,3573001.118161109
1728,1728,1.43e+49,638000.0,0.131,6.613,18.508,-11.895,True,3.777,0.87,2012-01-10 04:17:20.571,O5,"['H1', 'L1', 'V1']",8.264339652980407,170.8149973534885,614.8375718685369,4340.582077189823,152.81730442667833,407.79831511033376,1010.6279271785006,9247618.170015942,47252746.22162626,655136180.2956513
1729,1729,9.77e+48,397000.0,0.084,29.805,9.677,20.128,False,2.4,-0.831,2012-04-21 22:40:45.359,O5,"['H1', 'L1']",10.2812896483151,78.93606378449722,246.0890806737589,812.2186798274256,55.91361176394105,148.97987949331736,365.3629270677754,858159.0345265495,3216632.7294806,14930438.4043035
1730,1730,1.0499999999999999e+51,584000.0,0.121,40.565,7.421,33.144,False,2.277,0.373,2012-03-20 16:18:26.795,O5,"['H1', 'K1', 'L1', 'V1']",10.06866040450617,6.515775857907737,23.138193026926835,159.6995551224676,101.89054562966884,271.2522426390841,661.3710158411479,329663.072499644,1449323.574702899,13797070.2885597
1731,1731,1.54e+51,302000.0,0.065,41.367,7.228,34.139,False,2.996,0.811,2011-10-26 14:22:31.671,O5,"['H1', 'K1', 'L1', 'V1']",20.77289858703021,0.4943673414696819,1.55377268779375,5.416172061375435,30.77630219649984,81.99371828656666,200.8754719675941,2385.637534794706,8858.321877079288,41342.4130917183
1732,1732,5.28e+49,5180000.0,0.802,87.013,13.434,73.57900000000001,False,3.416,0.01,2011-12-18 08:38:23.199,O5,"['H1', 'K1', 'L1', 'V1']",8.032386490297583,3417.452848892224,12638.469842575963,33281.652024901174,185.0712616047706,493.1976819135798,1209.4324617062537,1306761182.226576,5035419155.269267,14962347612.33577
1733,1733,8.979999999999999e+51,592000.0,0.123,25.527,18.518,7.009,False,3.325,-1.108,2011-12-10 20:42:04.790,O5,"['H1', 'K1', 'L1', 'V1']",10.35621375087876,2.10846446497627,7.837485624411258,45.78163860756119,85.48187027810206,228.69065321931976,578.8420005103335,75829.78990040043,341579.8615857692,3159756.7967028227
1734,1734,2.65e+48,767000.0,0.156,41.123,27.232,13.890999999999998,False,4.354,-0.245,2012-03-25 01:12:01.463,O5,"['H1', 'L1', 'V1']",10.12275128230945,12.279344119044964,47.41720205182349,447.0279850555064,103.9538132634633,277.3930881170203,686.8919378303174,577326.0875408356,2795736.702826505,39595903.17121266
1735,1735,1.2199999999999999e+51,6920000.0,1.015,28.417,14.677,13.740000000000002,False,1.08,-0.055,2012-08-31 23:36:53.988,O5,"['H1', 'K1', 'L1', 'V1']",8.20647209372988,51.69688290219276,376.0099896933068,9621.372678197464,270.9401135415569,713.5878062556646,1662.6709121434778,13077223.099212991,155964649.9120052,5905705416.22907
1736,1736,3.59e+50,1040000.0,0.205,38.734,15.304,23.43,False,2.508,-1.117,2012-05-21 14:13:29.643,O5,"['H1', 'K1', 'L1', 'V1']",9.921948451928808,11.83176414281938,60.25687793153571,337.9831135866432,119.2932950500699,317.6973290016492,776.2188677427985,929806.6529692148,5220998.070558141,41835912.14457274
1737,1737,4.520000000000001e+50,242000.0,0.053,40.381,12.803,27.578,False,2.158,-1.169,2012-07-14 19:44:59.900,O5,"['H1', 'K1']",10.67719883544649,28.88366637553225,96.4431624797676,492.81654925738826,55.40574954167431,148.07536112315785,371.44014542125234,253843.1350134224,927404.7700784006,7356264.447560452
1738,1738,1.54e+51,653000.0,0.134,14.341,47.765,-33.424,True,3.115,0.544,2012-02-08 09:55:09.636,O5,"['K1', 'L1', 'V1']",10.24672377193905,36.17502555703364,123.32792854870846,1515.2475328290552,87.41561618592868,233.05944543921007,573.5023304170389,1265540.0139030358,5242197.97411181,78485965.32612588
1739,1739,2.09e+51,379000.0,0.081,69.651,6.169,63.482,False,1.763,0.1,2012-07-16 20:23:43.303,O5,"['H1', 'K1', 'L1', 'V1']",10.4349774607833,15.021740433468048,56.83952494850127,461.4388202003014,92.49781805314842,247.96468684223828,632.9800365510741,507920.1304422131,2293513.7866777265,35409025.31110491
1740,1740,9.77e+48,304000.0,0.065,50.776,26.753,24.023000000000003,False,1.77,-0.019,2012-07-27 19:06:35.227,O5,"['K1', 'L1', 'V1']",12.15714464236338,27.028853148619017,93.31124577493236,381.1814313727114,51.77991608723386,137.83912962264077,335.80392764010867,257657.28923047296,1058247.1805446683,5726136.060610725
1741,1741,7.7e+51,125000.0,0.028,39.108,9.73,29.378,False,5.235,-0.489,2012-02-27 12:59:33.786,O5,"['K1', 'V1']",15.60067758967875,4.709621181791274,13.844732845954375,44.877149868054985,17.16119327936687,45.76526257877185,112.8485961645692,1964.29235538932,7076.958703017112,33638.120294212655
1742,1742,9.72e+50,235000.0,0.051,13.417,17.466,-4.049000000000001,True,1.577,0.385,2011-10-24 09:06:13.697,O5,"['K1', 'L1', 'V1']",25.69241988814619,0.6084664199290232,1.9391066878891672,6.82363466112819,16.230255054817945,43.24805282701797,106.11559928954188,658.3814973845166,2469.54451017133,11651.979044513317
1743,1743,1.1299999999999999e+51,574000.0,0.119,26.296,12.718,13.578,False,2.696,0.376,2012-04-24 20:53:46.212,O5,"['K1', 'L1', 'V1']",10.78564679465685,11.41827399916444,37.26800896800032,189.23569353418063,72.03112008793784,192.4310934438268,480.8093724715008,236964.49457482045,919748.7527969148,5689847.888665711
1744,1744,3.59e+50,125000.0,0.028,47.424,7.557,39.867,False,6.088,-0.266,2012-06-18 00:17:43.006,O5,"['H1', 'K1', 'L1', 'V1']",46.59379305677798,0.1426013856842307,0.4465885307983416,1.5210463444418891,10.963563964248948,29.212252849105056,71.61074165242647,53.32975880784468,196.3792124044876,888.0086751152252
1745,1745,2.85e+50,873000.0,0.175,30.694,12.153,18.541,False,5.571,0.459,2012-03-13 23:08:45.708,O5,"['H1', 'K1', 'L1', 'V1']",8.771283532987367,5.710449916205909,25.704978432564104,565.3137816057439,141.92570006130666,390.24125130670063,1207.6659999287822,246329.9205002655,1451196.5206386524,193312198.2769766
1746,1746,4.520000000000001e+50,204000.0,0.045,76.806,14.196,62.61,False,1.201,0.661,2012-08-22 13:50:41.277,O5,"['H1', 'L1', 'V1']",20.31700688718418,1.528168912359945,5.992281279639663,29.93375478661813,36.74102502233035,98.13748948893544,243.8953408564768,8293.072148367855,38434.85946844466,231885.36804698405
1747,1747,2.1e+50,766000.0,0.155,19.422,10.393,9.029,False,5.232,0.742,2012-08-07 14:21:22.407,O5,"['H1', 'K1', 'L1', 'V1']",8.364021460022927,8.473216664059414,51.19164742598847,9172.08694598298,171.44230057729123,459.4023994798923,1107.3167472506932,609762.7524436098,5425718.687914735,1942129775.231092
1748,1748,2.2599999999999998e+51,1250000.0,0.241,42.752,40.396,2.3560000000000016,False,3.861,0.965,2011-11-10 18:50:53.077,O5,"['H1', 'L1', 'V1']",8.265036065318421,53.73237493323486,281.4464350282222,1703.4081170671166,150.1486407964045,399.4566413165235,969.3535868861104,6171829.953123572,39969927.411328346,321415045.0104881
1749,1749,9e+50,232000.0,0.05,59.05,15.658,43.392,False,5.445,0.274,2012-01-10 10:53:28.233,O5,"['H1', 'L1', 'V1']",15.42138219723281,3.3010108580393323,11.115909510976472,60.54918986133789,36.267483823302825,96.76586281009344,238.9420598071256,14069.895737373705,56974.94250777788,416613.9477382432
1750,1750,3.59e+50,669000.0,0.137,34.231,9.493,24.738,False,1.219,-0.996,2012-08-04 20:21:17.204,O5,"['H1', 'K1', 'L1', 'V1']",10.38463411277118,1.3714589866814864,4.867367172311265,35.42603387580977,90.28070541212082,241.82930497113296,624.2499401007194,47043.40651441407,207574.7957623984,2422358.2121000746
1751,1751,4.18e+50,2080000.0,0.376,14.935,8.207,6.728,False,0.011,-0.244,2012-01-17 08:07:58.156,O5,"['H1', 'K1', 'L1', 'V1']",8.144222370631661,629.8152737806142,4353.026344459013,26049.484554368595,191.75270956010468,510.5383426344463,1242.470582217927,177913463.50870675,1417271881.0446143,9495459202.523453
1752,1752,6.66e+48,769000.0,0.156,28.19,29.591,-1.4009999999999998,True,5.64,-0.484,2012-04-08 09:18:55.631,O5,"['H1', 'K1', 'V1']",8.576244149276436,6.562097419310403,37.073034214658286,523.3381984801961,119.5845798133854,323.7336144322604,880.4421416681519,243158.6012212694,1909937.562324188,63922850.98656411
1753,1753,3.86e+51,598000.0,0.124,83.11,8.662,74.448,False,3.379,-0.572,2012-05-05 19:54:11.620,O5,"['H1', 'K1', 'L1', 'V1']",8.603100236620302,41.91183441235055,176.94061464065632,1771.1497447552647,155.19292589979773,412.7754351645026,1000.3304585869928,5161085.789305274,27682662.792086896,371194178.5986816
1754,1754,7.17e+49,12200000.0,1.609,52.04,15.257,36.783,False,3.905,-0.749,2011-11-19 03:46:57.659,O5,"['H1', 'K1', 'L1', 'V1']",8.251251150577787,1603.2948247317186,8621.936130220647,30013.25261040756,262.26888540909977,699.0745933552519,1714.1698377287682,1229721687.2232418,6897750030.081799,26492544234.552723
1755,1755,1.54e+50,529000.0,0.11,19.26,9.886,9.374000000000002,False,0.378,-0.969,2012-01-03 11:57:27.718,O5,"['H1', 'K1', 'L1']",13.59684432956148,63.404539469813656,220.1288461089232,773.0066147598228,65.95139522489359,174.84797073235364,420.32647167790094,791092.4267667249,3539354.453366436,15981681.861456577
1756,1756,2.1099999999999998e+47,392000.0,0.083,51.948,28.378,23.57,False,1.812,1.249,2011-11-09 07:27:08.410,O5,"['H1', 'K1', 'L1']",13.55999791456278,51.58525369555873,245.99439484070663,1115.9409654614333,66.1883735501263,176.14878918657905,428.743191443816,922576.8315215808,4693268.682719984,22630946.8111046
1757,1757,2.65e+48,818000.0,0.165,14.252,26.362,-12.109999999999998,True,2.774,0.015,2012-07-05 09:03:36.036,O5,"['H1', 'K1', 'L1', 'V1']",9.455693441608169,18.44225193708269,63.83184987915544,509.6908639598316,123.24543645114238,328.4155653186868,805.4559930758169,1265945.241503581,5586702.610898791,63037919.672260135
1758,1758,1.4200000000000001e+52,554000.0,0.115,33.892,16.38,17.512000000000004,False,5.988,-0.63,2012-08-27 21:44:26.239,O5,"['K1', 'L1']",9.72129853619086,455.7995049889253,2567.8867102173103,11026.00774959914,86.29321700927596,229.64863044574625,557.9160174705625,9895261.8462397,68143534.41392325,380929763.7008108
1759,1759,1.9399999999999998e+51,1310000.0,0.252,37.747,33.74,4.006999999999998,False,1.862,-0.439,2012-01-21 17:21:07.331,O5,"['H1', 'K1', 'L1', 'V1']",8.379647868336964,57.00589371677234,349.08450949591384,3704.920594606907,164.4338052125911,437.2535062281253,1058.9701131862828,9044077.728394317,70051542.00333947,951266531.8452408
1760,1760,1.9399999999999998e+51,470000.0,0.099,42.307,7.994,34.313,False,1.164,-0.742,2012-06-04 20:51:05.205,O5,"['H1', 'K1', 'L1', 'V1']",9.021439624148682,63.72650632028749,285.98264144915925,2917.1600438796445,140.69360517326322,378.3113368998319,993.4718221866784,2877273.476099423,18393154.35640244,402855170.34040046
1761,1761,2.2599999999999998e+51,888000.0,0.178,34.763,11.37,23.393,False,5.235,-0.375,2011-10-31 12:03:58.429,O5,"['H1', 'K1', 'V1']",9.715287564803562,105.41315127157104,799.5480659448561,4966.337141610416,132.2273745320333,352.2840182268985,861.8903844951161,7232980.351340235,68231346.5942504,536968856.2569243
1762,1762,4.8800000000000005e+50,921000.0,0.184,7.145,10.739,-3.594000000000001,True,0.823,-0.718,2011-12-31 14:37:47.262,O5,"['H1', 'K1', 'L1', 'V1']",11.00876803007138,11.553550535296274,61.53331416440152,429.6209358726103,109.9767916955302,293.14598087478714,719.75606527763,789109.1912926835,4928529.6024854565,41113991.50063015
1763,1763,3.32e+50,11800000.0,1.566,81.438,11.538,69.9,False,1.571,-0.278,2011-10-27 08:59:48.396,O5,"['H1', 'K1', 'L1', 'V1']",8.054395419432124,1599.9922083859003,7369.029881764341,28206.528486027368,300.45901970616023,799.9719972358193,1948.95214673694,1297799592.010502,6687028398.487741,28887438124.997807
1764,1764,3.88e+49,628000.0,0.129,28.732,16.347,12.384999999999998,False,3.434,-0.38,2011-10-29 20:46:06.828,O5,"['H1', 'K1', 'L1', 'V1']",9.801750556849392,18.7642854195344,91.93621560912612,784.3596180250369,114.29198328065002,306.23077362789707,777.7224140267837,893476.3207699398,5539162.016057102,79747874.67506935
1765,1765,5.29e+48,171000.0,0.038,72.72,10.326,62.394,False,5.16,-0.241,2012-05-11 10:46:43.181,O5,"['H1', 'L1', 'V1']",18.40188040809116,3.567643187982205,11.78409731605209,57.69985111378025,36.7012632337032,98.07511637373536,242.04839238442392,11268.47049767424,43043.55849072591,232966.5053197489
1766,1766,7.719999999999991e+50,1060000.0,0.208,25.455,12.189,13.265999999999998,False,5.755,-0.502,2011-10-25 19:19:50.185,O5,"['H1', 'K1', 'L1']",8.552702092409511,22.85744378904509,80.53422503446865,760.5033662862929,131.9400518619899,351.2007165786795,856.0681025677858,1601567.9495921142,6953062.146224753,93896460.15093242
1767,1767,7.8e+46,238000.0,0.052,82.504,18.771,63.733,False,1.129,-0.229,2011-12-25 09:36:24.349,O5,"['H1', 'L1', 'V1']",10.18677966804267,9.686062733823098,33.57599992915404,157.17546533512686,96.14989274342912,252.7210455200963,589.0010336277309,122812.5452124478,579892.1906917098,4980045.475204332
1768,1768,4.18e+50,474000.0,0.1,48.708,19.112,29.596,False,3.66,1.004,2011-09-15 20:53:31.925,O5,"['H1', 'K1', 'V1']",11.70223406154072,17.20120960755909,67.72185407848467,300.95024999943774,65.38134292549239,174.56462589719018,436.3098691830994,353152.506603405,1573321.400074182,9092980.005878871
1769,1769,2.45e+50,405000.0,0.086,20.842,27.398,-6.556000000000001,True,1.082,0.083,2012-05-16 06:49:56.310,O5,"['H1', 'V1']",10.04110381027291,25.970575221424827,81.37015155999029,364.8643872259901,68.78851775502187,184.15554542000552,463.594707823308,353802.98978396645,1417956.2540704268,10876731.51291832
1770,1770,1.54e+52,263000.0,0.057,40.966,32.893,8.073,False,0.337,0.259,2011-10-07 19:49:15.363,O5,"['H1', 'K1', 'L1', 'V1']",16.47728922128808,1.6718620357530274,5.106339754872828,17.18527089293976,33.60515147989889,89.44387790668247,217.7758700594836,5944.700774499063,21498.63346910752,100519.43118641133
1771,1771,3.88e+49,572000.0,0.119,32.079,35.368,-3.289000000000001,True,5.196,-1.031,2012-06-18 23:32:01.314,O5,"['H1', 'L1', 'V1']",11.03084480663764,10.828132790951962,54.75808699551061,237.9541179545717,77.10054708188227,205.180145897634,499.146678628116,319111.2441268571,1668410.373102585,9824880.594569666
1772,1772,1.67e+50,238000.0,0.052,57.285,12.039,45.246,False,5.355,-0.623,2012-04-21 02:32:13.223,O5,['L1'],17.26208548532377,2796.15282667194,8418.413521813793,24841.903405421388,38.35552618061183,100.89535987284134,233.69173153769896,7741910.037911186,20763336.29646323,52763259.10935646
1773,1773,4.1900000000000004e+49,480000.0,0.101,48.578,8.718,39.86,False,1.945,-1.303,2011-09-15 21:37:23.451,O5,"['L1', 'V1']",9.493040070198711,15.269003921245226,54.20227122455896,280.3544319349676,79.63029878682153,212.6757892682496,529.8416794012288,414414.7187357177,1844097.127975434,13230176.588096822
1774,1774,1.2199999999999999e+51,436000.0,0.092,52.448,9.104,43.344,False,1.416,-0.239,2012-07-19 13:23:48.553,O5,"['H1', 'K1', 'L1', 'V1']",8.426472524497578,95.61160903887205,595.2429175311787,12112.070149718462,195.2204428385224,514.998764588609,1204.5642089065814,11601793.800527858,97730623.858171,3407799201.4951806
1775,1775,3.86e+51,307000.0,0.066,55.027,19.929,35.098,False,6.098,-0.281,2012-05-22 17:06:50.604,O5,"['H1', 'K1', 'L1', 'V1']",14.22700268715482,4.705364867669498,14.862756282345364,52.31585797401507,44.59629964606131,118.75868522278851,290.12253396775986,39320.80924488981,147419.1583702021,713069.7025700456
1776,1776,2.1e+50,613000.0,0.127,41.888,16.78,25.108,False,0.805,0.96,2012-09-10 08:50:17.346,O5,"['K1', 'L1', 'V1']",10.58083770831363,87.81638056275617,514.5241318608399,4710.071480994095,87.19352865142366,232.60968512973875,573.2593198576353,2775307.893333256,17590611.413885895,175604784.77388862
1777,1777,4.520000000000001e+50,717000.0,0.146,36.562,18.265,18.297,False,1.903,1.168,2012-08-23 20:00:47.099,O5,"['H1', 'K1', 'L1', 'V1']",10.40342423223162,10.93435667543297,47.17577612451926,453.5608043111544,122.22336264071316,325.71755672247207,798.6452042055571,760357.447208801,4255986.2013995545,45471374.7526377
1778,1778,1.54e+51,1060000.0,0.208,39.053,12.314,26.739,False,4.927,0.627,2012-01-12 16:45:13.313,O5,"['H1', 'L1', 'V1']",10.36366104170002,2.0028962157736245,6.84880307142082,40.11052277032604,129.63303667450575,345.8313042102594,866.4667297284166,134512.19065603535,568366.3038398428,4716500.62944104
1779,1779,7.719999999999991e+50,919000.0,0.183,21.754,35.12,-13.365999999999996,True,1.731,1.179,2011-11-20 15:09:42.993,O5,"['H1', 'K1', 'L1', 'V1']",8.7964741389725,4.971383833365666,23.98961878969036,637.032142167184,148.38659046082307,394.7551049791261,956.1045592108612,442990.1698966824,2792983.37927524,100926994.07235476
1780,1780,1.2199999999999999e+51,677000.0,0.139,64.545,21.496,43.04900000000001,False,2.482,-0.675,2012-07-07 08:30:30.372,O5,"['H1', 'K1', 'L1', 'V1']",8.044536743723981,122.59599485249194,520.9586309171233,2592.992844044426,146.3409836297319,389.3776379035904,946.1233460108812,18718238.06851523,87185046.8674866,594652862.1554496
1781,1781,2.1e+50,523000.0,0.109,56.906,38.797,18.109,False,5.649,0.954,2012-03-01 17:45:35.135,O5,"['H1', 'L1', 'V1']",10.02344566676646,27.994313186280312,122.90191777614676,689.4662221970888,109.62012482822227,292.0634453654867,715.9854880099626,1792158.1756342084,8626866.3873789,65070311.91355426
1782,1782,5.25e+51,684000.0,0.14,41.186,18.765,22.421,False,3.981,0.234,2012-01-28 17:21:36.743,O5,"['H1', 'K1', 'L1', 'V1']",10.1226181827178,17.739177282258233,54.14894935285479,207.9010425033137,95.99541122212965,256.41505763145767,641.7382905567398,735308.4356940547,2724556.8832735987,16572547.450305635
1783,1783,6.17e+48,253000.0,0.055,33.276,5.097,28.179,False,3.595,-0.441,2012-01-30 19:43:31.831,O5,"['K1', 'L1', 'V1']",20.55489634882817,0.6168761793485088,1.95050928969143,6.825574252691783,24.57108345980632,65.4450581777609,160.0297047309184,1215.166974807302,4539.98281988887,21259.832836721354
1784,1784,4.5300000000000003e+49,6130000.0,0.92,38.044,14.234,23.809999999999995,False,2.436,0.933,2012-03-21 17:06:51.318,O5,"['H1', 'K1', 'L1', 'V1']",8.1753433828156,1599.28705171679,7691.03305784102,28224.227870529765,218.3219493064712,583.3159448223187,1450.714747123481,718875662.3352042,3854817441.315599,15892051017.778427
1785,1785,2.6599999999999997e+47,636000.0,0.131,17.841,23.027,-5.186,True,5.863,-1.076,2012-06-15 16:05:16.830,O5,"['H1', 'L1', 'V1']",10.29004556058174,3.849071297716876,13.86032155483629,82.92718837668136,71.67062354956045,191.0849325773352,470.71118234932334,90834.36019247536,407368.1698239354,3228777.0420297603
1786,1786,1.14e+50,499000.0,0.105,32.202,11.477,20.725,False,0.324,0.787,2011-10-01 08:21:12.642,O5,"['K1', 'L1', 'V1']",12.30414064511236,14.942156569229343,57.19111878608607,341.581877486037,55.70439914519255,148.5053873832225,364.8276426644654,160164.53946610508,716757.2191953446,6719079.38417408
1787,1787,6.63e+50,491000.0,0.103,57.578,17.815,39.763000000000005,False,1.237,0.507,2012-02-24 15:52:58.676,O5,"['H1', 'K1', 'L1', 'V1']",8.310822449079398,271.7232526808897,2390.8525800577363,25856.52565958,183.6596899173851,489.795378976904,1187.0877131482628,42477450.96136496,582353741.3690252,6518727557.025403
1788,1788,6.63e+50,752000.0,0.153,55.937,23.125,32.812,False,0.171,-0.92,2012-05-12 01:20:07.769,O5,"['H1', 'K1', 'L1', 'V1']",8.783792258670399,49.70035080507515,256.7079800797126,2096.827844958273,153.04093362265462,407.3919747187026,992.706305686292,8232891.805419279,48611212.705994144,506353340.6115689
1789,1789,4.8800000000000005e+50,862000.0,0.173,21.738,10.727,11.011,False,6.08,0.921,2012-05-06 20:14:13.613,O5,"['H1', 'K1', 'L1', 'V1']",8.554402232718669,5.229239475705753,20.24488325374405,183.113368575482,127.57521476951058,339.78332342608314,831.1656247835034,333368.5072730808,1623699.1601770672,23797604.79582561
1790,1790,2.4399999999999998e+51,436000.0,0.092,38.207,3.939,34.268,False,1.003,-0.337,2012-03-24 11:22:49.762,O5,"['H1', 'K1', 'L1']",16.01501298209531,9.9454317265241,35.046022192049946,127.4499637747412,52.907585979133614,141.02151911848551,345.90474694610754,111061.82636065916,481963.3674498648,2473388.884581179
1791,1791,4.520000000000001e+50,205000.0,0.045,83.05,15.956,67.094,False,3.864,-0.101,2012-03-22 14:02:44.638,O5,"['H1', 'K1', 'L1', 'V1']",8.9290579936875,107.46166228428626,515.5253687780148,4462.5263647683305,170.1836967249112,447.9946479064377,1031.483598501335,3710087.142170684,33345906.14371673,639750127.5985683
1792,1792,7.77999999999999e+47,767000.0,0.156,52.285,10.761,41.524,False,2.422,-0.267,2011-10-21 00:22:37.343,O5,"['H1', 'K1', 'L1', 'V1']",8.633644347236356,31.9452552011459,181.1312621788891,1708.6707546219686,155.31069614845055,413.27160698044736,1003.4879276739224,4202349.766740887,27386308.99250764,327565716.73825544
1793,1793,7.12e+52,1090000.0,0.214,49.823,19.986,29.837,False,4.869,-0.696,2012-08-25 16:26:16.593,O5,"['H1', 'K1', 'L1', 'V1']",9.294651500040027,32.833417395695385,226.54897795492565,1251.1695351127476,165.15312901398693,439.7403586906413,1072.3256661859864,5999026.493600516,44057151.19256659,308342572.1611827
1794,1794,2.63e+51,105000.0,0.023,80.818,12.972,67.846,False,3.835,1.158,2012-05-17 10:15:22.690,O5,"['H1', 'K1']",25.68605111249001,8.655780381022662,30.45133585996235,117.38143461427508,19.032176721344428,50.78223915494749,125.624845958069,7101.344343069436,26922.344200509688,123732.66411473232
1795,1795,9e+50,436000.0,0.092,53.846,31.909,21.937,False,3.341,0.464,2012-07-03 21:40:27.873,O5,"['H1', 'K1', 'L1', 'V1']",11.65473053888374,2.068614996723863,7.104262145051952,50.99273973474333,70.32039002439205,187.3744165707245,459.5917329829645,52132.26542241723,221876.57405381743,2174642.018874022
1796,1796,2.4399999999999998e+51,246000.0,0.053,56.258,9.437,46.821000000000005,False,5.919,0.579,2012-06-18 04:21:41.460,O5,"['H1', 'K1', 'V1']",12.87316140672977,4.776501853502998,20.162848863221885,108.85103086547596,42.35102150792432,112.8958647553585,277.6883437648778,34523.48531659275,166101.66050490848,1048389.7902951068
1797,1797,8.38e+48,7810000.0,1.12,77.878,27.866,50.012,False,3.71,-1.024,2012-06-12 05:11:16.799,O5,"['H1', 'K1', 'L1', 'V1']",8.176970329266364,1881.2647430742263,9060.81822428758,30113.036963074257,226.75229313439763,606.8285900091334,1526.8311598090354,1028164862.0102814,5145487555.467913,18976420665.039875
1798,1798,6.66e+48,473000.0,0.099,57.748,28.013,29.735,False,2.522,-1.383,2012-03-13 23:23:58.571,O5,"['H1', 'K1', 'L1', 'V1']",10.75684078372673,2.423823970221582,8.34790107471763,33.751621872064874,90.84927543675316,241.83002144487023,589.2637447378443,90200.96206521564,374243.521688628,2175141.2328546103
1799,1799,4.91e+47,162000.0,0.036,71.501,31.162,40.339000000000006,False,5.906,0.545,2012-05-08 09:30:07.001,O5,"['K1', 'V1']",12.64109052841395,73.84343764468088,288.4187070773889,4515.063149886868,37.60588249851321,100.11029955922832,244.23589230992832,283713.3039520713,1326345.704903019,20221391.98506667
1800,1800,8.339999999999991e+50,907000.0,0.181,41.747,9.847,31.9,False,1.461,-0.726,2012-02-06 12:12:17.188,O5,"['H1', 'K1', 'L1', 'V1']",8.318799634625877,110.95436115918685,574.350209398262,2739.5264376951072,156.37912775077166,416.1120907936077,1011.4590013170624,17132135.38603724,102086678.93863808,626422587.7760814
1801,1801,6.14e+50,786000.0,0.159,9.503,10.125,-0.6219999999999999,True,2.987,-0.153,2012-01-04 23:05:34.023,O5,"['K1', 'L1', 'V1']",8.099303911745253,163.4725642561121,659.3257104935575,9084.680001059052,170.72592465831997,453.33976744623214,1086.837115517903,14674754.486473348,73102478.21015453,1963153007.064196
1802,1802,1.05e+49,790000.0,0.16,15.583,6.942,8.641,False,2.921,0.615,2012-03-02 07:15:03.978,O5,"['H1', 'K1', 'L1']",11.81299811722864,44.98555198281047,157.54840299416497,801.8776381340198,86.64926791538801,230.5953121828912,557.9272625720919,1404737.5874075238,6369665.498720409,35761355.02822404
1803,1803,3.87e+50,1550000.0,0.291,21.194,13.89,7.3039999999999985,False,1.019,1.115,2012-01-15 21:20:55.544,O5,"['H1', 'K1', 'L1', 'V1']",8.059097714998645,2281.623691801106,9689.2401558162,31500.00477520405,155.95741381264384,415.359126867085,1014.554941819303,515450043.18475735,2429403287.754148,8717130749.809227
1804,1804,5.680000000000001e+50,651000.0,0.134,49.584,29.981,19.603,False,3.17,0.044,2012-01-15 10:20:31.495,O5,"['H1', 'K1', 'L1', 'V1']",9.745181999958833,41.46787724703982,131.1875554552572,869.3072334210581,131.1512350013552,349.1403648633245,850.5283272250126,3191319.416775749,13247925.279813372,118643872.69974507
1805,1805,4.89e+49,346000.0,0.074,57.282,10.472,46.81,False,1.607,0.523,2012-08-21 12:19:34.626,O5,"['K1', 'L1', 'V1']",10.79335697104169,8.7447898776646,36.97248950715904,136.65489934927285,65.38396304923367,174.14274798510746,426.1513590137929,198878.7399514125,943641.950112594,4692809.640693956
1806,1806,1.54e+51,584000.0,0.121,34.146,17.618,16.528000000000002,False,5.48,0.328,2012-01-30 20:53:59.289,O5,"['H1', 'K1', 'L1']",10.07951914999072,53.15846136194682,189.83087850318208,1012.841867098226,101.16295271186344,269.1180028752075,650.9534626268567,2376945.0018891683,10481808.479563348,59610589.078814246
1807,1807,1.43e+51,811000.0,0.164,13.135,17.313,-4.177999999999999,True,2.719,0.507,2011-10-06 09:40:47.568,O5,"['H1', 'K1', 'L1', 'V1']",12.47744313683542,1.9940684419309576,6.479330367269725,26.00813522023296,62.88391822285746,167.48159463255388,409.3802446956004,39574.42737868416,152793.89592073334,864714.6084308428
1808,1808,1.14e+50,372000.0,0.079,26.132,12.059,14.073000000000002,False,3.334,0.408,2011-10-24 22:30:04.880,O5,"['H1', 'K1', 'V1']",12.4068355196718,1.449133378017315,4.559916412308051,18.998047103464284,41.41751640836395,110.39483352344678,271.7638428843562,10704.946812535223,40528.50498547916,242670.29478132504
1809,1809,7.74e+49,782000.0,0.158,46.139,11.885,34.254000000000005,False,3.7,-0.718,2012-09-02 05:07:49.999,O5,"['H1', 'K1', 'L1', 'V1']",8.128674899144867,576.2450315565193,3602.5388716173898,23687.39137446147,179.11193595916825,476.3230497888958,1148.2350423904122,91509991.77906884,793279707.1773082,6159512658.656167
1810,1810,3.09e+49,233000.0,0.051,56.374,23.593,32.781000000000006,False,5.959,-0.205,2012-01-31 07:08:07.759,O5,"['H1', 'K1', 'L1', 'V1']",18.21574444875333,0.8656026189453407,2.759320222148621,9.72123030621384,32.420817255887584,86.39124937723437,211.9107434849214,4037.143161493812,15150.402382085022,70743.49247635622
1811,1811,6.67e+47,331000.0,0.071,21.524,9.903,11.621,False,2.251,0.499,2011-10-27 20:31:34.831,O5,"['H1', 'L1', 'V1']",10.54839536449186,3.742847000568335,12.98820765348582,99.66336469379216,42.31867604595544,114.81636011222002,339.90138727735257,14892.90334778892,66611.00753697733,1044853.513913612
1812,1812,9.05e+48,615000.0,0.127,41.817,15.6,26.217,False,5.331,0.355,2012-05-02 08:31:57.978,O5,"['H1', 'K1', 'L1', 'V1']",8.177965466936238,36.46989071509036,544.3992396660801,7684.774504090379,165.54092921589165,439.0174816028964,1049.683924870728,4810181.538913024,93892183.27318595,1874456028.28375
1813,1813,2.45e+49,642000.0,0.132,49.097,12.742,36.355,False,0.383,0.641,2011-12-04 04:44:24.531,O5,"['H1', 'K1', 'V1']",9.561486200221978,98.2283087351302,381.9091409402485,2711.694046861716,106.924652144618,284.8261485994676,697.0255660157641,4762750.355717028,21738099.938600883,216727033.86384133
1814,1814,7.150000000000001e+50,622000.0,0.128,25.535,17.25,8.285,False,2.524,-0.224,2012-07-10 09:07:45.299,O5,"['H1', 'K1', 'V1']",9.06472441012964,13.521426344495644,53.80859361185226,1287.0540554518238,103.33569330200748,277.12521139378987,710.7616178371111,502461.37172436586,2733573.631296752,117526591.94229124
1815,1815,3.58e+51,1030000.0,0.203,20.715,22.397,-1.6819999999999986,True,4.465,-0.205,2012-01-18 08:04:45.736,O5,"['H1', 'K1', 'L1', 'V1']",8.050669523633436,649.6831194445411,4150.210494891643,24644.45277613246,178.29600867287627,477.3146130378441,1195.232294460982,116905996.90682364,972774582.9410288,6938702120.089543
1816,1816,1.2199999999999999e+51,431000.0,0.091,17.91,10.971,6.939,False,0.778,-0.158,2012-05-21 17:02:57.482,O5,"['H1', 'V1']",8.833178390977737,88.25556634563512,327.41964358507977,1975.0711492008788,91.58241763295746,245.76383052390528,626.103414282827,1720988.4566139472,8446508.157297658,90341915.47432028
1817,1817,1.8e+49,436000.0,0.092,62.601,15.079,47.522,False,5.323,-0.487,2012-04-24 21:39:14.350,O5,"['K1', 'L1', 'V1']",10.35419839184373,25.62791810441784,120.1461930517326,840.9403086613125,99.39231744256624,263.8964652558031,629.7371685963027,658483.0381905158,3449005.7486863374,37671720.96501896
1818,1818,1.2199999999999999e+51,12800000.0,1.673,71.884,32.144,39.74,False,2.228,0.793,2012-04-15 04:16:37.114,O5,"['H1', 'K1', 'L1', 'V1']",8.491481635576703,2736.0608601922777,12162.488793322702,32651.38015562906,277.26863727283853,743.7459337955179,1938.3417476825057,2552749187.8558183,10873987791.871729,33134806045.38449
1819,1819,1.66e+51,760000.0,0.154,37.323,13.575,23.748,False,4.563,0.004,2011-09-27 23:37:03.033,O5,"['H1', 'L1', 'V1']",8.865949604871364,94.1711262123313,308.5013327511218,1142.1551063517538,152.10561604709335,404.6179735619311,980.784116996322,10108469.266669167,38971474.10224661,195204887.1729158
1820,1820,2.09e+52,628000.0,0.129,43.039,20.891,22.148000000000003,False,3.352,0.553,2012-04-05 02:47:44.642,O5,"['H1', 'K1', 'L1', 'V1']",9.252168141067724,4.67244584893589,27.80370025583025,765.6866916876119,136.39007735202892,364.26705330772313,901.326540878652,358821.21981424483,3094668.2084558774,127527472.73532917
1821,1821,1.9399999999999998e+51,360000.0,0.077,19.46,12.402,7.058000000000002,False,1.812,-0.398,2011-12-11 18:53:40.794,O5,"['H1', 'K1', 'L1', 'V1']",19.71960465902303,0.5469253423972775,1.7207797423109945,6.019107672372219,30.437390535587667,81.04357835613041,197.6773731931723,2480.871091422975,9203.892603354529,42954.296514846166
1822,1822,2.1099999999999998e+47,622000.0,0.128,43.926,11.317,32.609,False,2.777,-0.815,2011-10-27 13:54:20.980,O5,"['H1', 'K1', 'L1', 'V1']",8.391011932865924,9.58299876486774,44.40729818209745,1328.990413418407,138.3113956616287,372.1086726707234,951.2640293156858,509967.3870261778,3328599.4847857985,215968226.9277888
1823,1823,6.18e+47,460000.0,0.097,71.799,14.938,56.861,False,5.506,-0.251,2012-03-18 06:05:56.846,O5,"['K1', 'L1', 'V1']",8.328863765987014,65.99521826337022,411.3365231084654,4173.710546691469,135.1355997963867,360.1899271285276,884.3882493932448,4454055.197285183,29094713.0378868,566947256.6740502
1824,1824,4.549999999999999e+47,538000.0,0.112,18.873,16.513,2.3599999999999994,False,5.447,-0.457,2011-10-17 20:02:11.622,O5,"['K1', 'L1', 'V1']",8.313548252628452,16.98711482061744,81.36279411718807,4909.407825023639,125.58017163726714,364.2862731169752,1124.632347301913,319469.147801458,2074125.537790789,841513524.536461
1825,1825,6.67e+47,498000.0,0.104,9.563,6.167,3.396000000000001,False,1.554,0.579,2012-01-12 18:17:20.736,O5,"['H1', 'K1', 'L1', 'V1']",11.48479107416658,9.691617976163338,35.93021229691484,320.0857091926504,58.6929037602053,157.15624050937663,398.3836466023837,108400.43398129636,507813.6071946816,6340198.943193832
1826,1826,6.17e+48,1340000.0,0.257,38.853,11.348,27.505000000000003,False,5.642,0.596,2011-11-19 00:27:36.255,O5,"['H1', 'K1', 'L1', 'V1']",8.51583323463599,58.33914617030745,264.406941332262,2298.159601101504,163.06183317348632,433.9333863169036,1055.4517460714185,10260462.872303795,56025787.20142453,607639556.3830673
1827,1827,8.339999999999991e+50,487000.0,0.102,30.917,22.405,8.512,False,1.121,-0.552,2012-04-13 11:25:15.989,O5,"['H1', 'K1', 'L1']",14.32689221110514,66.29907495604074,237.19750664573047,763.7967873847002,64.38826204931496,170.8607747605568,410.5591409984432,872478.9299803006,3572659.0007120166,15064233.067768175
1828,1828,7.209999999999999e+47,1360000.0,0.26,40.481,14.922,25.559,False,1.44,0.211,2012-01-20 04:51:34.628,O5,"['H1', 'K1', 'L1', 'V1']",8.381079448900344,295.7568051747816,1051.6438882622338,4108.210036559593,170.561242781808,454.0174169885672,1106.0910881153322,66406976.74240784,267196734.87151808,1403773714.0958424
1829,1829,5.26e+50,1220000.0,0.236,6.094,14.461,-8.367,True,1.036,0.265,2012-05-06 12:31:16.839,O5,"['H1', 'K1', 'L1', 'V1']",8.599832575544655,42.75575271832172,183.853733176804,14340.98040743908,181.79432409721807,482.4053463333179,1155.658144486109,5935346.773285631,34447599.38835245,3841004578.561159
1830,1830,7.74e+49,634000.0,0.131,11.788,16.002,-4.213999999999999,True,0.003,0.332,2011-09-17 10:03:55.467,O5,"['H1', 'K1', 'L1', 'V1']",9.869458812204607,54.02071067293169,219.3151643456056,946.778478819564,121.66667726945413,324.7766460691678,800.0747389773671,2956534.7829981176,16240269.135928225,102401768.51241782
1831,1831,1.54e+51,659000.0,0.135,43.139,18.345,24.794000000000004,False,1.51,-0.234,2012-03-11 22:17:59.767,O5,"['H1', 'K1', 'L1', 'V1']",8.286849508061199,549.6831431053777,3228.1489047435784,25382.17423423994,159.9207232207625,425.9187974876794,1038.1581035483691,99831910.7751429,691249887.4545876,5928208248.111829
1832,1832,1.33e+48,1200000.0,0.233,24.793,12.745,12.048,False,0.619,-0.211,2012-03-15 06:59:47.583,O5,"['H1', 'K1', 'L1', 'V1']",8.059939303105798,156.11115816685174,1312.3009369285314,23501.723200565462,197.640385253055,525.7835430075219,1265.8397483610306,29664524.38000368,371845156.1080424,6918252950.845728
1833,1833,1.67e+50,637000.0,0.131,29.16,19.68,9.48,False,5.442,1.105,2011-10-19 05:46:10.588,O5,"['H1', 'K1', 'V1']",11.21083561444812,74.12127959799707,439.225383936971,2692.4832168827807,81.04250402073501,216.2904239661565,529.4676731801558,2043348.7019705824,13499286.06007275,98141563.0069686
1834,1834,1.43e+51,1150000.0,0.224,36.871,13.605,23.266,False,0.529,-0.549,2012-08-21 02:07:37.668,O5,"['H1', 'K1', 'L1', 'V1']",8.123012572816231,37.600555475717805,263.14759420818376,2527.7842964851707,165.75716880421123,440.78817039910587,1067.0987143923344,5759401.876508744,52027720.06415033,651924677.310853
1835,1835,4.9e+48,206000.0,0.045,78.332,21.611,56.72099999999999,False,1.329,0.049,2011-12-29 14:15:53.947,O5,"['K1', 'L1']",8.763183395776657,84.74078391784246,290.6454698666785,5879.742682208181,89.75468938635464,241.47651587142752,633.1947769462736,1649750.2273662754,7378425.430948489,357682263.67601013
1836,1836,1.66e+51,194000.0,0.042,69.449,11.966,57.483,False,4.359,-0.751,2011-12-06 23:35:20.565,O5,"['H1', 'K1', 'L1', 'V1']",16.45622008704517,0.7507151149096899,2.4302377351840074,9.383543282011544,39.77487037612536,105.7817582415604,256.3165638687224,3194.8015681036054,12326.58381276627,63910.03513234541
1837,1837,3.08e+50,556000.0,0.116,52.967,13.481,39.486,False,0.226,0.422,2012-05-13 16:25:28.081,O5,"['H1', 'K1', 'L1', 'V1']",12.30066027547437,3.3257582922048994,11.50660553650454,185.7133025651281,77.27037678712315,205.85800240992967,504.1402953127565,102428.5990961466,437722.0993393371,9543913.923661709
1838,1838,2.09e+51,568000.0,0.118,19.499,12.668,6.831,False,5.768,-0.929,2011-09-29 21:11:19.389,O5,"['H1', 'K1', 'V1']",10.19251367431314,3.3874733492491425,13.759493330995074,100.59306481985904,87.45023964912446,233.0080712924108,571.8341178510109,106043.14010969104,534834.1049446955,5859687.911426625
1839,1839,1.8e+51,497000.0,0.104,55.789,5.9,49.889,False,3.515,0.27,2012-01-28 04:48:43.144,O5,"['H1', 'L1', 'V1']",8.889438776578967,11.97077656815035,36.84369884612504,170.78404320429317,98.423417700836,262.58300948978,650.8246105162488,485433.1324184134,1814465.4341381893,12492301.395489218
1840,1840,5.25e+51,843000.0,0.17,24.617,13.864,10.753,False,5.016,0.274,2011-12-20 17:51:45.391,O5,"['H1', 'K1', 'L1', 'V1']",11.10381127027525,6.564824802871154,22.854833428045385,132.2158448110835,102.22797674555852,272.524282318622,670.1854171120793,312569.0142754971,1323443.472930527,10831430.254838824
1841,1841,3.32e+50,364000.0,0.078,18.534,11.175,7.358999999999998,False,1.357,0.075,2011-12-27 18:32:06.984,O5,"['H1', 'K1', 'L1', 'V1']",17.26897772568062,2.5928482149113328,8.340560913706087,29.55745317401486,33.811372511360105,90.0170403422344,219.49302896105496,12956.682600125618,49113.08178674612,231176.14469933588
1842,1842,1.2199999999999999e+51,455000.0,0.096,20.209,11.071,9.138,False,4.516,-0.677,2011-11-26 20:19:45.176,O5,"['K1', 'L1', 'V1']",10.17688222781028,3.478165856356674,12.550048208908873,444.1713310632255,61.40435414643861,165.51947339063588,440.84915958543934,39321.33616814646,181231.94357423743,13044156.727183156
1843,1843,3.87e+50,3070000.0,0.521,30.08,16.971,13.108999999999998,False,3.431,-0.684,2012-04-12 15:45:14.475,O5,"['H1', 'K1', 'L1', 'V1']",8.196321289903752,1308.251256815115,7118.786830796133,29124.74037846272,190.36365232391404,508.1724914993499,1258.576962677842,399244936.8470114,2470852332.2855954,11293189700.7643
1844,1844,4.18e+50,1800000.0,0.332,19.662,24.767,-5.105,True,4.853,1.182,2012-03-20 09:38:07.518,O5,"['H1', 'K1', 'L1', 'V1']",8.071237825403049,534.5357731033994,2189.964551274324,15126.722182840404,168.09646978850628,447.5462081097208,1091.6646122566324,126504728.6193857,607867814.4923486,5143480658.554662
1845,1845,4.549999999999999e+47,786000.0,0.159,33.338,19.742,13.596,False,3.369,-0.088,2012-08-14 10:18:53.796,O5,"['H1', 'L1']",9.649581576511364,183.4771937723056,630.792690366793,2163.47169280632,133.88806518983745,352.00938318201395,820.3591997398922,8726329.803137355,34901768.871729374,168672044.8096078
1846,1846,9.7e+51,502000.0,0.105,38.758,18.472,20.286,False,0.132,-0.95,2012-09-06 22:50:25.759,O5,"['H1', 'K1', 'L1']",14.51183437885497,14.022108067719456,53.32348401428956,196.2903271493929,54.80118223093052,145.86217898567327,355.3564805660447,201255.0610353704,791445.0261710727,3518032.2860361207
1847,1847,6.64e+49,910000.0,0.182,29.266,8.818,20.448,False,1.446,-0.685,2012-05-03 11:49:29.864,O5,"['H1', 'K1', 'L1', 'V1']",8.220152069304557,91.78823426565091,319.8520628793904,1409.788386743943,158.45251921763827,421.416738756076,1021.3397255564984,13404714.441819094,51825869.44096306,322147002.3164045
1848,1848,2.28e+48,573000.0,0.119,8.173,23.576,-15.403,True,0.821,0.795,2012-08-30 16:58:12.611,O5,"['H1', 'K1', 'L1', 'V1']",11.86764274792659,5.711494283864228,21.15515886973249,76.23629116086165,63.06085386918551,167.79809560761475,407.7907094446597,84789.6386705282,354539.9453213718,1871159.4719429824
1849,1849,1.43e+51,1190000.0,0.231,32.112,13.12,18.992000000000004,False,3.048,-0.482,2012-01-10 07:50:19.557,O5,"['H1', 'K1', 'L1', 'V1']",8.134142066562335,2467.093830213698,10947.379488257444,31888.66610215204,150.1772895926133,401.1594799150653,999.6706958439056,574215414.065395,2644870906.669147,8657417392.941462
1850,1850,1.8e+51,1040000.0,0.205,20.545,13.682,6.863000000000001,False,2.678,0.674,2012-05-14 04:12:04.876,O5,"['H1', 'K1', 'L1', 'V1']",8.583785991275734,119.67595141210684,412.25309733720496,3517.250992541439,169.6358436246419,451.3461302180938,1096.71601480024,20892941.844332565,88863269.59786548,983888422.8023752
1851,1851,1.2199999999999999e+51,904000.0,0.181,33.58,16.901,16.679,False,1.358,0.202,2011-12-13 06:52:00.361,O5,"['L1', 'V1']",8.885552087784289,150.9357692519263,511.8725842423491,2074.48416311443,100.3723581642978,267.45952225295366,655.8682100274574,4735401.065348338,21139403.887611706,134232952.33888435
1852,1852,1.05e+50,216000.0,0.047,48.999,18.472,30.527,False,2.261,-0.41,2012-06-19 14:07:14.134,O5,"['K1', 'V1']",11.08601653676554,106.00511310045776,434.695163148994,1640.8028034404122,51.28815492979823,138.6821701656669,345.18549580999763,339173.9975183617,2398187.637263821,16177663.168155534
1853,1853,3.59e+50,535000.0,0.112,50.869,29.871,20.998,False,3.719,-0.354,2011-10-30 05:43:54.758,O5,"['H1', 'K1', 'L1', 'V1']",11.90459981586377,7.515855280542143,44.91571806290506,430.0165033635873,102.92644755973129,274.10511724892604,664.1124968268969,363141.9216852201,2500482.8810472963,25444448.627674248
1854,1854,9.72e+50,674000.0,0.138,18.489,9.572,8.917000000000002,False,4.157,0.687,2012-04-27 09:45:18.836,O5,"['H1', 'K1', 'V1']",10.36351819988976,175.62632160395827,728.5908673371679,3848.87336814379,93.1242954984881,248.31146593203857,608.9247226384683,5521517.4104693895,28150722.890855186,191076268.770517
1855,1855,7.150000000000001e+50,339000.0,0.073,60.28,25.104,35.176,False,1.535,0.48,2012-02-26 18:47:54.667,O5,"['H1', 'K1', 'L1', 'V1']",10.18409299804219,2.808585322477906,9.15913751039352,37.878095949385205,83.16390634067602,221.56852756570584,543.1282205101719,90467.75865972484,358784.5246828841,2147489.3614216293
1856,1856,1.1299999999999999e+51,140000.0,0.031,53.289,4.81,48.479,False,6.228,-0.123,2011-12-05 17:11:57.435,O5,"['H1', 'K1']",18.14363553500181,17.990042795429485,70.15974251719406,368.8372803554372,24.78587662346203,66.51513486533253,167.76583440464668,16885.685934291858,89665.12436490733,634711.4925570209
1857,1857,6.14e+50,782000.0,0.158,18.568,17.827,0.7409999999999997,False,5.799,1.065,2012-08-07 20:25:57.837,O5,"['H1', 'K1', 'L1', 'V1']",9.719416235955704,2.5862549124391165,11.98926546463845,63.87479403298147,83.23337338657007,222.30211748990345,555.3641271128447,67308.96695154873,384582.1209907416,3285118.4311293704
1858,1858,1.54e+52,309000.0,0.066,58.305,3.602,54.703,False,5.884,0.076,2012-04-26 03:11:27.336,O5,"['L1', 'V1']",12.75671477804779,25.41237417813388,78.55558612747689,269.0750247031541,45.64825067174161,121.70804296066136,299.39345903836664,212591.0482178171,801183.0193083349,3857039.302989188
1859,1859,1.55e+49,1080000.0,0.212,43.173,6.39,36.783,False,2.308,-0.932,2012-01-04 18:13:17.197,O5,"['H1', 'K1', 'L1', 'V1']",8.751353043330548,23.81951711364601,96.078079945837,1919.6347011010816,163.16813413019315,433.6057173442424,1046.2964626175751,2294498.700687525,12996733.403205128,435737456.8607966
1860,1860,1.43e+51,620000.0,0.128,24.394,15.898,8.495999999999999,False,3.283,0.224,2011-12-20 00:51:27.537,O5,"['K1', 'L1', 'V1']",9.451951557021394,13.215603089830305,46.15827449023544,384.0468714900288,89.53340821380937,239.2328394479423,606.2237635681201,398812.5884329639,1821736.348502692,18182649.08745353
1861,1861,2.2599999999999998e+51,669000.0,0.137,29.347,10.255,19.092,False,4.263,-0.994,2011-11-30 07:21:54.986,O5,"['H1', 'K1', 'L1']",10.28269950445369,36.00932716759932,131.03977279675996,775.9605943846766,102.31501721860934,272.1856613657567,660.4370682274307,1899827.0473877543,7919548.407557938,55665292.309552185
1862,1862,3.6e+49,1500000.0,0.283,53.513,19.457,34.056,False,1.299,-0.071,2011-12-20 19:03:54.101,O5,"['H1', 'L1', 'V1']",8.614552827696226,24.226865761539614,230.1700822667142,1151.3568528823705,163.39136731532813,435.1843627792273,1063.1132674232394,4317300.92100652,41554128.73329213,284464689.63870907
1863,1863,2.09e+51,188000.0,0.041,79.173,22.618,56.55500000000001,False,1.851,-0.715,2012-02-23 03:47:15.527,O5,"['H1', 'K1', 'V1']",11.0272060953886,149.19433515635532,561.9927508803411,2547.292511788731,65.33414242192936,172.04414159897402,408.6576173919679,1445703.2490788982,6192528.137012854,31474660.70268816
1864,1864,3.59e+50,190000.0,0.042,78.222,13.425,64.797,False,1.345,-0.306,2012-02-09 09:00:13.652,O5,"['H1', 'K1', 'L1', 'V1']",9.107634302799916,10.054461022301776,52.21867108909262,1445.7801082291203,145.34938129803515,390.079654010177,1016.395716820856,665390.5272027572,4712841.214120322,259071000.1922533
1865,1865,2.1e+49,160000.0,0.035,60.577,16.824,43.753,False,4.859,-0.458,2012-04-29 04:07:03.936,O5,"['H1', 'L1', 'V1']",17.01963714314733,2.131919896576961,6.993065251045129,29.591893677861663,26.79825502777524,71.75234664737906,185.65783976093368,4150.393467394306,16015.33735968956,82582.99556669638
1866,1866,2.84e+51,11400000.0,1.523,26.991,10.314,16.677,False,2.208,1.385,2011-12-09 16:08:38.251,O5,"['H1', 'K1', 'L1', 'V1']",8.247691326523888,1696.0379306657137,10900.36695081357,32865.13825719733,276.8733892001128,738.2921443796322,1815.62874911152,1475284791.126068,9167183831.479025,30543821136.238083
1867,1867,1.95e+49,486000.0,0.102,43.564,13.531,30.033,False,4.091,0.664,2012-04-28 11:49:33.750,O5,"['H1', 'K1']",10.68595725184625,86.4460578528081,436.5267246386522,7268.225592153245,66.54894576162621,177.1525882586675,431.6575831738016,1404075.62164882,7979077.413384108,137549981.50536662
1868,1868,4.8800000000000005e+50,694000.0,0.142,44.401,4.675,39.726000000000006,False,2.812,0.23,2011-12-15 02:29:18.376,O5,"['H1', 'K1', 'L1', 'V1']",10.66812370599432,31.32031425219613,93.62754291233128,255.85894188187905,87.50243600669478,233.17364329097703,571.893109149198,1018915.0293109068,3416482.1177953,13373840.248562414
1869,1869,5.25e+51,338000.0,0.072,21.212,7.929,13.283,False,1.418,0.972,2012-01-01 12:49:56.201,O5,"['H1', 'K1', 'L1', 'V1']",15.6058491364327,0.3707067660904796,1.2096549817473146,4.769561679912522,33.48543315021101,89.12080574916837,217.02320965815355,1586.5488971485138,6156.2796062672605,32916.47273502558
1870,1870,7.719999999999991e+50,5110000.0,0.793,81.335,23.683,57.652,False,2.0,0.493,2012-08-27 14:53:37.357,O5,"['H1', 'K1', 'L1']",8.042328132696532,3206.2078566083387,13168.038908888328,32864.216117183125,196.6862886655804,526.2183430843504,1327.532837584874,1168953394.9346027,4784092077.797477,14173388396.215988
1871,1871,4.8800000000000005e+50,564000.0,0.117,36.278,11.302,24.976,False,4.98,-0.611,2012-03-07 14:42:39.516,O5,"['H1', 'K1', 'L1', 'V1']",9.445502654005574,1.913087835580644,6.4798470450241865,28.12525542875873,75.3201721532455,201.10828125555656,503.3194060163268,43556.00189450589,181394.2854896814,1209032.747331593
1872,1872,2.85e+50,272000.0,0.059,75.521,10.437,65.084,False,1.812,-0.486,2011-10-06 23:14:26.177,O5,"['H1', 'K1', 'L1', 'V1']",18.25960920766114,0.8142198635189875,2.495722244901029,8.27145608997075,39.68908700644784,105.76349611479498,259.42472062546955,6344.4911610220415,22963.28039789303,102481.73313146384
1873,1873,5.6699999999999995e+51,908000.0,0.181,25.356,36.314,-10.957999999999998,True,1.811,0.673,2011-11-04 21:47:12.884,O5,"['H1', 'K1', 'L1', 'V1']",8.397709493711579,3.3718368674624526,12.550772169542336,1393.5797051440911,141.90678782987345,385.4693516981945,1041.467429720235,199014.7487440959,986583.4900923336,306872819.4483318
1874,1874,1.43e+51,685000.0,0.14,19.105,8.408,10.697,False,6.034,0.516,2011-11-19 13:41:36.829,O5,"['H1', 'K1', 'L1', 'V1']",8.817742908658506,9.540917181954294,47.96799228683917,1104.645545157258,113.67600618540484,306.66863110321526,798.6857518233217,371520.839006126,2456463.397130852,118608591.66530904
1875,1875,9e+50,395000.0,0.084,87.454,19.092,68.362,False,4.268,0.453,2011-11-30 15:19:24.218,O5,"['H1', 'L1', 'V1']",9.4002728366574,30.23528898301839,131.12751486072435,774.1636481171905,113.42588936166646,302.0125251111866,737.0570424878476,1770338.7122648708,8909544.629744697,70950609.6505099
1876,1876,6.61e+51,548000.0,0.114,46.556,8.773,37.783,False,5.857,-0.877,2011-10-29 06:21:51.413,O5,"['H1', 'L1', 'V1']",8.175353520302638,142.3995961284997,608.3504292058599,4007.02915012902,159.5315984516859,425.499826010735,1045.793253536798,9262250.440140223,51222078.04848326,683496232.5603305
1877,1877,5.6699999999999995e+51,169000.0,0.037,72.241,25.154,47.087,False,1.936,0.509,2012-07-01 17:28:18.116,O5,"['H1', 'L1', 'V1']",22.34558544301241,0.6044100654866128,2.0603599943385573,7.374835737526976,11.297138075134455,44.00770448509837,173.91625233602545,185.81682579074368,971.7066165814018,11151.00731225626
1878,1878,2.2600000000000003e+50,598000.0,0.124,18.046,21.503,-3.4570000000000007,True,0.055,0.767,2011-09-19 00:19:01.582,O5,"['H1', 'K1', 'L1', 'V1']",12.02053008034888,0.8102942072455568,2.627568192232688,10.060019059797842,56.89628515448248,151.60159029002057,371.77864554799146,13113.065728882044,50876.38376714764,265780.4504416059
1879,1879,1.43e+51,959000.0,0.191,40.11,8.098,32.012,False,2.863,0.777,2012-03-14 07:35:11.460,O5,"['H1', 'L1']",8.468224480491008,184.36123430320967,598.7529140015172,2207.969595541663,148.7328954674391,394.2823998687892,937.4165730552236,18182071.26935964,61688225.214575104,255517531.94650328
1880,1880,3.32e+50,15300000.0,1.936,80.601,22.767,57.834,False,5.765,0.14,2012-07-29 23:30:32.225,O5,"['H1', 'K1', 'L1', 'V1']",8.235065281105717,573.2294842784734,3365.1953552594887,23565.734193645123,348.03108321091486,927.4399184088328,2272.3129533899846,563515806.7088239,3781821868.097149,30369291630.10272
1881,1881,2.6400000000000003e+50,131000.0,0.029,78.214,27.49,50.724,False,5.218,0.487,2012-06-13 06:54:47.052,O5,"['H1', 'K1', 'L1', 'V1']",21.77744852082425,0.2902599032541106,0.9158074161527768,3.240742633013057,31.35990617110164,83.63033679993123,205.22644316425985,477.804815194528,1827.6193690494988,9022.58701856692
1882,1882,3.58e+51,3560000.0,0.59,81.446,17.297,64.149,False,4.109,0.535,2011-10-08 01:09:29.609,O5,"['H1', 'K1', 'L1', 'V1']",8.034331244365262,1050.863400066004,6466.624765675818,29728.51726274608,168.4686637451266,448.7810985736103,1097.369403966976,322634455.7944951,2120976908.222716,10334701071.1377
1883,1883,1.8e+51,982000.0,0.195,31.284,24.453,6.831,False,5.84,1.022,2011-10-03 04:52:07.403,O5,"['H1', 'L1', 'V1']",8.66164583965269,102.94062242949713,372.8743175693768,1615.6614735003711,161.07656531322164,428.4674605437466,1039.108449495474,16027740.09420371,66616892.67858806,391327071.04743135
1884,1884,7.74e+49,1210000.0,0.234,24.132,9.119,15.013000000000002,False,6.101,0.258,2011-12-27 10:32:10.750,O5,"['H1', 'K1', 'L1', 'V1']",8.245984288883005,61.81516509336444,224.28943514527268,1371.946390250761,169.17776738701434,450.5276081606495,1097.1341450108168,6858682.074211258,32548453.77173028,313434611.4387956
1885,1885,9.03e+49,851000.0,0.171,39.667,29.76,9.907,False,0.312,-0.944,2012-08-09 22:29:16.192,O5,"['H1', 'K1', 'L1', 'V1']",9.45423279243564,30.78621393792119,109.25050306878444,490.61859235676894,122.46332694011336,326.4484100521097,803.4240937327297,2156559.430311439,8844257.576056592,53361273.1575226
1886,1886,2.85e+50,571000.0,0.119,46.173,11.349,34.824,False,3.889,0.746,2012-06-12 18:10:24.131,O5,"['H1', 'L1', 'V1']",8.615237813025988,217.142444074666,797.2906634546556,5324.331477410812,171.8742326580358,459.705218024418,1158.1357877160249,12881838.955831304,70391089.66256778,966549082.2274148
1887,1887,9.72e+50,588000.0,0.122,14.558,20.902,-6.344000000000001,True,2.819,0.047,2012-03-31 14:41:03.243,O5,"['H1', 'K1', 'L1', 'V1']",12.37418598347514,7.604684379874167,35.21105461844516,181.1927519871521,62.836601832388,167.35649329137146,408.9598984720687,156494.04824238914,773761.7032864185,5053074.073115913
1888,1888,1.8e+50,613000.0,0.127,38.933,10.566,28.367,False,4.66,-1.039,2012-05-13 11:01:16.664,O5,"['H1', 'K1', 'L1', 'V1']",8.159515130306998,107.07233834050244,451.1369634248988,15901.90391982532,181.30661321198568,474.31517309952415,1081.1176552133625,7824730.677855785,56214690.7638708,2978339629.1251807
1889,1889,9.77e+48,314000.0,0.067,52.901,15.84,37.06100000000001,False,2.8,0.853,2011-11-14 14:25:09.349,O5,"['L1', 'V1']",13.02748445577201,21.78056851455725,88.49433866972271,534.951962307734,52.54492507068363,139.93696033935385,341.48638567819165,248088.20704040123,1116271.9266913969,7724248.088414107
1890,1890,2.45e+49,367000.0,0.078,50.177,36.136,14.040999999999997,False,5.525,1.005,2012-08-15 00:13:37.136,O5,"['H1', 'K1', 'V1']",11.56282968396001,0.9069623285353328,2.921576227814604,12.388462916853744,55.58934385123757,148.03889802738755,361.9000792230099,12005.899314132015,46522.70282103148,285840.7265828086
1891,1891,2.6400000000000003e+50,7000000.0,1.025,49.118,13.559,35.559000000000005,False,5.962,-0.616,2011-11-16 16:29:57.012,O5,"['H1', 'K1', 'L1', 'V1']",8.114718816489793,2950.3808681828414,11225.829623572754,31568.283521551453,229.30240183058868,611.2838286164317,1501.8253509411384,1642336101.6527452,6630522236.7017975,21425440258.982224
1892,1892,7.150000000000001e+50,569000.0,0.118,76.353,22.205,54.148,False,5.094,0.621,2012-06-24 06:54:49.439,O5,"['H1', 'L1', 'V1']",8.95626508226647,50.84659075120005,196.64850020926315,892.4454928444466,142.27545737515038,378.525692074517,918.8344208474662,5442459.349935005,24061680.5301932,146768713.72606102
1893,1893,2.6400000000000003e+50,110000.0,0.024,82.471,9.692,72.779,False,5.699,0.387,2012-07-17 01:12:01.268,O5,"['H1', 'L1', 'V1']",22.3209610918544,0.5765863754702298,1.821508930468504,6.813315520722146,3.707483672663869,9.875331497581657,24.170677697405523,55.81253564014512,207.0190627586937,1044.1869935450486
1894,1894,7.719999999999991e+50,954000.0,0.19,24.189,21.255,2.934000000000001,False,5.908,-0.225,2012-03-20 05:04:19.028,O5,"['H1', 'K1', 'L1', 'V1']",10.62437048063517,18.70699835041858,68.78223872293552,489.4610619280754,117.61092451908644,313.2219952373101,764.8573243242138,1287796.817893467,5718958.091446053,51134610.4853112
1895,1895,3.89e+48,338000.0,0.072,72.704,12.03,60.67399999999999,False,6.239,1.382,2012-01-23 17:42:07.861,O5,"['K1', 'L1', 'V1']",8.588478751015208,50.84755078483576,226.707714087625,5562.247178942856,123.67647337254084,330.25662440832923,821.1269674905793,3140677.642779144,18137536.277875114,629317118.0170726
1896,1896,7.17e+49,545000.0,0.114,31.398,14.181,17.217,False,0.729,-1.248,2011-10-17 19:58:07.934,O5,"['H1', 'K1', 'L1']",11.98419113181293,25.30391402618553,126.04532484814474,814.6802306561701,73.68958869196081,196.706358916169,486.3913644420187,455827.4235243206,2541178.946639879,24519294.628778458
1897,1897,1.2199999999999999e+51,310000.0,0.067,85.112,9.62,75.49199999999999,False,4.989,0.385,2012-03-21 03:29:52.169,O5,"['K1', 'L1', 'V1']",8.625789417634337,94.43081443343452,391.0665975354449,2407.418209692734,120.77293976422868,322.9221322278323,806.2500360191011,3433566.2511010966,19667529.138696738,222687939.57778496
1898,1898,5.26e+50,666000.0,0.137,31.161,9.701,21.46,False,2.89,-0.152,2011-10-04 05:14:51.542,O5,"['H1', 'K1', 'L1']",10.17482663671949,64.72134400505158,232.9626893285809,1410.2146697932196,103.16194102737428,274.11006637779565,661.1433166048271,3136626.1723512844,13298260.716602756,90203650.51026064
1899,1899,2.65e+49,606000.0,0.125,42.255,17.909,24.346000000000004,False,0.181,0.246,2012-06-11 13:24:15.570,O5,"['H1', 'L1']",11.4912658913425,60.19866786892864,201.03249361252816,803.6153085389954,79.86169785789252,212.6942461851187,518.5793246307157,1516262.2354437886,5299938.134190728,23155053.065738704
1900,1900,1.2199999999999999e+51,600000.0,0.124,53.5,18.55,34.95,False,5.966,-1.132,2012-04-01 08:22:33.817,O5,"['H1', 'L1']",8.160214741585257,234.0596695124447,1065.485363939836,6522.839479669241,157.30443730657203,416.8061669035564,988.8357058395052,21239331.49021948,95080440.90073442,703406971.8121072
1901,1901,1.2300000000000002e+50,779000.0,0.158,10.485,12.332,-1.8470000000000013,True,5.616,0.502,2012-06-02 12:48:22.030,O5,"['H1', 'K1', 'L1', 'V1']",10.63908881733621,10.299758003508254,43.72085609235594,412.4764546474032,110.77304697174397,295.10104554844145,722.3127620327755,704636.5145852773,3662446.9049625136,43828064.28818204
1902,1902,1.54e+51,2400000.0,0.424,36.851,10.933,25.918,False,1.528,-0.804,2011-10-16 17:59:49.851,O5,"['H1', 'K1', 'L1', 'V1']",8.38057527909862,1082.0748926125427,5779.473656188183,28009.55826722984,195.45706678666784,520.9261685044946,1275.968303336609,329794022.9671001,2031754711.042576,10831118235.4807
1903,1903,2.86e+49,631000.0,0.13,25.199,14.771,10.428,False,4.875,1.027,2012-08-31 13:06:04.978,O5,"['H1', 'K1', 'L1', 'V1']",11.2749287382541,0.7416886287085681,2.428335062000213,9.707980193887911,61.03348295450593,162.54308723797527,397.2052690783386,12123.001471531745,47777.18974363719,263885.9735205871
1904,1904,3.6e+49,916000.0,0.183,9.895,24.067,-14.172,True,5.559,-0.43,2012-06-25 00:05:36.745,O5,['H1'],8.555028273992539,2965.684859732717,8877.170921223402,25608.217799120936,114.62966706993603,302.3070873102397,709.0996507842694,132036353.93798476,355475908.8793226,923188735.6495688
1905,1905,4.5000000000000006e+51,4580000.0,0.725,46.326,12.789,33.537,False,1.369,-1.103,2012-01-03 09:39:51.168,O5,"['H1', 'K1', 'L1', 'V1']",8.251814067055264,2352.498186386252,11926.938105047368,32969.788611575175,172.8396050834558,460.9840101602913,1135.868030574005,828805317.901095,4090145774.447442,12758212008.666386
1906,1906,4.9e+48,328000.0,0.07,54.862,32.382,22.480000000000004,False,0.171,-1.027,2012-04-26 14:47:52.150,O5,"['K1', 'L1', 'V1']",8.733384062184395,3.584799594479258,18.605583180170083,1706.385774458385,108.32803179038308,300.7128096370378,853.0779304805924,79277.55726902011,556738.5392551972,197420375.2809172
1907,1907,6.18e+47,1020000.0,0.201,31.578,16.509,15.069,False,3.245,-0.983,2012-02-25 19:19:59.828,O5,"['H1', 'K1', 'L1']",9.821101222632745,133.17830485958714,428.7239545884152,1478.329050577262,129.97746908309523,345.0224289929703,825.0080337577463,9903391.28755216,34018071.77031192,137128413.23517567
1908,1908,4.1900000000000004e+49,941000.0,0.187,33.859,17.479,16.380000000000003,False,6.016,-0.424,2011-12-03 02:33:00.836,O5,"['H1', 'K1', 'L1', 'V1']",8.148692957466295,79.44366563580384,376.3481151424372,3109.125859177788,170.60699759905071,453.271757042532,1084.4795222268529,7299067.69227272,43845980.60744041,731940633.0874246
1909,1909,4.9e+48,230000.0,0.05,67.142,17.215,49.92699999999999,False,2.923,0.714,2012-08-10 07:44:46.647,O5,"['H1', 'L1', 'V1']",11.59280403683013,10.70734477701704,39.5523600486791,171.63128609364114,62.84599795228968,167.42016566434577,410.1848066173991,186342.12849266187,787194.8620796617,3909114.1090898407
1910,1910,1.2199999999999999e+51,372000.0,0.079,48.919,17.712,31.207,False,3.159,-0.658,2012-07-19 04:54:55.820,O5,"['H1', 'K1', 'L1']",9.057927658601765,109.81197542748762,394.0917262293355,1558.6495106927375,130.65316068022514,344.7668481737867,812.0582358164371,6267405.743795569,26787928.37838097,127790192.74805604
1911,1911,4.8800000000000005e+50,637000.0,0.131,50.15,17.215,32.935,False,5.073,0.893,2011-12-14 15:15:08.614,O5,"['H1', 'K1', 'L1']",8.597510955111801,212.05198997235087,671.1672485904967,2054.6687304862444,156.543386319437,415.2441815599764,992.9169380274052,22806732.50118889,82485881.80536458,320163622.8628387
1912,1912,2.09e+51,695000.0,0.142,33.804,21.683,12.121000000000002,False,5.781,0.771,2012-04-04 08:13:21.598,O5,"['H1', 'K1', 'V1']",9.09253474215874,82.77480908845267,385.3661487964088,2534.4684921742696,120.654708785337,322.3580926542489,808.8425426368902,3347922.2648219834,21463346.00605653,207617070.0914579
1913,1913,1.67e+49,770000.0,0.156,60.953,12.574,48.379000000000005,False,4.051,1.382,2012-08-11 10:50:37.293,O5,"['H1', 'K1', 'L1', 'V1']",8.181927443475429,407.97915884603685,2421.1852117368053,21156.57499610343,157.00156122379462,417.7848348630282,1016.0552335042812,80399742.22911385,555299317.8566681,5462588997.194222
1914,1914,9.72e+50,1360000.0,0.26,30.271,11.488,18.783,False,1.102,0.567,2012-01-27 03:19:53.431,O5,"['H1', 'L1']",8.030176105368849,178.36478039595943,569.0659937919205,2114.4466264532475,168.0964320018794,446.4731662334947,1070.3977460620956,23970185.65527979,81072562.82691395,347879009.6672
1915,1915,1.3199999999999999e+51,715000.0,0.146,63.193,15.75,47.443,False,4.646,1.151,2012-08-05 03:07:38.648,O5,"['H1', 'K1', 'L1', 'V1']",8.371243392018272,58.56304292854853,368.31100523506217,2979.009683352697,154.01902615965128,409.726186266991,994.5087336334908,9505481.077576872,68681779.04502012,765682105.589799
1916,1916,1.06e+48,539000.0,0.112,16.979,13.805,3.1739999999999995,False,3.216,-0.401,2011-10-06 12:39:11.714,O5,"['H1', 'K1', 'V1']",9.213749125664862,3.2341840996324325,11.430524420589489,59.411629005987,68.63670880164534,183.17620341680663,457.7337606995824,50576.90574700816,215030.19322785863,1720910.685612757
1917,1917,1.67e+48,757000.0,0.154,16.316,14.476,1.839999999999998,False,4.907,0.65,2012-04-05 12:56:36.440,O5,"['H1', 'K1', 'L1']",10.90929253836385,73.50252851195377,259.2369403802243,926.4505787476204,108.10902597912956,286.7420850308001,681.7561502882572,2903937.6533818,11987050.341079764,52719404.75745486
1918,1918,3.34e+48,1100000.0,0.215,34.862,5.156,29.706000000000003,False,1.356,-0.276,2012-05-25 05:33:27.152,O5,"['H1', 'K1', 'L1', 'V1']",8.068402609883863,208.35559816956567,951.7981276888422,13945.949444304277,164.98154657061673,438.5152346090514,1059.7077567386286,37326000.14030366,204938693.0514283,3718990312.990946
1919,1919,9e+50,424000.0,0.09,70.812,11.093,59.719,False,2.991,-0.277,2012-07-21 02:35:45.582,O5,"['K1', 'L1', 'V1']",8.296299647013521,239.6594792835495,1217.649810051479,13146.177462175789,167.86559740585028,444.51079866571854,1054.6736001381582,18359168.82762258,151255323.4191951,2505737566.8868403
1920,1920,5.26e+50,513000.0,0.107,72.335,6.151,66.184,False,4.937,-0.879,2012-01-25 07:23:57.512,O5,"['H1', 'K1', 'L1', 'V1']",9.324721884155863,110.6714201142184,412.14334405397966,2099.8151354763813,142.73364350898726,379.52880866379246,918.4178301720236,10158318.543985514,48783843.02843577,359779360.5759798
1921,1921,9.06999999999999e+47,1190000.0,0.231,22.398,16.79,5.6080000000000005,False,3.966,0.443,2012-07-15 02:38:18.412,O5,"['H1', 'K1', 'L1', 'V1']",8.951053479329103,117.65746216813962,427.48472494599815,1874.2828643759224,171.78563799352787,456.9427680443951,1107.7765291665703,20547152.71632088,86089788.95966318,504754435.5112529
1922,1922,4.520000000000001e+50,742000.0,0.151,22.438,5.196,17.241999999999997,False,2.915,-1.026,2011-09-23 22:30:12.264,O5,"['H1', 'K1', 'L1', 'V1']",10.13004797479269,5.769791094697338,22.861235058261347,297.09316731747947,126.40534291100288,338.12196729048776,856.2577923589233,394943.1420633476,1869134.467224745,39537510.60718065
1923,1923,3.08e+50,305000.0,0.066,54.339,40.256,14.082999999999998,False,5.954,-0.562,2011-12-03 14:41:49.279,O5,"['H1', 'K1', 'L1']",16.16717776461696,52.710496538662966,187.95815026194185,633.7227872873929,53.50822181897093,141.86025394714346,340.8971256117336,457099.6603498366,1786528.682315186,7416939.899851636
1924,1924,1.2300000000000002e+50,930000.0,0.185,43.324,16.079,27.245,False,6.148,0.219,2012-05-25 01:45:23.223,O5,"['H1', 'K1', 'L1', 'V1']",8.833793943573772,56.512003331034215,232.97360123057567,2020.8678384113728,153.98099073973253,409.6481948775007,993.7002095179232,5220103.432746198,28248565.85910353,390052401.8446026
1925,1925,3.59e+50,596000.0,0.123,57.588,22.162,35.426,False,2.033,1.007,2012-07-09 20:08:38.412,O5,"['H1', 'K1', 'V1']",8.056369736532528,518.5397731358853,1936.6056589875184,7615.333022831719,153.5942889914512,408.611710109774,992.7380984346842,50946024.65804654,218077526.3706633,1197215952.2552402
1926,1926,3.3300000000000003e+49,778000.0,0.158,59.903,16.499,43.404,False,0.907,0.769,2012-02-14 07:00:49.605,O5,"['H1', 'K1', 'L1', 'V1']",8.708925375092994,55.2035948775641,1168.8644371827727,24989.745901927487,171.92650182420357,455.41574285036006,1078.9898290455826,7452205.366706451,227745759.10025087,5205122979.378103
1927,1927,9.72e+50,346000.0,0.074,23.767,7.577,16.189999999999998,False,1.956,0.26,2011-10-10 11:35:46.302,O5,"['H1', 'K1', 'L1', 'V1']",20.71204940810402,0.7997232285049513,2.5403607615031243,9.042509783594646,32.77537404885277,87.29012935316155,213.3669557784632,3183.783623686128,11910.07198966836,56019.177074515406
1928,1928,8.319999999999999e+51,1520000.0,0.287,38.924,14.916,24.008,False,4.45,-0.921,2011-09-28 13:07:42.144,O5,"['H1', 'K1', 'L1', 'V1']",8.29859265174822,169.2274690965798,621.6706463391381,4061.515612071303,166.67007473422905,443.255114762432,1074.381124688468,31473114.20696074,136652615.29139295,1226138276.3206034
1929,1929,7.209999999999999e+47,434000.0,0.092,24.278,10.415,13.863,False,5.522,-0.935,2012-07-17 17:33:33.102,O5,"['K1', 'L1', 'V1']",12.71342470620265,8.343245095718913,29.82269444884387,136.76030032817883,48.6221512278903,129.59563374119813,318.4299824952261,100102.13069499354,404655.9069380485,2399836.366424939
1930,1930,5.3e+47,2270000.0,0.405,5.119,43.798,-38.679,True,5.05,-0.684,2012-03-30 03:47:44.699,O5,"['H1', 'K1', 'L1', 'V1']",8.041431390211178,1394.6100447185845,7497.2243207188385,29170.01444812728,177.93534350283903,474.6379985113879,1168.8164811370575,446678042.734694,2591418517.5324903,11056377800.143154
1931,1931,6.64e+49,701000.0,0.143,8.3,19.72,-11.419999999999998,True,1.039,-0.736,2012-07-24 03:11:57.706,O5,"['H1', 'K1', 'L1']",15.68090350284466,26.11016186879952,102.3462696581172,407.88665488573446,61.35439303306436,163.4647951858709,399.7702221385844,334563.0403133125,1493072.2630099547,8208649.999921439
1932,1932,5.25e+51,448000.0,0.094,51.079,6.801,44.278,False,3.853,-1.218,2011-11-02 17:15:18.514,O5,"['H1', 'L1', 'V1']",8.015564640303062,5.450611617815516,24.84191849921087,1322.3908398762264,143.46212114713217,384.1875962484832,952.0517335683716,294643.0923515734,1988218.318458405,219852900.8274341
1933,1933,4.9e+48,997000.0,0.197,41.316,11.107,30.209000000000003,False,4.819,0.806,2012-03-03 16:07:56.812,O5,"['H1', 'L1', 'V1']",8.503528013851426,7.867677502504239,63.245360993385695,1592.4031917399268,148.19402897685163,394.3327116532511,958.56423805056,1013412.0429495168,10955009.662477909,306161834.8958086
1934,1934,9.72e+50,357000.0,0.076,43.279,10.78,32.499,False,5.753,0.146,2012-08-25 23:58:42.641,O5,['H1'],8.125800125385528,2958.8195142656814,8856.405374043428,25572.45545057468,112.36343441874516,296.52638099098726,696.4861030684401,120113373.82557036,324509616.28870314,857324061.6443312
1935,1935,1.95e+49,845000.0,0.17,25.19,18.274,6.916,False,3.265,-1.377,2012-02-23 03:26:12.713,O5,"['H1', 'K1', 'L1', 'V1']",9.69986978034754,2.949284032611019,10.246000698380024,35.661649197758024,112.33459528245407,298.96233154875745,727.8353837423061,186537.56346932947,751370.8313764031,3750399.418381408
1936,1936,3.88e+49,721000.0,0.147,40.54,15.173,25.367,False,5.662,-0.89,2012-02-25 04:27:28.026,O5,"['H1', 'K1', 'L1']",12.24951299315131,84.94579091019008,279.18104535879297,1039.1078121928992,84.81550802616187,225.47409959753088,544.8198602148386,2783551.2825368685,10449017.686648864,43082310.23694015
1937,1937,1.67e+50,870000.0,0.174,10.11,15.289,-5.179,True,0.76,0.556,2011-11-23 11:30:02.125,O5,"['H1', 'K1', 'L1', 'V1']",8.451222377828236,321.4182441638712,7684.398549891627,30937.94715713619,161.90729616408362,433.4299446534417,1076.3332549836764,64680686.91213288,1594133945.0312216,7157355633.653861
1938,1938,6.17e+48,503000.0,0.105,58.092,8.776,49.316,False,4.073,1.178,2012-09-08 10:16:51.917,O5,"['H1', 'L1', 'V1']",9.0731011959503,3.085236321599633,10.615299473168868,58.06766397791403,98.6928278680864,262.97130770276385,646.6359625355561,110681.32454834296,474987.6185926896,4094491.317969745
1939,1939,1.43e+50,1020000.0,0.201,19.429,11.5,7.9289999999999985,False,4.471,1.011,2012-03-11 12:24:24.313,O5,"['H1', 'K1', 'L1']",8.660952485256628,234.73382435066483,708.0133314664666,2239.5031974513604,158.60476478560315,421.08220305897873,1009.7072066815246,29187474.76750973,97406299.45760022,355681385.33922666
1940,1940,5.28e+49,1010000.0,0.2,11.671,6.433,5.238,False,2.751,-0.353,2012-01-13 00:29:59.267,O5,"['H1', 'K1', 'L1']",9.520756487227436,116.11688057176868,455.1792022235937,1930.4047801753663,133.43697517003204,354.47008348814586,854.0217390534885,9943063.423128609,44006351.48053522,212690837.0661692
1941,1941,1.3200000000000001e+50,406000.0,0.086,76.13,22.496,53.634,False,5.308,-0.526,2012-03-18 07:41:18.348,O5,"['H1', 'K1', 'L1', 'V1']",9.21111208809192,4.425541290779129,42.38117917992381,404.9738123654872,129.44129672543795,344.90974744117943,846.1753962307395,356716.9981325631,3770369.76694254,46984196.99409975
1942,1942,1.05e+50,665000.0,0.137,2.675,23.487,-20.812,True,6.128,-0.865,2012-07-02 10:48:48.266,O5,"['H1', 'K1', 'L1', 'V1']",9.636852925540913,15.679579853032696,102.29668639454566,1665.2057048554482,143.49992920983357,386.424732197252,982.8230490073644,794530.160469517,7315258.32639967,269285094.3225188
1943,1943,1.43e+51,414000.0,0.088,44.857,5.868,38.989,False,1.489,-0.392,2012-06-14 02:44:07.842,O5,"['H1', 'K1', 'L1', 'V1']",14.60146288854622,0.9265422775150112,2.915587083880088,9.98855934428856,40.62970231459457,108.17936302591755,264.1397795830593,7913.7825149522305,29418.191955322145,135974.0235064112
1944,1944,1.43e+51,195000.0,0.043,57.482,24.072,33.41,False,0.322,-1.079,2012-02-02 04:15:51.781,O5,"['H1', 'K1', 'L1', 'V1']",16.74280893483022,0.3790041461377176,1.1807375534593658,4.010859373690207,34.39914091990352,91.62882113435916,224.0886807328966,1608.1542830365347,5906.60943951148,26873.658925923984
1945,1945,7.150000000000001e+50,345000.0,0.074,44.053,9.791,34.262,False,4.045,-0.133,2011-09-27 23:37:06.056,O5,"['K1', 'L1', 'V1']",12.39499725831298,19.69138918702724,64.47807720857577,253.7045007258903,47.97028770212097,127.78854471456476,312.6790610513897,169062.09169598954,665249.067549945,3441734.129553162
1946,1946,4.8800000000000005e+50,564000.0,0.117,27.958,14.913,13.044999999999998,False,1.209,0.187,2012-08-18 05:50:16.423,O5,"['H1', 'K1', 'L1', 'V1']",10.33504346951839,2.97177003874015,9.66923455043616,40.30040800411986,73.21458531010205,195.0780349873478,478.556690358797,75666.63684894126,297621.50758153654,1764734.3992907996
1947,1947,4.5300000000000003e+49,442000.0,0.093,55.38,22.651,32.729,False,3.033,0.944,2012-05-29 02:59:21.164,O5,"['H1', 'K1', 'V1']",11.49892209692704,145.0240208519101,734.9993054864726,3545.511479520992,84.88924151218725,226.17691330525665,547.3107286278901,3960777.4626183696,21892079.96789385,122002364.60566674
1948,1948,3.58e+51,341000.0,0.073,61.372,12.253,49.119,False,1.063,-0.065,2012-08-02 03:15:42.292,O5,"['K1', 'L1', 'V1']",10.39603481149056,14.763799566989436,60.713466716118994,378.56733869128993,63.80245693040155,170.01816539525805,417.2057425570839,269436.3616720335,1253456.6061201491,10149840.915355274
1949,1949,3.59e+50,397000.0,0.084,80.539,9.3,71.239,False,2.221,-1.173,2012-04-27 04:31:57.825,O5,"['H1', 'K1', 'L1', 'V1']",8.834495166513808,79.76618193431099,872.1173170621548,9917.824603272176,175.5272132643745,465.9133131628072,1118.8526341099448,9111971.888225736,134092015.52612306,2307925176.244133
1950,1950,9.749999999999987e+49,924000.0,0.184,31.923,16.965,14.957999999999998,False,4.354,0.921,2012-01-20 15:59:09.729,O5,"['H1', 'L1', 'V1']",10.07065648452625,22.893626461824542,153.62083027698452,699.6203576141033,115.28182234037295,307.02911700728566,749.9727126870617,1915295.4490527352,12494561.267708002,72405561.76672702
1951,1951,1.55e+49,393000.0,0.084,57.145,12.859,44.286,False,3.092,-0.013,2012-02-06 22:25:27.421,O5,['L1'],8.141705013168261,2959.011111372553,8857.397489497569,25573.96957336681,112.38077444633576,296.5581074013871,696.5029656947506,120550945.07027292,325596623.79464525,859007680.6241556
1952,1952,1.0499999999999999e+51,505000.0,0.106,74.769,9.837,64.932,False,5.018,-0.06,2012-02-28 15:32:03.937,O5,"['H1', 'K1', 'L1', 'V1']",9.360365477355188,27.1677391858369,103.439472350303,593.4292705802322,129.18812077967857,344.59118890560285,843.5953287004763,1227247.2544295788,6473713.311974952,68117570.70822535
1953,1953,9e+50,446000.0,0.094,13.841,10.616,3.225,False,5.386,-0.248,2012-05-10 17:42:00.371,O5,"['H1', 'K1', 'L1', 'V1']",13.81246804957055,1.8375118262557644,5.885565771877686,21.75199700460788,41.63003059110241,110.845246879017,270.5801126442966,16637.282587998492,63001.93606581415,312703.47463502386
1954,1954,2.85e+50,584000.0,0.121,47.865,14.772,33.093,False,2.431,0.219,2012-08-02 22:44:02.962,O5,"['H1', 'K1', 'V1']",8.407023150090073,71.10724414232806,229.98230968330128,2439.625145354948,130.1255151587377,348.67121814279017,886.312268716981,3714828.3330881926,16157180.465711933,365282247.2789822
1955,1955,4.5300000000000003e+49,391000.0,0.083,29.389,16.298,13.091,False,3.274,0.918,2012-06-05 09:11:43.058,O5,"['H1', 'K1', 'V1']",12.25315137511374,0.7515593674177568,2.7824148482590254,17.460309556547198,46.4260863113995,123.54896974602411,300.5428988893427,5772.042880704872,26111.91394875958,221321.22426715685
1956,1956,4.8800000000000005e+50,597000.0,0.124,43.117,8.642,34.474999999999994,False,1.294,0.031,2012-05-21 04:32:45.634,O5,"['H1', 'K1', 'L1', 'V1']",8.258952049149142,208.24908673725133,1565.7862596516168,23977.634003023468,175.60557178470958,466.160411071672,1106.805315117881,25757542.23667273,311739606.0413576,5218009852.918324
1957,1957,2.45e+50,213000.0,0.046,82.928,10.628,72.3,False,0.653,-0.869,2012-09-01 08:10:16.420,O5,"['H1', 'K1']",10.03479010455909,72.03893505736464,336.65736262843507,3374.2230292778568,85.68952606742715,236.0528014416888,585.3507626674177,627123.4480579969,4750749.291654372,90899157.03388174
1958,1958,4.89e+49,1780000.0,0.329,23.685,12.821,10.864,False,2.371,-0.6,2012-04-25 14:02:59.503,O5,"['H1', 'K1', 'L1', 'V1']",8.102744183188948,92.15861850874532,463.9371365919214,2732.9826040378853,171.84493770081122,457.294163702624,1112.0714131847767,20640576.84214741,115261951.54502109,853121602.0801151
1959,1959,3.6e+49,1150000.0,0.224,31.851,8.674,23.177,False,3.185,1.144,2012-03-09 07:50:22.038,O5,"['H1', 'K1', 'L1', 'V1']",9.000387259125791,87.91041904662957,321.56933074986426,1562.9619507278649,162.65141850225814,432.6761686690456,1049.5725140165514,13919077.016691718,61065917.01347045,376711496.7074216
1960,1960,7.19e+48,438000.0,0.093,77.261,11.297,65.964,False,2.103,0.711,2012-02-19 04:23:00.652,O5,"['H1', 'K1', 'L1']",8.996313686865228,127.06737545257964,476.4544057241115,1846.028703329018,136.07267801807154,361.7424968548097,863.8825519964067,9270740.254237792,36108958.41573735,156459570.55039883
1961,1961,1.67e+50,169000.0,0.037,86.002,12.431,73.571,False,3.784,1.212,2011-09-30 07:07:14.103,O5,"['H1', 'L1', 'V1']",15.21758999357016,0.8927261131608152,2.829437645134244,10.01137949771781,34.88370451515476,92.8387285388572,225.8931603197342,3608.2793720320665,13574.584806348012,64745.331808954405
1962,1962,6.18e+47,744000.0,0.151,27.806,15.2,12.606000000000002,False,2.889,0.26,2011-10-28 02:58:47.084,O5,"['H1', 'K1', 'L1', 'V1']",8.09806633947829,117.86907103814102,615.3155576111118,8046.697385204437,160.11557083395155,424.8323850758593,1017.386247865296,13790369.529768215,98553113.53925852,1835981110.7468207
1963,1963,2.27e+49,721000.0,0.147,55.659,9.518,46.141,False,2.936,-0.691,2012-01-13 20:35:02.839,O5,"['H1', 'K1', 'L1', 'V1']",8.434962079745153,26.723516359903986,299.9734523509182,2134.7448024285054,160.9425332203018,428.1157170995105,1037.5209537217468,4180095.747635229,50717887.29918996,517415158.6537835
1964,1964,2.4399999999999998e+51,531000.0,0.111,25.516,12.719,12.797,False,3.255,-0.603,2011-12-11 18:50:16.184,O5,"['K1', 'L1', 'V1']",10.08929929891408,18.86849567184913,62.07734236970495,268.1439653985961,75.42330741093434,200.90381775851017,492.8182164979458,451846.96174683067,1737894.1548840916,10175363.58167416
1965,1965,1.14e+50,436000.0,0.092,32.186,10.706,21.48,False,6.014,-0.306,2012-03-15 15:17:23.061,O5,"['H1', 'L1']",9.607653566923045,116.69628615263372,418.5002876637763,1764.0878711134776,80.5606001769653,214.76536624403155,534.07902039464,2157111.389996256,8655260.187604524,48598385.42747277
1966,1966,2.63e+51,655000.0,0.135,46.685,12.998,33.687000000000005,False,2.565,-0.774,2011-11-21 22:56:31.146,O5,"['H1', 'K1', 'L1', 'V1']",12.73315303305116,1.270612099198542,4.936989127247911,91.46255754362323,79.59992108000563,212.8259569117521,533.2372805571079,42253.51112681346,207726.6494677477,4646786.729203733
1967,1967,1.66e+51,1120000.0,0.219,16.397,15.101,1.2959999999999976,False,1.046,0.239,2012-05-04 20:05:02.219,O5,"['H1', 'K1', 'L1']",8.309224165960147,227.72498935764096,756.4993332377874,2643.0768448906915,160.18231963695814,424.99376639644686,1016.4649955996468,26797369.73225141,98850611.2466919,428287412.67048377
1968,1968,7.19e+48,322000.0,0.069,52.66,11.678,40.982,False,0.327,0.787,2012-08-19 07:10:36.479,O5,"['H1', 'K1', 'L1', 'V1']",14.63906686854504,0.8555334000262503,2.6854347796300995,9.334921526887124,50.25506510737483,133.8588977770674,327.42685732196287,11857.5241035768,44003.09428909331,206845.07060804087
1969,1969,2.2600000000000003e+50,1190000.0,0.231,21.368,7.706,13.662,False,5.857,0.459,2012-03-19 17:55:50.416,O5,"['H1', 'K1', 'L1']",8.133813188666114,100.40309815151907,448.3254991842908,1999.6790454640409,164.14485296350244,436.3303987103484,1052.6181415316,15330426.412823232,76528918.95042452,375818098.69876766
1970,1970,1.43e+49,11600000.0,1.544,81.648,12.982,68.666,False,4.48,0.085,2012-07-23 07:25:34.803,O5,"['H1', 'K1', 'L1', 'V1']",8.031859425796902,3717.8126037939937,12628.643495485294,32811.722950372605,233.4980715331185,622.1456782999144,1523.8064926887985,2697561518.985771,9642971490.401953,28246738656.956654
1971,1971,5.7e+49,2190000.0,0.392,82.676,23.413,59.263000000000005,False,4.088,0.484,2012-04-27 23:09:33.871,O5,"['H1', 'K1', 'L1', 'V1']",8.26420123053535,2993.814720925928,11657.193933679266,32482.951073863136,160.0877990082936,426.63834170278415,1045.9972108738766,785503651.5967876,3210227965.574206,10134435767.917011
1972,1972,5.680000000000001e+50,551000.0,0.115,40.104,8.459,31.645,False,5.989,-0.611,2012-03-05 19:05:03.215,O5,"['H1', 'K1', 'L1', 'V1']",8.072630956472302,92.74485145651184,859.3037564903497,11419.786296495302,177.9063290319193,470.46277850808906,1108.8586222982967,9389586.395131974,110126306.2599556,2554128776.6467943
1973,1973,2.1099999999999998e+47,243000.0,0.053,46.75,14.688,32.062,False,0.95,-0.747,2012-03-23 18:51:21.393,O5,"['H1', 'K1', 'L1']",16.6056338989838,3.703053202708761,11.86912555076868,40.97321695293741,23.57853622699145,62.80917837497526,153.75177571858922,7565.729507970062,27902.2463996854,120637.2915862995
1974,1974,3.86e+51,363000.0,0.077,43.504,23.729,19.775,False,0.043,-0.39,2011-09-19 12:51:26.039,O5,"['H1', 'K1', 'V1']",12.61917247024152,8.087508015499832,25.4407312030367,90.40362664163509,47.892311197741776,127.54499285107828,311.725630623366,91166.35387064838,335097.1742787173,1574865.9512585502
1975,1975,4.1699999999999995e+51,305000.0,0.066,71.418,11.33,60.08800000000001,False,3.134,-0.644,2011-11-09 06:24:32.896,O5,"['H1', 'K1', 'V1']",12.28333870529489,58.99654392699339,224.20423481172773,973.9266883326997,59.80629331059709,159.32065639752113,389.4699105325293,815957.0643932807,3682779.189029647,20570923.179178976
1976,1976,3.3099999999999995e+51,5900000.0,0.892,22.807,20.609,2.197999999999997,False,5.784,0.338,2012-03-07 05:10:03.504,O5,"['H1', 'K1', 'L1', 'V1']",8.02475206364542,302.6097305462726,1504.8560379972755,12901.718442709704,225.13259837763871,599.5156716966717,1463.3068130856727,120553618.62957688,710214555.5474806,7321930436.666738
1977,1977,2.4399999999999998e+51,410000.0,0.087,81.362,8.715,72.64699999999999,False,6.24,1.135,2012-06-30 06:53:22.494,O5,"['H1', 'K1', 'L1', 'V1']",9.932983048008126,15.3575550445298,107.40416250214432,797.8682028246184,133.5895821084697,355.79983215995264,868.3921723453423,1508319.9035236966,13147565.3017481,113313387.55047606
1978,1978,9.03e+49,339000.0,0.073,47.157,23.523,23.634,False,2.61,-1.078,2012-02-16 21:46:18.112,O5,"['L1', 'V1']",9.648569959726068,215.8915622023972,1160.8923864750857,5754.851812261112,86.85698339613498,230.77950331144416,558.3143288768999,4001921.3954822095,27577798.56706072,185557449.8812617
1979,1979,7.719999999999991e+50,467000.0,0.098,58.992,13.295,45.697,False,3.473,1.142,2011-12-09 15:26:42.705,O5,"['H1', 'K1', 'L1', 'V1']",10.7678042221562,7.8319613723460115,43.96419373973693,579.4719723277079,96.88529090245572,258.41220374359966,636.8016163048342,349602.31702833914,2738962.0170324217,41859187.51228281
1980,1980,1.0499999999999999e+51,881000.0,0.176,11.992,11.971,0.0210000000000007,False,5.076,0.117,2012-07-17 07:39:02.720,O5,"['H1', 'L1', 'V1']",9.499241904688152,18.25861525738134,67.64234621669429,477.9613100270547,106.68792283120833,285.04628029557784,708.0098631457672,693063.6956791003,3260942.893237626,39467678.13939007
1981,1981,9e+50,416000.0,0.088,85.86,9.925,75.935,False,4.489,-0.794,2012-05-10 21:46:46.379,O5,"['H1', 'K1', 'L1', 'V1']",9.966053634956468,51.353137983344006,176.28671948790972,720.6459356124559,145.37255835469614,386.7756948351812,939.3478973116288,4713699.667332855,18620348.88036441,118299900.57884888
1982,1982,1.54e+51,375000.0,0.08,60.307,9.06,51.247,False,0.42,1.527,2011-12-23 13:16:25.353,O5,"['H1', 'K1', 'V1']",10.25738711858877,8.239919955303126,34.404977802705616,444.7866811670074,84.95721242309111,226.7403411194232,560.6064585514841,211744.77655577016,1030560.3498837956,18249642.677424204
1983,1983,7.209999999999999e+47,455000.0,0.096,87.072,9.254,77.818,False,5.029,0.614,2012-04-26 09:29:16.630,O5,"['H1', 'L1', 'V1']",9.814363387566134,110.11200171007448,440.05475027788486,2089.609048909618,144.76746634260385,385.1123573432186,932.830911218038,8603793.691405438,40197804.52807351,265196702.1268669
1984,1984,2.27e+49,1130000.0,0.221,40.666,15.485,25.181,False,0.163,-0.066,2012-06-12 12:36:41.020,O5,"['H1', 'K1', 'L1', 'V1']",8.159402835184048,558.1075108505364,3604.6862311700606,19882.31458715353,151.85611865591022,404.6563233520943,989.664463786453,95816244.53571773,716138754.1905683,4923090150.893822
1985,1985,1.8e+51,461000.0,0.097,84.686,20.418,64.268,False,4.952,-1.109,2012-06-03 21:51:38.628,O5,"['H1', 'K1', 'L1']",11.00704342959826,56.696970536171136,238.9949720957521,1382.9239180093202,96.91143548794024,257.4914263709572,621.0152534840238,2389202.538436565,10432570.869165575,67918266.05739354
1986,1986,1.8e+50,173000.0,0.038,47.375,6.768,40.607,False,5.334,-0.924,2012-05-23 12:37:43.140,O5,"['H1', 'L1', 'V1']",18.10620180638996,1.8573490627913365,6.119542238364272,27.95568308946881,23.311242762398848,62.08422748451849,151.2896860902387,2559.112133536411,10164.83672779626,64092.08668966986
1987,1987,1.9399999999999998e+51,478000.0,0.1,14.51,19.69,-5.1800000000000015,True,3.607,-0.309,2012-02-14 04:05:31.316,O5,"['H1', 'K1', 'L1', 'V1']",11.05609832756213,4.653479710450935,13.590787274061094,44.7044430455536,55.56950399110667,147.9999606422479,361.82004237881927,60482.05195176634,211838.13121251191,1033353.8401272964
1988,1988,8.979999999999999e+51,516000.0,0.108,77.433,11.273,66.16000000000001,False,1.079,-1.041,2012-02-22 13:33:26.695,O5,"['H1', 'K1', 'L1', 'V1']",8.643804101108412,48.22817329626655,237.1352320318805,1792.6270646379594,146.88407225211995,390.73928774763226,948.561776382443,6804428.191613135,39157101.301771216,369510302.3078042
1989,1989,6.61e+51,346000.0,0.074,59.989,15.962,44.027,False,2.849,0.631,2011-09-30 13:43:55.820,O5,"['H1', 'L1']",11.07533350482423,71.22883399875258,260.7590310485837,1455.20395146154,97.74798322129618,259.93406170210835,627.826336921068,2853318.4564181794,10911068.658897096,61110627.3074698
1990,1990,1.2300000000000002e+50,294000.0,0.063,76.938,18.366,58.572,False,5.274,0.705,2011-12-06 07:42:33.856,O5,"['K1', 'L1', 'V1']",8.68907121218048,87.11842655065492,707.7660078892883,6218.821878319526,134.29738663646106,356.7743626288983,863.0662912391072,6441859.592582493,52893640.93317158,669406620.8807353
1991,1991,9.749999999999987e+49,387000.0,0.082,47.038,13.011,34.027,False,0.307,-1.334,2012-05-16 12:50:29.077,O5,"['H1', 'K1', 'L1']",9.287883478775294,14.075764943781676,160.45446107081523,1507.600699589403,106.20876145926718,284.7254670289054,717.9923860181075,577113.6121352818,6945684.025624562,114173250.37970152
1992,1992,2.46e+48,1180000.0,0.229,9.503,13.569,-4.066000000000001,True,1.518,1.22,2012-01-29 05:18:48.557,O5,"['H1', 'K1', 'L1', 'V1']",9.34147594152288,23.765580147114505,262.71822073750866,1477.9129662452049,160.38198674325793,427.02701614079535,1041.2520860294107,3760663.222836988,41953803.57984632,324182621.5235046
1993,1993,4.18e+50,567000.0,0.118,20.772,20.648,0.1239999999999987,False,5.598,0.472,2012-05-23 03:43:33.099,O5,"['H1', 'L1', 'V1']",9.89098910179088,9.393189928852786,41.7853912804522,257.2556286989554,87.11151876445103,232.1723307108876,569.7389204667562,309465.88355776994,1728313.8981341005,13275431.395271547
1994,1994,1.3199999999999999e+51,2620000.0,0.457,64.289,10.656,53.633,False,2.131,0.531,2012-07-30 19:19:35.332,O5,"['H1', 'K1', 'L1', 'V1']",8.2855020604351,3003.405604428965,12334.133056823308,32707.951955151068,169.79566849169578,452.67787993162005,1113.107087889084,975530409.4807118,3998348656.73043,12189264890.16783
1995,1995,2.45e+49,149000.0,0.033,63.634,10.822,52.812,False,3.446,0.181,2012-03-07 16:36:38.853,O5,"['K1', 'V1']",9.215329924326207,49.29250284134416,186.27182198483803,831.7887285693641,50.93357010393299,136.3157384903348,344.03584739407324,296603.2834662003,1265302.462844852,8596632.819833996
1996,1996,1.3199999999999999e+51,413000.0,0.088,37.479,10.643,26.836,False,0.484,-0.693,2012-07-29 00:08:09.469,O5,"['H1', 'K1', 'L1', 'V1']",18.46585714016058,1.564685001705376,5.581663097566107,22.14193562199493,44.54015778699534,118.88586561829754,294.28633205373546,14699.577672135394,60077.27642993711,304465.29595002445
1997,1997,1.9399999999999998e+51,432000.0,0.091,71.801,46.738,25.063,False,1.884,1.002,2012-01-13 04:57:51.286,O5,"['H1', 'K1', 'L1', 'V1']",8.067992740794752,33.78848304212081,323.58109020614864,3305.2425424926864,144.3483392378555,384.0725168636252,933.1678824241602,4616717.78515145,54665490.61663064,730760318.8814663
1998,1998,4.21e+47,801000.0,0.162,52.98,6.677,46.303,False,3.819,1.144,2012-02-07 05:16:16.803,O5,"['H1', 'K1', 'L1', 'V1']",8.228107639874429,1524.34781433799,6874.55509093268,27652.36183369112,153.47438586934982,408.91623334460337,999.50061054414,270651301.9382132,1419321123.4392571,6563858559.51084
1999,1999,1.9399999999999998e+51,351000.0,0.075,72.006,24.65,47.356,False,2.169,0.346,2011-10-19 10:47:35.586,O5,"['H1', 'K1', 'L1', 'V1']",13.07159055692243,1.946643451397305,6.868639610369194,26.00646672025692,59.30151660793382,157.990881690445,386.9057719083923,36180.802857559655,148353.19083475537,737922.0508296672
2000,2000,3.88e+49,12700000.0,1.662,76.947,14.624,62.323,False,1.871,-0.513,2012-08-24 18:52:20.382,O5,"['H1', 'K1', 'L1', 'V1']",8.064809763145318,57.09747739233273,338.40060655346724,12028.18155690443,326.5086241894835,865.8978289744621,2052.2865816837625,19248130.92848809,176367156.49183843,10370930245.48325
2001,2001,8.339999999999991e+50,859000.0,0.172,12.761,11.033,1.7279999999999998,False,0.091,0.74,2012-03-19 19:46:03.245,O5,"['H1', 'L1', 'V1']",11.36237967124767,10.505543190676873,57.06037117275826,402.5693846151656,97.34636439147368,259.37524973633185,632.8832873291565,510382.410058699,3302509.161418706,26884333.56883428
2002,2002,1.66e+51,455000.0,0.096,38.932,5.084,33.848,False,5.933,0.642,2011-10-28 19:54:17.886,O5,"['L1', 'V1']",9.36095224586836,37.93648875185127,190.37032834519368,1516.0270163640828,80.28443280850422,214.2021046486581,529.7238042671711,914395.8611855848,5205083.40851914,51157060.23818171
2003,2003,9e+50,741000.0,0.151,64.019,7.769,56.25000000000001,False,2.444,-0.756,2012-07-11 01:34:10.758,O5,"['H1', 'L1', 'V1']",8.012051806714425,21.01451443031761,222.3366647143975,5233.464118443127,166.43039215156386,443.114275004065,1079.3786469618185,3318212.2465215763,42099739.49762254,1285440826.5054204
2004,2004,5.28e+49,259000.0,0.056,60.214,16.674,43.54,False,3.094,0.376,2012-07-18 04:53:51.398,O5,"['H1', 'K1', 'L1', 'V1']",9.47254742019726,12.618665456143392,67.05473676567303,1980.3602030221016,135.344809791143,360.1627824611951,861.1438738976215,333487.1027028646,3684014.352854332,207123907.29390183
2005,2005,1.05e+50,431000.0,0.091,25.753,13.14,12.613,False,0.007,0.009,2012-02-03 06:44:28.159,O5,"['H1', 'K1', 'L1']",11.94339151572578,7.523496441116212,26.58591605374401,131.52080420131682,52.80528561763015,140.71681678112532,345.11094892338434,90337.9815885796,389034.125190602,2213467.3341923165
2006,2006,3.3300000000000003e+49,406000.0,0.086,31.977,12.176,19.801,False,3.826,-1.167,2011-12-31 13:41:52.115,O5,"['K1', 'L1', 'V1']",9.86439978787733,2.636691708652715,7.996598367648456,25.198991332043228,67.45952959255266,179.7183453493305,440.17061661055664,38373.67160241024,137857.31924824324,671301.1978928113
2007,2007,6.63e+50,442000.0,0.093,60.718,17.403,43.315000000000005,False,1.293,0.004,2011-11-19 23:42:50.399,O5,"['H1', 'V1']",8.650239780336205,78.96207926543384,290.6921742578125,1379.7638682304346,92.27731076622774,246.52388849657584,617.165993375263,2466254.794261589,11742083.495183771,82201383.04323713
2008,2008,1.3200000000000001e+50,287000.0,0.062,66.202,20.481,45.721,False,5.087,0.627,2012-01-03 05:23:29.526,O5,"['H1', 'L1', 'V1']",8.218004879002162,122.31290020307026,431.6652400832518,2252.058660628272,147.74822631319375,393.6482216374311,958.7752168161034,6119387.03603725,29629517.097509302,298515145.637332
2009,2009,2.6599999999999997e+47,166000.0,0.036,25.26,14.37,10.890000000000002,False,5.371,-0.362,2012-07-18 17:25:34.022,O5,"['H1', 'K1']",23.5038987078954,24.52875563449212,83.55669633749687,268.46859518009506,14.39102488604874,38.47598426047841,96.62338451421844,10670.429775089971,42644.791436228326,186039.6816876829
2010,2010,1.3199999999999999e+51,482000.0,0.101,6.387,11.296,-4.909,True,0.568,0.63,2012-07-08 16:02:10.194,O5,"['H1', 'K1', 'L1', 'V1']",20.64673388986085,7.458869881938783,23.57151269915632,75.18078811265838,40.282469841407135,107.29241236263186,262.0035088330074,40671.882432203005,145733.33410748807,627824.1052343486
2011,2011,2.2599999999999998e+51,576000.0,0.12,17.829,21.461,-3.631999999999998,True,1.087,0.404,2011-11-24 11:51:36.836,O5,"['H1', 'K1', 'V1']",9.345627841738612,61.36909857377683,337.52958793726816,5143.306715902182,146.5159887991133,400.9828309176208,inf,1839607.3711930537,19474981.578322794,1027011036.149571
2012,2012,5.26e+50,495000.0,0.104,38.194,14.255,23.939,False,4.015,-0.99,2011-09-14 06:04:22.282,O5,"['H1', 'K1', 'L1', 'V1']",13.40427932703389,0.7028726554870451,2.4325829017074416,11.478222712025264,57.24208921577082,152.41942674949792,372.00543449149694,12152.635042389367,51453.4598618989,290762.8263940616
2013,2013,5.680000000000001e+50,457000.0,0.096,41.24,12.358,28.882,False,5.898,0.46,2011-11-24 18:45:02.237,O5,"['H1', 'L1']",8.173722745531721,262.6414267668436,829.290207136325,2750.8819709277595,143.5139733536937,381.733127017864,918.027071112438,9989783.801400132,52959285.90063179,309730372.28638375
2014,2014,2.27e+49,1470000.0,0.278,11.939,22.162,-10.223,True,2.196,0.656,2012-07-22 15:52:34.157,O5,"['H1', 'K1', 'L1', 'V1']",8.95411196726602,41.31524472228987,217.8806721754263,1423.2282216959873,166.7498762236496,443.8391644168841,1080.1259150854066,6717073.826718427,41695286.53567916,360675605.87069535
2015,2015,2.86e+49,1040000.0,0.205,37.763,10.087,27.676,False,6.195,1.111,2012-03-01 13:08:32.530,O5,"['H1', 'L1', 'V1']",8.128977005200532,328.1998105345433,1217.3407324017146,5399.420608224574,154.7956607052006,411.76030090881625,998.0995950614656,41145361.4430843,191621469.51419336,1130672133.277012
2016,2016,4.9e+48,931000.0,0.185,33.981,21.185,12.796000000000005,False,3.459,-0.631,2011-10-07 05:04:36.179,O5,"['H1', 'K1', 'L1', 'V1']",9.732245000121107,63.49826496308724,243.7757478850136,1311.627534234413,144.01050664054787,383.3366411695689,933.8735466017029,7147667.974311895,31342745.690204497,227939455.9336793
2017,2017,1.05e+49,369000.0,0.079,49.421,15.355,34.066,False,2.284,0.058,2012-08-05 04:16:43.278,O5,"['H1', 'K1', 'L1', 'V1']",11.0729219709385,15.031454803528264,51.24785077181131,154.41454275674735,60.50513186062352,161.12419793758022,393.6983434630971,269365.8960515254,1011467.1802518468,4448635.827398052
2018,2018,8.36e+49,305000.0,0.066,30.88,13.071,17.808999999999997,False,0.137,0.607,2012-01-06 03:01:45.338,O5,"['H1', 'K1', 'V1']",17.08994353045592,5.686881483243444,21.418487447995805,208.46911797089925,40.99574170503362,109.63826388149158,262.7028477241049,19550.81715883327,90672.40165310683,957511.6697359208
2019,2019,7.150000000000001e+50,487000.0,0.102,31.171,13.303,17.868,False,1.135,0.495,2012-05-19 10:38:33.480,O5,"['H1', 'K1', 'V1']",9.54461783983565,34.71186218228158,151.9608286736343,1002.8641452960256,85.72054596109837,228.73422329874995,565.4233631847937,711432.0901812742,4322163.145412765,46317651.54580773
2020,2020,4.89e+49,780000.0,0.158,63.022,6.564,56.458,False,1.684,-0.142,2011-10-01 01:01:43.630,O5,"['H1', 'K1', 'L1', 'V1']",8.223961448599537,128.08479458542294,453.8079028550823,1838.8775642816645,159.474895411611,424.2004726561992,1029.097154251668,20847152.939854834,85250562.33121108,462438097.8723247
2021,2021,2.28e+47,317000.0,0.068,34.125,7.899,26.226,False,2.168,0.094,2011-11-13 09:38:43.199,O5,"['H1', 'K1']",11.12862509847109,44.63491714398227,132.33727444290318,442.77317279714345,41.797659768451865,111.74552595785678,280.921122465224,226309.9814205851,834242.06845842,4425668.6048761485
2022,2022,8.339999999999991e+50,482000.0,0.101,52.201,6.947,45.254,False,4.671,-0.968,2012-05-14 01:13:04.864,O5,"['K1', 'L1']",8.380088925791089,940.2101225404202,4031.474552126777,14257.515345454718,111.93759585828344,297.31778276609043,714.7930678361702,30508685.95237528,167163864.8855446,747015752.1077739
2023,2023,9e+50,369000.0,0.079,15.97,15.169,0.8010000000000002,False,2.165,0.63,2012-07-31 23:40:32.844,O5,"['L1', 'V1']",9.213443331125475,40.393416151575366,150.15701740764953,763.4770378683515,112.8293837462549,300.58228379872423,766.7900478980534,561520.6925978098,3730077.524348172,46287994.57049692
2024,2024,1.81e+48,967000.0,0.192,38.707,10.475,28.232,False,5.274,0.82,2012-09-07 03:32:43.360,O5,"['H1', 'K1', 'L1']",10.68848711903546,67.97827757168658,279.48372290319844,1109.4654438357586,108.36008122488896,288.1959572962392,696.692406140704,3494750.0936743603,16871630.845205095,78643806.9133599
2025,2025,2.2599999999999998e+51,1060000.0,0.208,25.644,26.753,-1.1090000000000018,True,2.501,-0.427,2011-11-27 20:53:52.681,O5,"['H1', 'K1', 'L1', 'V1']",9.184569858319293,15.616976823883016,72.71240350960218,1274.893905286118,152.66959243260533,407.44233009797983,1004.1152735736572,1439695.035824153,8743809.519057766,258028256.6110685
2026,2026,1.67e+49,1320000.0,0.253,18.512,7.142,11.37,False,0.299,0.615,2012-01-22 23:19:28.939,O5,"['K1', 'L1', 'V1']",8.177059608534595,73.4721746222245,648.1934043732219,8274.832137188772,176.82566700757263,470.0447811108572,1136.226158094572,7175663.718357575,94659714.75272168,1814323268.590528
2027,2027,9.82e+46,446000.0,0.094,63.819,20.416,43.403000000000006,False,3.987,-0.946,2012-02-17 01:58:04.928,O5,"['H1', 'K1', 'L1', 'V1']",10.91464348814097,29.11924692993053,93.46653720281172,382.844644469613,99.46238004252598,264.74664980201123,644.4442225009482,1222509.626052085,4751519.332320502,27278666.504458047
2028,2028,5.26e+50,847000.0,0.17,51.441,7.456,43.985,False,4.027,0.011,2012-03-02 13:43:29.571,O5,"['H1', 'L1', 'V1']",8.18064203686625,36.48994826637221,193.3162796231441,1374.084909788969,157.98584614210165,420.3553108203809,1018.4051871772414,3363411.3381816666,25465989.98152895,282234006.789585
2029,2029,1.3200000000000001e+50,164000.0,0.036,74.297,18.848,55.449,False,0.293,-0.208,2011-10-17 20:34:29.548,O5,"['H1', 'K1', 'L1']",17.45047929338223,11.713454024457612,44.99456228181768,169.665420761553,43.30060667071052,115.28352300367716,281.14173995155727,97286.19527409002,380036.9963400997,1856855.0921639504
2030,2030,3.6e+49,53200.0,0.012,21.206,12.668,8.538,False,4.852,-0.733,2012-03-13 17:11:05.643,O5,"['H1', 'K1', 'L1', 'V1']",87.95916217231805,0.0204350191766252,0.0639920541407333,0.2148863779088855,2.8312543041232345,7.547568486040923,18.54723288829794,0.2467465048352498,0.9047240936518908,3.9968317297626017
2031,2031,9.77e+48,972000.0,0.193,17.747,13.412,4.334999999999999,False,5.219,0.233,2012-07-21 06:59:43.590,O5,"['H1', 'L1', 'V1']",8.558282639323696,80.5225123078586,310.8072215176468,1225.7181107728877,144.79111013920158,385.1691634004264,934.594492976418,9459747.47438896,41731670.72152354,219405550.09394065
2032,2032,2.09e+51,863000.0,0.173,30.469,8.903,21.566000000000003,False,5.035,-0.165,2011-09-24 14:41:27.390,O5,"['H1', 'K1', 'L1', 'V1']",10.10999099662835,10.220995444143094,36.56345856335558,404.7691534203646,134.7642562020851,359.0115664817664,878.8610581075683,861624.0851404542,3764783.265247693,64478325.27587684
2033,2033,2.6400000000000003e+50,1900000.0,0.348,22.342,24.982,-2.640000000000001,True,4.504,0.832,2012-02-08 11:05:41.350,O5,"['H1', 'K1', 'L1', 'V1']",8.213657420400718,1540.1876126737782,7434.835024688807,30036.99860893496,178.95206055769472,477.1826152975584,1172.4487813862602,464578821.51839626,2558062903.585002,10902266421.118055
2034,2034,1.43e+50,300000.0,0.065,32.49,3.216,29.274,False,5.707,-0.395,2012-05-07 05:29:57.705,O5,"['H1', 'K1', 'L1']",17.75937675439465,5.89070893122766,21.31185556510973,102.04417291800516,37.666298258514246,101.29104074383562,254.7968176640932,20488.82258420277,87975.17300381354,607033.7128929817
2035,2035,2.45e+50,362000.0,0.077,66.831,18.107,48.724,False,0.846,0.908,2012-06-30 06:34:44.417,O5,"['H1', 'K1', 'V1']",9.292711456201914,184.3525934313933,651.6831143346387,2983.8093127184675,100.80337877493996,268.97282923319943,668.5684301110065,4954095.043289418,20975683.82068017,149388965.12421256
2036,2036,3.08e+50,8990000.0,1.255,65.757,15.334,50.423,False,5.936,0.117,2012-03-27 09:48:59.515,O5,"['H1', 'K1', 'L1', 'V1']",8.157746855689846,3798.745276359672,13357.307082982845,33404.99307923451,228.2948945293556,608.2809350358591,1489.7878583564104,2386231304.195954,8626860948.297033,24655519178.22228
2037,2037,2.4399999999999998e+51,706000.0,0.144,75.436,12.598,62.83800000000001,False,0.799,1.402,2011-12-02 17:32:59.380,O5,"['H1', 'K1', 'L1', 'V1']",8.098450167811661,31.894349235994728,592.4335885990279,17813.18227740219,169.41467859160093,449.7583250747096,1079.102039645542,4797649.657886175,121815021.43481724,4240602266.079144
2038,2038,2.45e+49,470000.0,0.099,63.849,13.398,50.45099999999999,False,5.815,-0.357,2012-03-06 22:05:08.089,O5,"['H1', 'K1', 'L1', 'V1']",9.024081758782293,12.703889231096031,63.947393904594485,1875.492714345496,141.0379607442975,377.3963946337684,941.6878131496568,946842.698244532,6308408.284770308,353658767.4095268
2039,2039,1.3200000000000001e+50,465000.0,0.098,31.369,24.852,6.517,False,4.128,0.051,2012-05-07 09:50:07.154,O5,"['H1', 'L1', 'V1']",12.01644780177577,11.191458207948571,34.68097428676648,114.21248228705458,56.44745185037687,150.28718417080108,366.4718901502193,149550.9976450041,553699.9689393407,2560011.4588653613
2040,2040,1.1299999999999999e+51,416000.0,0.088,53.156,16.616,36.54,False,4.35,1.096,2012-06-19 04:59:37.906,O5,"['K1', 'L1', 'V1']",9.376911904228432,63.4351768054338,310.4573933962041,4232.14954590983,98.63990520872414,263.42757542691504,654.6873148194826,2666324.868224259,15300981.27861591,249109995.92939013
2041,2041,9.749999999999987e+49,1270000.0,0.245,29.813,10.514,19.299,False,3.617,0.042,2011-09-17 09:35:16.787,O5,"['H1', 'K1', 'L1', 'V1']",8.147662592733774,102.4303476920522,478.1504047827421,2215.5761503021326,172.3004336770598,458.2424167379181,1110.4817451820477,20624348.139895234,109210348.16954713,659227704.3638092
2042,2042,4.8800000000000005e+50,452000.0,0.095,20.774,11.084,9.69,False,5.443,0.115,2012-01-08 21:32:37.656,O5,"['H1', 'K1', 'L1']",15.28976536001616,53.11944733083539,198.54299978278536,739.9094174372498,61.31251235832326,161.51712037689867,376.6652973501244,310113.58129047666,1626071.242639987,10056920.705665978
2043,2043,1.1400000000000001e+49,303000.0,0.065,64.286,15.589,48.697,False,5.678,-0.371,2012-06-20 02:04:45.303,O5,"['H1', 'K1', 'L1', 'V1']",13.46329961037269,20.5977846692286,67.42922682383495,254.74893167712275,59.618721474891856,159.26569012391923,395.5608964397812,296736.60582670773,1119716.521250262,5437824.575467402
2044,2044,1.2300000000000002e+50,477000.0,0.1,64.268,20.388,43.88,False,3.273,0.564,2012-07-26 01:51:09.587,O5,"['H1', 'K1', 'L1']",8.405307709923136,266.53564547286175,949.5423602170558,3355.00529498592,160.1430811476481,425.8016474532132,1026.3978446061535,31004460.919271845,130390631.99802177,581959522.1966476
2045,2045,3.59e+50,151000.0,0.033,77.52,29.861,47.65899999999999,False,1.516,-0.637,2012-04-15 13:04:54.867,O5,"['K1', 'L1', 'V1']",12.11160846349738,8.87074601381021,30.060869304299896,142.68718135648143,59.4260290878164,158.37991822761944,389.3787606424181,92974.59480272543,384655.1204775044,2639389.479995788
2046,2046,1.9399999999999998e+51,1310000.0,0.252,26.391,15.354,11.037,False,3.363,-1.073,2011-11-01 08:16:20.373,O5,"['H1', 'K1', 'L1', 'V1']",8.63680060005491,72.2777085117314,644.1967111415204,7497.153196876994,207.3341950827188,549.3819402344935,1322.0215353534777,9102316.398038749,125308953.89412355,2400987260.0764008
2047,2047,2.1e+50,256000.0,0.055,34.345,3.79,30.555,False,3.046,-0.076,2012-07-21 10:18:18.051,O5,"['K1', 'V1']",9.47591123316405,36.43128909894156,139.1919185925837,1090.4993113212354,46.325685318403,125.24178938669829,363.8712174739649,118990.21724353053,530903.3453384707,10306084.183166971
2048,2048,5.71e+48,727000.0,0.148,7.472,14.226,-6.754,True,2.013,-0.452,2011-11-12 16:57:16.698,O5,"['H1', 'K1', 'L1', 'V1']",11.35881367654543,2.2650638076287377,7.108365378338765,24.317153946690684,67.62691352530055,180.0982069842069,440.10216206562575,54704.293596303694,202619.4716819657,966623.604876342
2049,2049,8.339999999999991e+50,308000.0,0.066,14.354,25.278,-10.924,True,4.122,-0.393,2011-10-28 13:16:29.286,O5,"['H1', 'K1', 'L1', 'V1']",17.77422454925703,0.4891218350473347,1.5499908279883483,5.490991634952092,25.173031938505687,67.06285247950427,164.23201137629098,1151.474297168165,4320.382048950244,20478.93277538484
2050,2050,2.28e+47,471000.0,0.099,56.167,7.069,49.098,False,4.144,0.384,2012-02-07 06:57:28.249,O5,"['H1', 'K1', 'L1', 'V1']",10.94233680241529,2.1693239333132555,6.88171868907273,25.791456738823346,79.10997150927119,210.71649359226348,515.998810577393,58420.88434675006,222608.1383594613,1200460.7328098533
2051,2051,2.27e+49,282000.0,0.061,88.148,23.33,64.818,False,4.297,-0.53,2011-12-18 06:55:09.193,O5,"['H1', 'K1', 'L1']",13.9952865291214,30.61299275377243,102.57825338895304,453.97839820172464,60.0293422344489,159.85591086670428,391.211117622781,403990.8381697365,1647247.6707327196,9300885.309390288
2052,2052,3.32e+50,158000.0,0.035,69.86,15.079,54.781,False,4.776,0.159,2012-06-22 11:13:25.301,O5,"['H1', 'L1', 'V1']",14.78311587724654,5.870519260794437,19.936392444076,83.83618383730908,9.127945428039837,27.01692160328585,158.28560906734384,901.5165820899184,4127.6652519642685,66179.48022865063
2053,2053,9.72e+50,385000.0,0.082,58.668,13.571,45.097,False,1.122,-0.516,2012-05-17 07:23:01.094,O5,"['H1', 'K1', 'V1']",10.50035448686495,26.23011174121916,98.96092171455815,1429.7402140048982,88.94575086337841,237.57028113615456,592.7054475204915,819376.8937712235,3845764.041049696,85422669.72195382
2054,2054,2.84e+51,642000.0,0.132,70.823,15.631,55.19199999999999,False,6.279,-0.916,2012-06-02 20:27:28.894,O5,"['H1', 'K1', 'L1', 'V1']",8.390114215887513,173.71088111247627,990.600623298006,5945.78961065141,163.92723731557544,436.56648456069865,1066.0966112323526,29886436.56994508,203953526.98257905,1630715882.7843013
2055,2055,2.46e+48,992000.0,0.196,33.267,11.292,21.975,False,5.543,-0.879,2012-05-28 18:20:56.606,O5,"['H1', 'K1', 'V1']",8.312510565951902,79.75148389149373,373.0939260368467,3940.945774466336,148.2219816109665,395.875998860736,988.6599110646014,6887484.232782144,41460951.848570384,643593113.5363479
2056,2056,3.07e+51,676000.0,0.139,64.023,10.632,53.391,False,3.457,1.217,2012-04-17 05:25:31.036,O5,"['H1', 'K1', 'L1', 'V1']",8.080057009576667,69.16563721663584,374.928705691042,2380.398898495698,153.27440773390754,407.8914963596343,992.4345209603168,11842426.78634302,69970203.04245465,602302286.5238935
2057,2057,2.1e+50,439000.0,0.093,39.364,25.279,14.084999999999996,False,1.672,-0.611,2012-01-21 21:10:10.552,O5,"['H1', 'K1', 'L1', 'V1']",11.02779110033176,3.6808497841438936,15.298213120069038,103.0330138188706,79.8432287103044,213.20501603801097,529.2184746870342,98613.07167253064,527854.9573177961,5324096.163110822
2058,2058,2.2599999999999998e+51,471000.0,0.099,63.103,14.096,49.007000000000005,False,0.685,-0.122,2011-10-29 20:04:10.125,O5,"['H1', 'K1', 'L1', 'V1']",8.567971425749118,37.1843870127732,284.47184306158084,3608.021554726866,142.85644599395266,379.8566179596738,920.038884848626,3932130.981526292,39384666.45291114,643886893.7730038
2059,2059,1.43e+50,202000.0,0.044,74.277,14.709,59.568,False,4.02,-0.553,2012-02-07 07:24:58.481,O5,"['H1', 'L1', 'V1']",11.88351277936285,3.8794409698604535,12.277327002327157,47.44953497261981,49.47213599157431,131.9104370409152,324.77836098778243,20360.792630031658,78383.03252573086,461394.3915067589
2060,2060,5.73e+47,538000.0,0.112,55.059,6.465,48.594,False,3.065,0.406,2011-09-24 16:01:55.835,O5,"['H1', 'K1', 'L1', 'V1']",11.2166877749455,2.8245246196932503,12.167090479717508,202.34408397303548,92.41553058733508,246.6757881927242,610.6556068737557,113050.41775725276,662000.2098711336,12722133.470949756
2061,2061,3.87e+50,851000.0,0.171,19.059,13.48,5.579000000000001,False,6.234,0.978,2012-05-16 20:39:11.429,O5,"['H1', 'K1', 'L1']",8.666213375977796,228.3143844552724,1709.628584362959,20057.45623288905,200.09914936316204,528.6354806702226,1252.3400761437524,25585130.15237034,273339804.0477788,5020357027.724483
2062,2062,2.09e+51,601000.0,0.124,35.641,21.988,13.653,False,2.688,0.707,2012-05-27 16:38:34.439,O5,"['K1', 'L1', 'V1']",8.473074680778248,47.380416166420574,157.3625635333407,752.4124123720824,104.87617303590775,279.47292080492747,688.2914528652632,1606511.3990018445,6678106.9469153015,52954273.2439433
2063,2063,1.1300000000000001e+52,224000.0,0.049,34.886,14.888,19.998000000000005,False,0.046,-0.072,2011-12-20 18:18:41.255,O5,"['H1', 'L1']",12.56910412763546,14.421630568774098,47.03384457096565,221.28758707654325,31.69784590525009,85.11686876686048,223.82384550697367,39099.97770090577,156592.39948900434,1145540.0610532202
2064,2064,6.61e+51,671000.0,0.138,53.554,34.107,19.447000000000003,False,4.06,-0.961,2012-08-21 06:18:12.970,O5,"['H1', 'K1', 'L1', 'V1']",8.045815627901375,53.65703822137131,1039.0214423178843,18521.77906718304,173.47668383041673,461.1769139072696,1115.9808984116994,11049638.18932115,273193333.5092193,5497044929.234266
2065,2065,7.150000000000001e+50,722000.0,0.147,52.288,2.975,49.313,False,4.086,-0.845,2012-05-01 20:07:45.133,O5,"['H1', 'K1', 'L1', 'V1']",10.58733143577838,14.550754577194256,59.52559371924519,465.3859296852537,112.74452282283085,300.57704255729027,737.4760305520939,728881.0144577898,3994086.866105228,48106693.13490492
2066,2066,1.54e+51,414000.0,0.088,38.291,22.545,15.745999999999997,False,2.026,-0.512,2012-07-14 22:21:20.613,O5,"['K1', 'V1']",9.467334241718394,1276.6571802931746,4091.5416733348447,10830.581159674712,75.6266538335264,201.1898354395925,487.99728761804033,16051937.793514073,65282334.81505187,249215767.05974743
2067,2067,1.44e+48,563000.0,0.117,17.439,16.356,1.0829999999999984,False,4.73,-1.15,2012-08-22 00:09:24.565,O5,"['H1', 'K1', 'L1']",10.34016554794862,77.88813183627714,266.0324422423994,1036.6182311301368,99.30905790880456,264.5152812217981,644.249479115276,2417264.7982805083,9368973.031023685,47925577.962762274
2068,2068,3.5700000000000004e+52,534000.0,0.111,72.011,23.97,48.041,False,4.756,-0.935,2012-05-06 00:05:55.942,O5,"['H1', 'K1', 'L1', 'V1']",8.563754734927203,79.53124782336927,264.26268968958084,1596.3134783965634,151.02237396933833,401.76548442412434,975.5306701617516,9795049.147798443,39675951.650555655,321970016.65367365
2069,2069,2.2599999999999998e+51,486000.0,0.102,37.727,8.541,29.186,False,1.893,0.582,2011-12-07 22:52:35.623,O5,"['H1', 'K1', 'V1']",8.314211642270816,135.53325225862855,655.4212293476104,4183.3186843438325,126.60904406985584,337.6101641559416,832.7585411335674,5521067.74903313,35867861.155237794,373821022.5703661
2070,2070,2.45e+50,895000.0,0.179,45.139,14.537,30.602000000000004,False,0.17,0.737,2012-05-03 03:20:38.401,O5,"['H1', 'K1', 'L1', 'V1']",8.239409937061167,29.74773539677626,198.207208100718,3635.880516916,183.4572787774955,487.9221908963064,1170.5404629529116,3103212.623871881,29093266.268461306,1033057215.1158376
2071,2071,2.6400000000000003e+50,320000.0,0.069,65.643,20.133,45.510000000000005,False,2.139,-0.098,2012-03-17 13:23:39.630,O5,"['H1', 'K1', 'L1', 'V1']",12.62579202083217,2.4083153281291576,8.165099214942249,34.31597945569714,55.27323489413772,147.16436931182238,359.04515714083243,38605.08464068209,156462.9920427117,879242.0841376582
2072,2072,7.7e+51,307000.0,0.066,21.146,9.002,12.144,False,5.122,0.468,2012-06-04 16:18:52.743,O5,"['H1', 'K1', 'V1']",12.23253603344624,1.3367528791605745,4.425382795829233,19.1067102747083,35.26973804188151,93.8908815499256,228.8550651391428,5092.630364177987,20446.4852792326,119686.84205477462
2073,2073,4.18e+50,1010000.0,0.2,42.462,7.361,35.101000000000006,False,4.723,0.682,2012-04-22 10:36:15.914,O5,"['H1', 'K1']",8.933251958628212,1463.654807536339,4658.727765045584,13434.595710573558,120.17636259332404,319.01310276910635,764.8788828044981,70258769.76616935,252715148.0701677,887854901.4615711
2074,2074,2.65e+49,1030000.0,0.203,21.289,25.493,-4.203999999999997,True,0.28,-0.63,2012-01-19 11:23:44.239,O5,"['H1', 'K1', 'L1', 'V1']",10.35849546580039,6.96335719093072,45.72043853470428,732.0715280668911,138.24228479145745,368.24879878552224,900.5512871318922,780007.8567173277,6453089.145584066,118609238.57858498
2075,2075,1.23e+49,11800000.0,1.566,65.753,16.879,48.874,False,3.488,-0.841,2012-08-04 21:35:38.140,O5,"['H1', 'K1', 'L1', 'V1']",8.07542146349208,4611.827313440315,13885.044900010456,32401.485673522737,236.4219365157819,629.5919972445272,1537.605750630986,3117007441.709449,10080928994.792274,28312900005.040848
2076,2076,6.66e+48,1300000.0,0.25,60.918,21.767,39.151,False,6.184,0.702,2012-04-15 21:54:55.730,O5,"['H1', 'K1', 'L1', 'V1']",8.799889136717901,425.3219290567208,5503.116795486396,28472.13691480873,165.8322978673425,441.80281412072304,1077.8769384570876,86552216.92459935,1274949249.439881,7300148714.895828
2077,2077,7.150000000000001e+50,845000.0,0.17,34.268,8.424,25.844,False,3.913,0.552,2012-05-20 08:10:26.261,O5,"['H1', 'K1', 'L1', 'V1']",9.406460074767548,27.52800340078289,88.65720534027622,350.817148325432,130.7199384338768,347.68634352988124,842.7909777098762,2200266.467133242,8480135.251510108,48641421.99831581
2078,2078,2.4399999999999998e+51,172000.0,0.038,15.141,14.72,0.4209999999999994,False,2.544,0.653,2012-03-19 03:20:03.266,O5,"['H1', 'K1']",27.706638881741,25.67614318794334,85.15167525915689,348.6572971955446,17.5252524137955,46.645073241692415,114.24035223134725,15507.308369790271,59084.14021687055,327350.3933881594
2079,2079,9.749999999999987e+49,666000.0,0.137,39.136,5.938,33.198,False,1.905,-1.177,2012-06-12 17:06:45.961,O5,"['H1', 'K1', 'L1']",8.02908034893037,27.92756268348137,134.2948040863995,2003.0296488266283,141.96231011058774,380.335109872944,954.0486428420984,1551590.310176846,10685016.12888527,290278785.7257104
2080,2080,1.06e+48,4690000.0,0.74,12.026,17.834,-5.808,True,2.249,0.186,2011-12-14 10:04:53.901,O5,"['H1', 'K1', 'L1', 'V1']",8.402419549452096,2727.663700986413,9928.670348445734,30944.80270053324,197.5947224902693,526.4708805497887,1289.5794071796424,1044104814.6346096,4284337368.085877,15224444460.200788
2081,2081,1.9399999999999998e+51,1100000.0,0.215,22.847,14.659,8.188,False,4.263,0.545,2012-01-31 17:03:01.704,O5,"['H1', 'K1', 'L1', 'V1']",9.30776560724925,33.51683510268953,106.57234302472264,543.193631639436,166.14057711949442,442.91497108673695,1097.9227821949253,4388988.890636954,17099762.715593677,130057797.99791811
2082,2082,1.54e+51,1170000.0,0.228,18.63,27.092,-8.462,True,0.452,-0.544,2011-10-08 11:47:16.008,O5,"['H1', 'K1', 'L1', 'V1']",8.773857598323358,18.13600852516749,71.16018678323401,700.3296316761594,163.84445409518105,437.7056889493491,1089.4833030589723,2139301.434923624,10290698.764306596,176519896.3810339
2083,2083,9e+50,350000.0,0.075,16.192,15.604,0.588000000000001,False,0.14,-0.389,2012-04-14 23:23:21.265,O5,"['H1', 'K1', 'L1', 'V1']",17.144803452085,1.101310723854216,3.5842854930628607,13.17148297028468,36.35585434761356,96.87036843714752,237.26957074886744,5651.151089640423,21701.454582133927,105657.56482834795
2084,2084,1.8e+51,688000.0,0.141,12.341,12.938,-0.5970000000000013,True,1.996,-0.746,2012-01-16 02:26:46.689,O5,"['H1', 'K1', 'L1', 'V1']",9.484605213317977,2.082212302179251,7.116067963044861,34.61841883123576,77.84107226048923,207.62048153654632,514.6936770754261,48396.00744441099,200533.80894852887,1496656.262853093
2085,2085,1.9399999999999998e+51,882000.0,0.177,38.567,11.654,26.913,False,2.651,0.039,2011-11-27 13:40:59.063,O5,"['H1', 'K1', 'L1']",8.648097354448574,284.34988852797136,986.0621455329166,3116.979087377724,174.84238355848106,463.9625688177772,1104.4586501659678,39407585.79454497,141861732.07104468,565663975.101104
2086,2086,2.2599999999999998e+51,473000.0,0.099,37.868,11.973,25.895000000000003,False,4.261,-1.028,2012-08-20 04:40:27.997,O5,"['H1', 'L1', 'V1']",10.15445853388213,13.299377118861422,54.46557538034602,239.9487488061305,69.49304187738448,185.47873149090657,459.5777220504504,238333.2787225721,1137699.689586019,6834278.318296489
2087,2087,5.26e+50,688000.0,0.141,47.465,7.943,39.522000000000006,False,1.261,1.042,2012-08-30 18:21:01.937,O5,"['H1', 'K1', 'L1']",8.600822718096282,17.212622151260685,56.19563854594056,266.03810289241613,126.70410281709088,337.5772718794781,828.2026959901323,1022995.9545273212,4048507.5768249664,30674184.43899987
2088,2088,2.86e+48,577000.0,0.12,25.896,43.792,-17.896,True,4.007,0.239,2012-03-08 01:28:57.162,O5,"['H1', 'K1', 'L1']",8.40077654411706,222.06571977403243,757.6274696898759,3549.4189695165496,163.39924644280256,434.0548077852859,1038.8689997710596,24891965.8088184,94827112.66441911,591091975.7891868
2089,2089,1.8e+50,412000.0,0.087,61.975,5.353,56.622,False,3.97,-0.919,2011-11-06 00:36:46.519,O5,"['H1', 'K1', 'L1', 'V1']",11.10507699991418,1.1885428103496924,3.872584886179695,16.0108703447943,67.77244049350145,180.4918982984616,441.2579450443729,30256.821629331684,118874.34796752268,690699.0453503877
2090,2090,3.61e+48,195000.0,0.043,28.192,6.168,22.024,False,2.474,0.939,2012-05-31 09:40:47.380,O5,"['K1', 'L1']",16.23835646147083,8.324463495052907,26.985630026071515,103.14588515869907,20.485139261604303,54.47485052987486,132.3388619212647,7637.85395085618,27678.20137254844,123379.96694707806
2091,2091,3.09e+48,811000.0,0.164,51.877,19.759,32.118,False,5.528,-0.705,2011-12-29 08:07:27.600,O5,"['H1', 'L1', 'V1']",8.625864352313078,32.364002778035385,175.2062561606498,1148.187017421246,149.79304148015274,398.9823277145391,975.2954346552606,4306661.869509528,26748441.239574704,216681089.09892067
2092,2092,8.339999999999991e+50,435000.0,0.092,20.9,17.822,3.0779999999999994,False,3.777,0.232,2011-12-23 14:52:34.308,O5,"['H1', 'K1', 'L1']",18.7643841900866,12.289642694369316,42.88843481462539,191.7757560616596,38.02765918707246,101.56272863677776,252.9955537566498,54927.20417397296,225840.97841517456,1422820.063945308
2093,2093,3.87e+50,1680000.0,0.313,14.06,7.311,6.7490000000000006,False,2.711,-0.431,2011-09-15 20:35:26.858,O5,"['H1', 'K1', 'L1', 'V1']",8.337523567388647,537.3643122046852,4042.746066769385,27929.460075058545,156.66368389332342,417.5105526662901,1022.3950809973268,105336606.7799978,1016486213.1878364,7156702906.642413
2094,2094,1.43e+50,545000.0,0.114,77.841,9.333,68.508,False,1.695,-0.995,2012-04-26 07:49:46.997,O5,"['H1', 'K1', 'L1', 'V1']",8.227713853749208,33.018951074201915,133.9911738104344,3952.229809248176,152.00229385896273,404.5216849379741,984.3330049708904,4551898.423843732,24729487.54027032,963680726.2850968
2095,2095,2.09e+51,810000.0,0.164,20.105,13.055,7.050000000000001,False,6.213,-0.851,2012-01-28 06:33:24.990,O5,"['H1', 'L1', 'V1']",9.761936291398056,3.0826651508587144,12.586299758050288,92.2566822308968,107.70600105208484,287.1802844731344,707.9488234552575,194107.8067036956,906310.3640766648,8440429.085043618
2096,2096,4.5300000000000003e+49,599000.0,0.124,17.319,9.698,7.620999999999999,False,4.428,-0.726,2011-09-23 15:31:35.138,O5,"['H1', 'K1', 'L1', 'V1']",11.21466313287619,7.615205468000295,33.48275426972527,212.6374815624501,103.37246274416736,275.2779200358884,670.2512216587395,347965.40672007954,1832784.7660220389,14165082.34217241
2097,2097,1.54e+50,2890000.0,0.496,41.795,29.818,11.977,False,3.981,-0.804,2012-05-02 20:00:11.801,O5,"['H1', 'K1', 'L1', 'V1']",8.251567993680508,153.6043960002162,645.0864777030326,5362.746072963918,183.23580745864115,487.6897919128808,1187.4022478106374,41944434.754497945,201982174.20159924,2277161935.837883
2098,2098,2.1e+50,518000.0,0.108,27.658,10.277,17.381,False,2.866,-0.044,2011-11-04 23:28:28.442,O5,"['H1', 'K1', 'L1', 'V1']",9.177281948212428,118.80932335870423,435.0529957593387,1757.665371329481,150.0692112217115,400.0844500355439,978.9114187425064,5807348.569404471,30667642.01470825,284083378.4711333
2099,2099,4.549999999999999e+47,853000.0,0.171,33.083,8.971,24.112,False,2.7,-0.148,2011-11-19 23:40:48.886,O5,"['H1', 'L1', 'V1']",8.67875867684474,131.11010592818954,390.7362163818802,1446.72452384492,142.30391479953744,379.8870986316933,941.4550410799524,7036310.690603375,26804946.82721815,171979437.36973715
2100,2100,1.2199999999999999e+51,418000.0,0.089,74.145,18.01,56.13499999999999,False,0.102,-0.415,2011-12-11 12:37:05.805,O5,"['H1', 'K1', 'V1']",9.558824161311309,36.118276046515305,125.34516261269437,1983.6121225889533,96.18730109951127,256.8436618933466,639.9528330301791,1316252.8288364012,5815792.943789399,128787555.85185464
2101,2101,1.0499999999999999e+51,651000.0,0.134,46.87,12.137,34.733,False,0.228,-1.493,2012-02-26 08:34:58.500,O5,"['H1', 'K1', 'L1', 'V1']",9.967536056805796,10.426421698411376,50.18533469151896,885.954092683574,113.99498653096452,304.84870457512363,762.4433683873413,525482.834685527,3514436.6656138706,90231381.98157229
2102,2102,1.67e+50,1000000.0,0.198,13.276,22.07,-8.794,True,2.439,-0.001,2012-05-16 14:21:41.372,O5,"['H1', 'K1', 'L1', 'V1']",8.79333634396235,108.03459280124974,434.9092434974256,1666.2519530201023,159.28232755221222,423.5567177049621,1025.7246063256312,14887786.663772812,68062237.81307182,369297705.6773037
2103,2103,9.72e+50,1550000.0,0.291,39.516,9.814,29.702,False,1.126,0.748,2012-03-07 20:53:14.611,O5,"['H1', 'K1', 'L1', 'V1']",8.177455344390571,275.6933595393242,1313.9874410884074,8957.932533213372,164.88393791716953,439.0120447989793,1070.3897948706517,55821930.32303835,323565215.87011635,2813659173.571197
2104,2104,9.05e+48,1700000.0,0.316,27.139,11.701,15.438,False,4.795,0.594,2011-12-04 20:05:42.120,O5,"['H1', 'K1', 'L1', 'V1']",9.239431282273545,211.4264749615357,806.2455702910221,3010.038556409074,174.8567779220075,465.5667132702695,1137.003579809413,41277491.02089845,179047157.66847822,872337343.0535759
2105,2105,1.8e+51,683000.0,0.14,50.165,10.266,39.899,False,1.254,-0.033,2012-01-27 05:40:43.743,O5,"['H1', 'K1', 'L1', 'V1']",8.867344334821663,30.54556239934413,98.51071568272394,432.0599150265679,141.96694192936206,378.6662254462493,932.2383857531704,2300512.8138574623,9572347.442078913,69301157.01861708
2106,2106,2.1e+50,517000.0,0.108,32.049,15.035,17.014,False,2.648,0.849,2012-07-20 18:25:28.126,O5,"['H1', 'L1', 'V1']",14.46591596393498,1.447618878314883,4.418682985501379,16.58821651514766,54.10425041918967,144.82090730302667,370.7012109881526,20923.736334294288,75485.0270864435,371280.2040052004
2107,2107,1.54e+50,655000.0,0.135,38.148,24.095,14.053000000000004,False,0.244,-0.295,2012-05-04 21:45:31.009,O5,"['L1', 'V1']",8.237284571924638,58.49434264025879,204.88678397428407,1078.2750911380906,112.83458841232164,301.17561006885404,751.7480195788655,2134135.842106244,9041491.310594585,79042858.85593401
2108,2108,1.0499999999999999e+51,624000.0,0.129,44.707,11.185,33.522,False,3.95,0.338,2011-10-03 13:33:10.938,O5,"['H1', 'K1', 'L1', 'V1']",9.543639223588212,140.69465326331806,710.7293797389653,4795.906328430896,167.36168732746478,445.6971798243988,1089.495999810008,10527134.925752336,71350471.9465858,882930394.9128516
2109,2109,7.74e+49,205000.0,0.045,21.172,15.141,6.031000000000001,False,0.207,0.831,2012-01-22 04:16:49.177,O5,"['H1', 'K1', 'L1']",28.43209905902005,2.1143596743908133,6.738447877767062,21.74297063190433,17.6246910661213,46.964902478823205,115.06611576194524,1621.9054503194482,5804.704870258705,24127.98076637699
2110,2110,5.29e+48,708000.0,0.145,20.623,10.342,10.281,False,5.693,0.922,2012-02-01 09:33:36.702,O5,"['H1', 'K1', 'L1', 'V1']",9.691380632499351,38.27382881449803,224.63002465319016,1643.0017114631032,117.86314088428912,316.2581060072787,823.5080032675505,1856235.674133089,10809399.105689373,130301025.54893196
2111,2111,2.45e+50,1130000.0,0.221,59.673,17.361,42.312,False,3.246,1.119,2012-07-24 17:06:31.943,O5,"['H1', 'K1', 'L1', 'V1']",8.11407086207474,734.2003684493027,6253.588003543391,29414.161990760585,151.38621498288512,403.2904583448456,986.5055298700648,170307260.27338472,1560724513.1376083,7764088831.494552
2112,2112,1.54e+50,437000.0,0.092,41.47,22.816,18.654,False,3.34,-0.194,2012-08-21 22:10:21.709,O5,"['H1', 'K1', 'V1']",9.613954660456358,16.50743745537107,52.33658308339372,178.72084564691372,79.25949090918942,211.71599403214103,527.45860261521,323207.1923387221,1311226.2342386204,7271109.895021476
2113,2113,4.8800000000000005e+50,449000.0,0.095,55.071,19.816,35.254999999999995,False,0.958,-0.605,2012-04-25 08:03:18.324,O5,"['H1', 'V1']",8.738947037863706,100.18544805205238,408.1583985449649,4319.616538966612,110.73039940754688,294.90793500612443,725.6983885540456,3211792.931787624,19046749.95292421,323800139.8956026
2114,2114,1.23e+49,700000.0,0.143,14.298,4.775,9.523,False,3.455,1.325,2012-04-26 07:47:36.046,O5,"['H1', 'L1']",8.394316019301568,129.88576257465618,518.3376490303657,2418.617156400243,138.80085836192393,368.56331899625263,885.1991988225006,10832655.063759986,45923930.96995741,231424549.11337164
2115,2115,4.89e+49,694000.0,0.142,27.61,10.454,17.156,False,1.249,-0.551,2012-02-19 13:46:35.814,O5,"['H1', 'K1', 'L1', 'V1']",13.18959427404541,10.926486110359749,47.33354074805535,259.6217588134602,78.56510568957367,209.40728991176056,512.9044589392342,344202.6975203777,1641584.183806233,12346672.498835651
2116,2116,2.09e+51,11200000.0,1.501,64.57,25.062,39.508,False,2.422,0.194,2012-08-15 19:11:24.318,O5,"['H1', 'K1', 'L1', 'V1']",8.217991911218828,1558.051270482756,9068.7861329334,30721.50056057443,270.5787122185998,724.5777783000267,1829.007842024312,1207313233.692614,7151025501.140801,26652349285.147385
2117,2117,1.43e+51,697000.0,0.143,28.855,26.4,2.455000000000002,False,1.71,-0.117,2012-07-19 15:42:32.958,O5,"['H1', 'K1', 'L1', 'V1']",9.378589612917864,32.805384820912174,106.23807976471842,395.7082143710082,103.94425502630293,277.22737898364085,685.4351541040642,1577656.3134029063,6216720.684105949,33962103.52248033
2118,2118,4.549999999999999e+47,245000.0,0.053,69.892,16.568,53.324,False,5.046,-0.21,2012-03-10 21:27:28.131,O5,"['K1', 'L1', 'V1']",8.833945078484716,22.542531423418485,144.7541567842489,1076.3611033875238,121.51567396122287,324.18491168841933,790.4020136048482,669217.4497270599,7360881.757002984,98177025.6424405
2119,2119,1.8e+51,360000.0,0.077,36.453,13.866,22.587000000000003,False,3.063,-0.561,2012-07-22 13:44:26.294,O5,"['H1', 'K1', 'V1']",12.46998923037177,2.323570650438169,7.957177727991929,44.16501131566513,46.42721620019097,123.83278724647607,306.1006849152587,21256.74729276101,87644.91678895422,735074.2733475149
2120,2120,4.5000000000000006e+51,736000.0,0.15,14.188,10.287,3.901,False,3.839,-1.062,2012-01-22 06:09:28.877,O5,"['H1', 'V1']",8.494699166573204,308.2355163862256,1487.528006079229,7011.82918311213,129.25769702406,343.2961829893354,827.327768910176,15782576.757098189,92684959.46198568,589277792.7683041
2121,2121,4.520000000000001e+50,1300000.0,0.25,7.494,19.661,-12.167000000000002,True,1.833,-1.462,2012-03-10 17:16:36.330,O5,"['H1', 'K1', 'L1', 'V1']",8.731791334027212,16.700066301057973,156.34383532668738,2734.976836581823,167.7156731073526,446.4134953862391,1086.2131410598831,2589188.798755153,32114091.662212893,759238045.3009522
2122,2122,6.66e+48,272000.0,0.059,61.845,12.625,49.22,False,1.693,-0.683,2011-11-24 17:17:26.366,O5,"['K1', 'L1', 'V1']",12.83734748482948,6.629541490900684,26.130062732196173,118.64370599725936,49.415671956220194,131.70333068937947,323.89658616170044,88509.64331917181,401435.394457328,2244342.654117844
2123,2123,1.2199999999999999e+51,606000.0,0.125,28.799,11.302,17.497,False,3.346,-0.09,2012-05-27 20:24:33.035,O5,"['H1', 'K1', 'L1', 'V1']",8.40652934982539,49.33317215587233,225.18455775467467,12250.173036705404,171.00446937202253,452.5491191570743,1068.232409078084,4177082.917194483,27068226.07563889,2558728637.518247
2124,2124,1.0499999999999999e+51,378000.0,0.08,57.13,13.611,43.519000000000005,False,5.273,-0.093,2012-02-25 16:31:01.212,O5,"['H1', 'L1', 'V1']",10.69277277113956,14.980145563811485,47.23607161185408,141.76188655140533,77.69486054490363,208.2412611667499,519.5860372476977,260955.0335914956,1143137.81711892,5459824.424220269
2125,2125,5.7e+49,909000.0,0.182,44.486,10.882,33.604,False,5.027,-0.693,2012-03-14 05:12:26.639,O5,"['H1', 'K1', 'L1']",8.704573273862946,80.27566052178526,314.94811791486006,1667.0625293952126,146.00453551404382,387.4665777080857,927.6567959243552,8101370.465617029,35262273.0467421,218617860.98698503
2126,2126,6.14e+50,454000.0,0.096,70.837,29.615,41.22200000000001,False,0.78,1.16,2012-03-06 11:22:33.644,O5,"['H1', 'K1', 'L1', 'V1']",8.706015923000871,33.445633602107414,279.7909373287356,5592.11011852065,168.33988568617212,444.5750977658468,1045.020717102043,2540488.801391352,35593781.18048848,1134963200.4122784
2127,2127,2.6400000000000003e+50,671000.0,0.138,29.533,20.261,9.272000000000002,False,0.334,-1.072,2011-09-29 20:26:36.201,O5,"['H1', 'K1', 'L1']",12.96544340756692,29.030360120208098,100.16451130833342,502.775148923572,78.27913429701664,208.3656710037993,506.008963787401,897881.9283783732,3681998.2486709,21279325.957983352
2128,2128,2.2599999999999998e+51,453000.0,0.095,57.573,14.645,42.928,False,2.905,-0.456,2012-02-07 00:11:53.272,O5,"['H1', 'K1', 'L1', 'V1']",10.51156854339136,32.19603825440601,124.66188266828892,627.2784656372587,113.97679266450804,303.9771468529826,744.8953956647299,1503897.566824224,6685446.063591246,43886115.11423361
2129,2129,1.95e+49,547000.0,0.114,51.312,10.082,41.23,False,2.211,0.223,2012-04-19 04:33:28.675,O5,"['H1', 'K1', 'V1']",8.26815983142682,210.9930410335865,942.1824495131845,6226.200013890851,151.28536144750865,403.5742499029228,994.3647062246348,15796508.917169308,89911044.58521572,1042671025.701808
2130,2130,1.1400000000000001e+49,1040000.0,0.205,13.234,19.969,-6.735000000000001,True,3.11,0.566,2012-07-21 18:54:58.200,O5,"['H1', 'K1', 'L1', 'V1']",9.575475327213482,3.402033170032132,10.97353932078695,56.622410089882095,113.99337620378708,304.0167997602738,751.5202569331323,229361.7976612208,895559.1870465503,7367783.42867882
2131,2131,1.8e+50,816000.0,0.165,22.995,9.915,13.080000000000002,False,2.594,0.221,2012-01-03 06:33:27.653,O5,"['H1', 'K1', 'L1']",8.624298263751337,224.52710252533728,1010.0967335564568,7819.800811975169,184.07395865850208,495.3395475994355,1253.113219373672,7417880.384196687,60828754.10967893,1494437003.2500322
2132,2132,2.65e+49,1430000.0,0.272,9.225,5.266,3.959,False,2.421,0.64,2012-04-28 20:57:28.896,O5,"['H1', 'L1', 'V1']",8.343892316880963,8.172251129768721,68.25924481876973,1176.5537673583883,156.2070436564636,416.6068304501711,1023.5678330339624,885313.1279740025,10860655.079531448,262345627.75364244
2133,2133,1.0499999999999999e+51,1090000.0,0.214,23.768,9.324,14.444,False,5.613,0.265,2012-02-26 19:02:12.293,O5,"['H1', 'K1', 'L1', 'V1']",9.06777268465236,43.046373647594095,206.54013755280147,1627.7763006924831,156.74786058350628,416.9814221760755,1011.947015614123,6917942.88907364,39131698.9740186,387826436.0691618
2134,2134,1.3199999999999999e+51,781000.0,0.158,22.067,13.854,8.213000000000001,False,3.92,0.293,2012-03-28 19:37:50.959,O5,"['H1', 'K1', 'L1', 'V1']",8.34988821490686,48.95547825294448,252.73753631028933,1733.7075691081525,144.58608306444023,385.3631115032362,941.7845519258072,4175322.6961489953,25220221.674021225,288865386.1295831
2135,2135,7.74e+49,307000.0,0.066,74.789,16.243,58.54600000000001,False,5.885,0.015,2011-10-15 08:26:38.740,O5,"['H1', 'V1']",8.190274809820227,70.11171508533154,283.10521757774563,2932.1250886845555,101.1213889196856,270.2051046320958,680.6694660318873,2230003.9389580195,10794424.807679256,167929920.8474055
2136,2136,9.77e+48,428000.0,0.091,78.943,10.251,68.692,False,1.122,-0.95,2012-07-24 22:48:39.402,O5,"['H1', 'K1', 'L1']",11.27711026915862,52.07236681968712,231.99013090241849,1227.5099712852812,101.80870456552624,271.6095873217104,656.7163062017344,1097900.298789825,7068419.688578733,60013883.97132295
2137,2137,7.719999999999991e+50,2950000.0,0.504,79.657,5.176,74.481,False,6.219,0.906,2012-06-07 01:28:54.566,O5,"['H1', 'K1', 'L1', 'V1']",8.078855173422568,3653.798804426015,12498.115221765584,31857.04083571815,154.48386287339508,411.47608227874525,1006.0947432007126,1039925103.8682278,3695939557.507398,11226211853.67574
2138,2138,1.2199999999999999e+51,189000.0,0.041,82.86,4.428,78.432,False,4.604,0.019,2012-01-30 16:22:00.883,O5,"['H1', 'K1', 'L1']",10.36835926518287,188.44239030337377,605.1941047862506,1873.5397029090927,112.03347113715438,296.3873722873144,703.0139743268535,8810103.23398656,30615893.307259303,117040734.36481582
2139,2139,9.05e+48,262000.0,0.057,31.597,9.323,22.274,False,3.803,0.761,2011-12-02 14:50:39.905,O5,"['H1', 'K1', 'V1']",17.9555857325138,3.888670891838573,14.465471934964926,46.69318323642081,30.56823647649497,81.70598435337678,204.114056862285,15342.64296015432,60632.1157946094,249351.19850629283
2140,2140,2.85e+50,273000.0,0.059,52.272,7.356,44.916,False,1.955,1.353,2012-05-24 13:51:49.578,O5,"['H1', 'K1', 'L1', 'V1']",13.74683422029547,0.9075576969592348,2.869028181696042,10.56077221453135,47.15094074981329,125.86003589690353,313.5349412809901,8290.041466674136,31081.15614076081,151129.66655167376
2141,2141,1.67e+50,8500000.0,1.2,50.836,14.857,35.979,False,0.464,0.555,2012-05-26 06:43:06.301,O5,"['H1', 'K1', 'L1', 'V1']",8.050421836736913,2334.020133880588,8721.272610115491,29783.57424550918,245.78615922314967,655.698271676187,1615.0223937137923,1463851299.638291,6072637406.38226,22709071698.151665
2142,2142,2.09e+51,723000.0,0.147,33.468,16.136,17.332000000000004,False,2.745,-0.655,2012-04-12 12:08:10.795,O5,"['H1', 'L1', 'V1']",9.720087072230273,36.33757717645085,167.1073468553442,985.496555611135,135.0847618543346,359.7882557335571,879.7525983820865,3049900.571384878,16035958.49721132,129715781.00881036
2143,2143,3.87e+50,576000.0,0.12,71.811,8.958,62.85300000000001,False,5.806,-1.186,2011-10-04 13:33:09.100,O5,"['H1', 'L1', 'V1']",9.440942975572217,56.76779666552151,253.5022846805888,1036.4057474881934,134.85967237844136,359.0952640060096,875.8801268555574,5231899.573398618,27213280.45518472,151689758.9209968
2144,2144,1.43e+50,1160000.0,0.226,12.671,11.755,0.9159999999999986,False,6.229,1.479,2012-03-05 00:16:55.364,O5,"['H1', 'K1', 'L1', 'V1']",8.312566720248661,23.87917045093722,112.84756075272466,4203.74647136073,160.081716063175,425.6168721964799,1029.7324074155188,3072696.092385376,20014626.48809928,1044420024.2376146
2145,2145,3.86e+51,850000.0,0.171,37.378,23.006,14.372,False,0.226,-0.594,2012-02-06 12:52:17.241,O5,"['H1', 'L1']",8.211529209532745,197.8063852747027,847.4674149710687,4180.573322136057,160.6187522712181,425.04274762158457,1008.7501000416988,19374728.48484946,89977442.12460873,545252256.6059785
2146,2146,3.58e+51,567000.0,0.118,40.436,13.552,26.884,False,5.674,-0.44,2012-06-24 09:05:10.072,O5,"['H1', 'K1', 'L1', 'V1']",10.40717661709881,6.764667420469457,23.040305695762736,184.83834935504063,74.7478914596337,199.5279381914291,495.3809445658863,160322.92169081143,712719.813056402,8838112.207854016
2147,2147,4.89e+49,1320000.0,0.253,10.665,19.96,-9.295000000000002,True,5.99,0.612,2012-08-08 09:24:19.826,O5,"['H1', 'K1', 'L1', 'V1']",9.92956923331614,46.49087914026834,197.9425288058173,865.2202848002607,147.37434474785334,392.2231597077505,953.5481322999648,5280421.370853973,25283360.970221363,149080339.14773315
2148,2148,2.4399999999999998e+51,499000.0,0.105,64.878,32.98,31.898000000000003,False,2.252,-0.242,2011-10-21 22:34:57.108,O5,"['H1', 'K1', 'L1', 'V1']",8.12605981707299,17.034650934035763,86.35203523451709,3166.155387218787,160.52367576329584,427.3471374693135,1032.9663113346223,1393283.5777269471,9622212.938313697,627632306.9698155
2149,2149,5.6699999999999995e+51,995000.0,0.197,31.566,16.602,14.964,False,5.094,-0.652,2012-03-23 20:04:48.709,O5,"['H1', 'L1', 'V1']",8.141832501767425,142.3058570004432,971.0144775994664,7177.581664449257,183.4171928631406,487.3922624794512,1171.862693678253,15613457.687912764,126664156.40759988,1713082195.5447934
2150,2150,1.04e+53,733000.0,0.149,28.348,14.163,14.185,False,0.991,-0.24,2012-02-23 12:49:41.506,O5,"['H1', 'L1', 'V1']",11.70058502099164,20.857465695064302,94.716911540442,480.89394945666976,89.97058966418308,239.712444541808,586.8737375119426,903395.5007524271,4814489.438940434,31201324.09154316
2151,2151,2.63e+51,577000.0,0.12,49.04,20.357,28.683,False,3.304,-0.806,2011-09-26 15:10:21.246,O5,"['H1', 'K1', 'L1', 'V1']",8.883784126752422,3.657936357568941,13.669209982289816,144.63158567789787,110.26142877740152,294.9786823687874,746.3391987370737,150798.2634637576,753807.2939714256,13553452.943229582
2152,2152,8.38e+48,629000.0,0.13,39.503,14.859,24.644,False,0.731,-0.999,2012-08-18 23:27:00.288,O5,"['H1', 'K1', 'L1']",12.53592224636771,80.21527241742182,305.4387300186412,1111.1449384715463,83.28933707521753,221.42705413940445,535.432081449397,2507577.967141118,9963893.749620335,39886857.03250705
2153,2153,2.2599999999999998e+51,196000.0,0.043,74.109,5.397,68.71199999999999,False,4.61,-0.637,2011-10-06 21:18:14.760,O5,"['H1', 'K1', 'L1', 'V1']",9.595400512367872,2.8907243849098063,14.342461657216596,211.02802539759807,106.67517816562474,285.68410543622514,732.7556904511059,96289.36859199952,639673.5380126891,14950053.50571357
2154,2154,3.59e+50,8230000.0,1.169,42.404,8.972,33.432,False,2.848,0.788,2012-06-24 08:43:02.290,O5,"['H1', 'K1', 'L1', 'V1']",8.55312537535617,645.2457807498635,3142.543937064672,15959.747901995308,268.5600502099687,714.1499834793983,1728.8484530570292,351031270.92662114,1913455289.21687,12591578642.029495
2155,2155,7.150000000000001e+50,385000.0,0.082,65.007,12.495,52.51200000000001,False,4.718,0.477,2011-09-16 20:10:34.016,O5,"['H1', 'K1', 'L1', 'V1']",10.39459940192341,1.1076845552697834,3.602804151509221,14.299028011693276,89.3522608103508,238.07297037053524,584.1211269705448,42998.24821714289,168609.50253764857,954079.7676734584
2156,2156,1.67e+48,702000.0,0.143,49.581,8.939,40.642,False,0.5,-0.152,2011-09-30 21:40:52.220,O5,"['H1', 'K1', 'L1', 'V1']",8.599923831163894,106.94950725978588,407.2744889071554,1643.8024024066897,148.08792630411438,393.9719217721124,956.3638132539802,13986599.661968006,61232320.92978483,321675795.8761
2157,2157,6.61e+51,1250000.0,0.241,19.383,7.655,11.727999999999998,False,0.931,0.055,2012-01-13 00:39:41.191,O5,"['H1', 'K1', 'L1', 'V1']",8.816361365098016,10.257527347983682,34.80982011653561,171.09170104498668,123.1885955715668,328.3154901809721,807.1255174031371,701509.4461892579,2929974.6108729886,21970360.330480363
2158,2158,1.54e+51,347000.0,0.074,52.384,22.146,30.238,False,2.367,0.137,2012-08-05 21:54:54.903,O5,"['H1', 'L1', 'V1']",9.10316548306108,45.33145137843186,146.8605914980783,656.311398160186,107.85623190036006,287.708086722449,710.6313429277382,1840357.3489348264,7456050.015662061,47753210.25134312
2159,2159,2.2600000000000003e+50,1020000.0,0.201,13.86,13.616,0.2439999999999997,False,2.464,-0.021,2011-10-18 03:47:58.299,O5,"['H1', 'K1', 'L1', 'V1']",10.42012430271605,68.38339492827501,378.63779567293926,1887.7918999277963,149.2600100727359,397.6650655632183,974.033839616438,8405111.492295628,54039045.19644602,336524654.56982607
2160,2160,1.43e+51,947000.0,0.188,27.175,16.602,10.573,False,4.882,0.626,2012-02-26 06:57:45.177,O5,"['H1', 'K1', 'L1', 'V1']",8.38831641721838,70.19768968877952,307.2494055466528,6953.227852533262,176.23284318098763,468.2708486339504,1119.4043750487922,6630664.127047098,37821395.61065312,1673760218.6507692
2161,2161,4.8800000000000005e+50,452000.0,0.095,23.563,12.71,10.852999999999998,False,4.155,-0.243,2012-07-04 13:07:36.760,O5,"['H1', 'K1', 'L1', 'V1']",12.89289456327083,2.5085606312643045,8.143470519069593,29.855852658652587,55.45044463382288,147.68086841968432,361.0639488556976,37872.15315727641,146441.05981469483,738526.7582290529
2162,2162,8.36e+49,415000.0,0.088,72.093,5.369,66.724,False,5.249,-0.737,2012-03-15 23:10:04.436,O5,"['L1', 'V1']",8.714748707524192,45.67540172616331,167.8308782725201,897.9991418844312,123.8871356181462,326.5393205845587,763.906298799727,1372177.8135499686,6135328.276512425,52421000.96528658
2163,2163,2.63e+51,212000.0,0.046,51.461,11.935,39.526,False,1.726,-0.24,2012-04-29 00:20:06.387,O5,"['H1', 'L1']",17.15659239620605,41.00882352659271,131.20260861896531,561.9519075764133,50.634937120650136,134.7103591865989,327.0546763971031,356217.67069442774,1252637.7684885522,6117606.617092399
2164,2164,4.18e+50,389000.0,0.083,62.067,9.307,52.76,False,5.119,0.542,2012-07-28 08:19:16.533,O5,"['H1', 'L1', 'V1']",10.11713013526732,34.05938715470816,114.79934627798254,458.1299095500879,102.97225466640772,274.0747549305209,667.18698907882,1538985.3740053135,6184802.506291112,35271804.53045736
2165,2165,1.67e+50,556000.0,0.116,70.817,27.614,43.20299999999999,False,3.685,0.522,2012-01-27 06:46:07.472,O5,"['H1', 'K1', 'L1', 'V1']",8.004364312624954,96.88436123732338,782.5863361984611,14264.385527371029,154.3898205296548,410.8092867794616,997.9504894954018,15892622.323781293,149175235.87029707,3234970413.849744
2166,2166,1.94e+50,457000.0,0.096,27.069,6.483,20.586,False,1.192,-0.784,2011-11-02 16:20:59.668,O5,"['K1', 'L1', 'V1']",10.98907378336598,3.746457892510904,19.020462831620662,127.67076830854168,60.36194796210924,160.78879704539446,393.5561842817366,72778.37658314599,446216.4310378738,3800609.1864638296
2167,2167,4.520000000000001e+50,255000.0,0.055,22.54,21.172,1.3679999999999986,False,2.603,0.243,2011-10-29 17:35:49.616,O5,"['H1', 'K1', 'V1']",22.08106972089906,1.388351550958402,4.555347669913269,16.338356868833877,20.427335532273133,54.5448759980566,135.61439682612288,2017.723400648483,7686.658607631401,36510.66951464592
2168,2168,8.339999999999991e+50,570000.0,0.118,64.962,26.935,38.027,False,3.192,-0.459,2011-12-03 05:45:49.786,O5,"['H1', 'K1', 'V1']",9.270542594693213,161.6257602872599,892.0973862298505,5090.749467846736,111.7655981659626,297.7884837844432,731.2324252669882,7456734.834720221,47792124.38745188,366694244.95238185
2169,2169,1.9399999999999998e+51,477000.0,0.1,23.549,12.353,11.196,False,1.383,0.016,2012-07-15 03:58:55.839,O5,"['H1', 'K1', 'L1', 'V1']",13.82841364242505,2.643739217885288,9.328854360251086,30.44347160221849,51.23178927162337,136.41193770848014,333.0270385618496,36866.03953520224,146743.49232479453,659371.1343987095
2170,2170,2.27e+49,347000.0,0.074,78.496,20.583,57.913,False,3.657,0.831,2012-02-24 08:16:49.930,O5,"['H1', 'K1', 'L1', 'V1']",10.3134808148874,19.018146180487555,115.2225072901678,741.0362626204796,126.38128692286364,337.2206956932844,829.4817122463884,1368022.379251309,9328351.848756429,81133108.5063937
2171,2171,5.26e+50,1790000.0,0.33,36.428,12.793,23.635,False,6.276,0.647,2011-12-18 01:29:23.797,O5,"['H1', 'K1', 'L1', 'V1']",8.602702530869234,61.31707313631253,297.92290358391205,2269.174254225621,165.45840633688317,440.28282259611103,1070.0892609050038,10371337.506883351,58661831.60722795,572153706.0845177
2172,2172,1.94e+50,206000.0,0.045,38.873,6.551,32.322,False,4.531,0.452,2012-06-08 11:59:02.201,O5,"['H1', 'K1', 'L1']",18.82956121201605,1.2671525851007168,4.014569107342221,14.334374259915316,20.62287909996212,54.95445047103891,134.74691530602726,1831.5268555024384,6900.138810571106,33720.29450867007
2173,2173,1.54e+50,274000.0,0.059,53.084,21.541,31.543000000000003,False,4.812,-0.075,2012-05-15 21:16:58.696,O5,"['H1', 'K1', 'V1']",11.815165336859,6.314120804268654,21.93857955297176,84.67489478613676,46.53089916010066,124.22484719889592,308.2226177079474,47362.25383648422,206049.79104656013,1140359.0074403326
2174,2174,5.26e+50,428000.0,0.091,25.074,4.897,20.177,False,5.211,-1.178,2011-11-01 21:47:39.300,O5,"['K1', 'L1', 'V1']",11.27024131192811,0.6362882206871868,2.163060919048833,12.030102590072856,50.103295012665,133.47229893825886,326.7169381200698,6221.890613413686,25697.768833947543,198579.5763758933
2175,2175,1.3200000000000001e+50,728000.0,0.148,43.981,10.684,33.297000000000004,False,1.818,-1.1,2011-10-17 04:30:52.372,O5,"['H1', 'K1', 'L1', 'V1']",8.873985583352848,48.50554623245253,180.46521196900105,732.7746274604389,149.44647068267102,397.7367149757188,967.7922331901708,4443160.266566257,19341881.08446034,115222442.39341567
2176,2176,6.14e+50,423000.0,0.09,31.064,13.184,17.880000000000003,False,2.544,-0.834,2011-11-04 00:22:32.666,O5,"['K1', 'L1', 'V1']",13.01608479414883,9.25975054079102,30.69604092629618,109.3089161797012,57.09012854618038,152.00123672027615,371.2822216507893,123706.43642246824,468532.1954894852,2164214.35239482
2177,2177,2.4399999999999998e+51,1090000.0,0.214,6.437,8.837,-2.3999999999999995,True,3.011,-0.866,2011-11-17 23:58:02.944,O5,"['H1', 'L1', 'V1']",9.76350492810298,3.174816277803626,10.896234118957674,46.02591326377943,109.20098665648776,291.4754014993252,720.3932728337634,181786.7778564466,801272.3888608433,4966807.434879392
2178,2178,4.89e+49,688000.0,0.141,20.952,15.053,5.899000000000001,False,2.481,-0.856,2012-05-25 12:15:48.156,O5,"['H1', 'K1', 'L1']",13.83197276085007,40.313196606282126,140.49382297939502,548.1618605764785,67.52921788469337,179.6890170351898,436.8754158959525,918016.3099904568,3591353.959542752,16539147.0836242
2179,2179,7.77999999999999e+47,496000.0,0.104,23.121,26.27,-3.149000000000001,True,4.622,1.149,2012-06-20 07:31:25.429,O5,"['H1', 'V1']",12.03704325177282,30.19344373128428,174.69017768093266,1379.3692882968155,57.40922247584962,152.98027055378265,375.9202140531966,379152.35427910206,2667686.8362318515,25692741.26805953
2180,2180,6.18e+47,448000.0,0.094,60.847,15.263,45.584,False,1.243,-1.434,2012-08-20 17:09:54.573,O5,"['H1', 'K1', 'V1']",8.29142985122639,38.64832226949424,249.56366802390625,2079.010076676249,132.90687546013567,354.5428463871125,875.3203152488776,2733790.772916293,21495268.58293509,302314298.3455438
2181,2181,1.44e+48,819000.0,0.165,19.244,17.189,2.055,False,2.482,-0.046,2011-10-05 05:02:23.767,O5,"['H1', 'L1', 'V1']",8.43263253732612,81.27460847649222,261.5154660313032,1132.5230558258593,148.3660855742546,395.1834262820362,964.8546296678632,7666375.332545854,27357708.442905985,199100939.00268936
2182,2182,1.2300000000000002e+50,459000.0,0.097,57.788,17.454,40.334,False,2.887,-0.406,2012-03-07 15:42:19.116,O5,"['K1', 'L1', 'V1']",10.59410080781368,38.1244978295878,202.3994469839624,3463.762335697495,81.50129807411929,217.9853371579489,544.5100479805544,997113.5110506136,6901185.637439698,121006159.1543797
2183,2183,8.339999999999991e+50,869000.0,0.174,30.416,20.286,10.13,False,1.658,-1.212,2011-09-26 12:33:02.921,O5,"['H1', 'K1', 'L1', 'V1']",8.688956481310674,34.614314970020466,308.137701961845,2097.6682606186164,166.99868412534877,441.4812257746696,1042.8519705784684,2428489.137950716,39550322.64731768,413716802.1594402
2184,2184,2.63e+51,963000.0,0.191,13.278,15.23,-1.952,True,6.051,-1.16,2012-07-16 23:11:54.016,O5,"['H1', 'K1', 'V1']",8.857347360946727,102.33446191980632,509.9689141573723,6713.687340288581,161.2709787949169,429.574698214326,1052.2274134736604,10990608.980837146,68670631.58309874,1290685332.794257
2185,2185,3.87e+50,1520000.0,0.287,38.13,3.179,34.951,False,2.041,0.978,2012-04-18 02:31:25.689,O5,"['H1', 'K1', 'L1', 'V1']",8.74559520120073,71.40258228487092,242.51705766176272,1269.87358008077,169.65814386420834,451.3149665086784,1095.3657743806436,11538714.095891852,47167254.61476765,344665774.3046804
2186,2186,3.9e+47,269000.0,0.058,75.871,16.143,59.728,False,1.813,1.016,2012-01-15 06:35:05.516,O5,"['K1', 'L1']",9.728445175709716,1028.8464779877072,3589.9048126192097,11955.131579811996,89.33096539512235,236.9307957010328,566.14210868027,28529325.932442423,107670809.76585016,399834272.478047
2187,2187,2.4399999999999998e+51,581000.0,0.12,36.242,13.478,22.764,False,5.216,-0.528,2011-09-25 01:30:57.786,O5,"['H1', 'K1', 'L1']",9.367605321703373,26.102356724487905,108.4172478663582,1091.9501959237673,86.22891581330782,231.54999886301937,597.6680986724127,615628.7794891573,3363885.5960616576,56920113.58818546
2188,2188,9.03e+49,340000.0,0.073,81.534,19.456,62.078,False,5.337,-0.144,2012-03-12 04:34:40.364,O5,"['K1', 'L1', 'V1']",8.890551015040113,184.21114262478304,777.7813460094569,6599.368714630578,118.70537120311384,316.5582182960387,781.2861760773192,8961509.39189914,50527757.89440736,574820512.1915375
2189,2189,1.66e+51,1160000.0,0.226,42.74,24.194,18.546000000000003,False,2.625,-0.928,2011-09-19 05:11:21.438,O5,"['H1', 'L1', 'V1']",8.178240171078151,67.60645970003965,246.64793184009727,1044.3335353782184,147.65347876846045,392.8605537155961,954.6364905820448,8734539.343094176,36987723.64156885,210163572.64771983
2190,2190,6.64e+49,568000.0,0.118,40.82,25.27,15.55,False,5.389,-0.914,2011-12-24 10:24:42.168,O5,"['H1', 'L1', 'V1']",12.34806094879618,8.87218634672879,53.104927623794126,288.94260985686856,75.887996046946,202.23723332380047,495.8193865328532,268382.0515958568,1739130.9055557037,11753920.46569388
2191,2191,3.58e+51,497000.0,0.104,33.832,18.595,15.237000000000002,False,3.103,-0.939,2012-02-08 04:47:42.478,O5,"['H1', 'K1', 'L1', 'V1']",11.91380504597599,1.225018580610658,4.032281951787558,15.683939323082791,60.07597868873597,159.9143077623266,389.5014374062464,21188.85288764676,83370.10208968105,442853.88952085946
2192,2192,1.14e+50,441000.0,0.093,40.042,7.901,32.141000000000005,False,5.573,-0.079,2012-07-21 07:00:14.720,O5,"['H1', 'K1', 'L1']",12.36863744433358,9.66977204845016,39.83297910250691,214.8211485868636,57.963708573501606,154.42965047898508,378.3218720015876,145618.03940908873,688360.2348208316,5097961.047976935
2193,2193,1.54e+51,113000.0,0.025,58.939,20.677,38.262,False,3.884,-1.081,2012-08-12 03:37:37.279,O5,"['H1', 'K1', 'L1']",16.88430271722646,0.7510445497514051,2.3968747338443004,8.97391507797159,15.773688400831505,42.07198606259792,103.82468890026684,436.0050559698788,1655.42218243803,8275.074858080241
2194,2194,1.8e+49,1300000.0,0.25,26.194,10.836,15.358,False,2.169,-0.837,2012-08-20 14:10:51.178,O5,"['H1', 'K1', 'L1', 'V1']",8.325969533473417,102.1946687228633,407.4381550270635,3880.471760118293,190.7150203550009,506.3624620936241,1213.810548741537,15407300.204857524,81953919.24010834,1166583159.8258643
2195,2195,2.84e+51,825000.0,0.166,13.089,32.317,-19.228,True,3.263,0.627,2012-09-12 10:52:35.501,O5,"['H1', 'K1', 'L1', 'V1']",8.243921668737764,231.6648100066732,1242.8887248596357,8746.384504785456,177.8552763825927,471.3578804992352,1121.1435679579547,24438858.94164584,169817909.61205086,2009619059.2239208
2196,2196,1.67e+49,351000.0,0.075,52.21,26.107,26.103,False,1.956,-0.505,2011-12-15 03:51:35.690,O5,"['H1', 'K1', 'L1', 'V1']",8.826789557121968,5.373038579803223,19.073795848455124,251.77837533620348,102.09716124708928,277.21457622309646,810.9345278363005,134358.21285122394,628412.7175051753,22201097.875340752
2197,2197,5.7e+49,1050000.0,0.207,27.299,13.1,14.199,False,4.661,-0.659,2012-05-30 13:19:35.336,O5,"['H1', 'K1', 'L1', 'V1']",8.063891338963122,1367.5782489234348,8129.172442698787,29809.012096863047,152.69382444640405,407.473186614254,1005.609201553922,280216406.2522799,1740971064.477511,7264824218.932327
2198,2198,2.27e+49,812000.0,0.164,19.308,4.364,14.944,False,3.474,0.057,2012-06-05 13:24:33.532,O5,"['H1', 'K1', 'L1']",9.560154445303132,95.21038017850006,387.622082303508,1713.9681883475662,130.53537917693086,345.21115956828146,823.2624989549115,4634950.361569634,26138419.76888784,150666161.59817567
2199,2199,4.8800000000000005e+50,249000.0,0.054,27.61,17.029,10.581,False,1.903,-0.4,2011-09-14 06:08:08.964,O5,"['K1', 'L1', 'V1']",14.00592115667628,2.052392316544586,9.4754586711046,110.3788091189378,43.639536842068026,125.10282870445263,308.06555452797056,4949.911261673484,31141.82367579372,988750.5920221504
2200,2200,1.14e+48,774000.0,0.157,52.939,21.397,31.542,False,0.313,0.262,2012-03-02 12:52:57.609,O5,"['H1', 'K1', 'L1', 'V1']",8.655731241626686,40.760965797133,212.74923246374763,1900.679591000408,151.34971928187906,403.0768029240252,981.3708420500748,3720585.466917983,26196734.110702727,420146917.8717231
2201,2201,4.18e+50,581000.0,0.12,29.972,7.586,22.386000000000003,False,2.384,-0.389,2011-11-22 21:59:06.397,O5,"['H1', 'K1', 'L1', 'V1']",12.92483531133273,6.378030007855474,23.721840769617792,120.44664586177254,70.56014330675987,188.00047499729453,460.5666191380024,166410.43533529053,695902.7074076039,4754525.117217618
2202,2202,1.0500000000000001e+52,352000.0,0.075,13.293,11.159,2.1339999999999986,False,4.417,0.183,2012-05-01 12:34:22.522,O5,"['H1', 'V1']",12.67486211836461,48.39419467401829,159.51164834156324,560.3477324614537,43.230968080846026,115.48845867424497,286.5244295432967,289174.4397121023,1140100.9286427335,4986391.668197411
2203,2203,2.2599999999999998e+51,402000.0,0.085,14.207,20.024,-5.817,True,0.834,-0.598,2012-07-18 05:36:49.270,O5,"['H1', 'V1']",14.55833309530851,10.002541381003224,34.6315206430602,206.2021647591751,38.24792295739712,102.42156883575576,261.55310634197883,50821.250546170464,218000.9164061173,1821413.773480033
2204,2204,1.0499999999999999e+51,2590000.0,0.452,88.734,6.661,82.073,False,1.821,0.694,2012-08-16 16:41:28.692,O5,"['H1', 'K1', 'L1', 'V1']",8.09119555290895,1686.2011962089427,10167.00927299911,32407.86653142614,153.54865275516386,410.0290228521176,1017.8252611318848,421499995.156652,2558217786.2963643,8791452758.075932
2205,2205,1.14e+50,403000.0,0.086,23.061,15.703,7.358,False,0.265,0.676,2011-11-27 22:50:40.408,O5,"['H1', 'K1']",9.4874694104319,706.7133640870367,3176.9441794521385,11699.53310851957,85.93975758038994,228.10853026774203,548.1964029382607,16610008.716926403,76785272.95611654,352053596.4845538
2206,2206,1.2300000000000002e+50,801000.0,0.162,23.042,21.576,1.466000000000001,False,3.286,-0.796,2012-03-04 20:51:52.348,O5,"['H1', 'K1', 'L1', 'V1']",10.94118803950801,18.549097897024264,71.81682279608609,342.5577563171335,109.13939645469428,290.4911846537412,706.8750214266169,1159308.0140808453,5161586.494745359,31840014.867068
2207,2207,1.0499999999999999e+51,727000.0,0.148,57.496,24.726,32.77,False,2.362,0.555,2012-07-27 21:54:12.646,O5,"['H1', 'K1', 'L1', 'V1']",8.070998463015092,80.18083330400374,287.937816508482,1867.9492622002028,160.05514855460865,425.7151246677971,1032.0217262841825,11937939.51404121,53835274.402593255,450813455.5308893
2208,2208,4.89e+49,619000.0,0.128,36.497,17.809,18.688,False,4.968,0.806,2012-07-01 14:51:17.819,O5,"['H1', 'K1', 'L1', 'V1']",10.78454012933017,1.4469239113662602,4.639745630652845,17.236339983885763,61.68319451080521,164.23207808223384,400.86341004695873,23346.79107512944,87663.96320743133,473641.931606938
2209,2209,8.36e+49,624000.0,0.129,57.258,10.682,46.576,False,4.981,0.953,2012-06-03 16:22:43.530,O5,"['H1', 'K1', 'L1', 'V1']",8.6708274322437,14.571426783838616,61.13288139062981,2180.741975795794,158.66827029592537,422.04206893708965,1021.1578569669948,1482102.5521196353,7853195.785163286,444148611.589188
2210,2210,1.05e+50,147000.0,0.032,52.176,40.772,11.404000000000003,False,3.13,-1.146,2012-06-04 17:52:26.238,O5,"['H1', 'K1']",22.8463145215591,9.88480111268337,37.287115117276734,191.2127772481808,23.88533454689494,63.73987709002441,157.78983430177527,14752.36371141986,63843.50151381282,343963.8227606797
2211,2211,1.9399999999999998e+51,784000.0,0.159,31.307,15.047,16.259999999999998,False,4.273,0.862,2012-01-25 13:56:13.761,O5,"['K1', 'L1', 'V1']",9.972977382635138,17.153754619923443,76.56991459651927,844.7839160241547,96.62313331330095,257.2161484095976,629.7173201084381,785954.4150735603,4013231.502036174,55164917.39658985
2212,2212,1.67e+50,336000.0,0.072,24.361,27.324,-2.963000000000001,True,6.261,0.228,2012-06-27 11:50:06.521,O5,"['H1', 'K1', 'L1']",21.08666262918026,6.783481636989064,23.603559429585022,96.60939604794956,33.652644514460064,89.70149344747023,220.27812030869703,28938.522258511155,119851.30483709068,563866.4008473072
2213,2213,1.8e+50,831000.0,0.167,53.159,14.864,38.295,False,4.531,-0.779,2012-05-01 21:01:17.022,O5,"['H1', 'L1', 'V1']",9.044783674264728,43.05425914217014,238.71027805947585,1610.5486018454214,139.1638573012076,370.3824297878548,900.628958809149,3447905.846946298,26290046.35454031,238251273.06044632
2214,2214,1.54e+50,412000.0,0.087,62.623,10.358,52.265,False,1.265,0.247,2012-03-19 19:03:09.694,O5,"['H1', 'K1', 'L1', 'V1']",8.281107319775275,15.250083053403594,69.52273847167005,7118.558554077432,158.43822744178192,421.6643302445591,1018.9113459237352,1263625.948268932,8634148.8026841,1522967554.857779
2215,2215,1.54e+50,580000.0,0.12,36.074,14.837,21.237,False,4.817,-0.346,2012-05-13 22:57:25.099,O5,"['H1', 'L1', 'V1']",13.19756844835142,26.221764620888788,112.76261017946842,554.3708222049295,82.3881618387818,220.47372123255923,524.2695475736941,641105.7552209327,3013352.287617474,17352490.534276314
2216,2216,6.61e+51,133000.0,0.029,67.484,12.872,54.612,False,0.461,0.617,2012-09-06 20:07:20.824,O5,"['K1', 'L1', 'V1']",14.18844623915105,0.6326191306330408,1.9842346074170696,6.995656427300508,28.85353705766937,76.84806079562162,187.806624818608,1522.5442234499674,5664.341831801308,27446.86836471633
2217,2217,1.66e+51,1060000.0,0.208,24.858,13.498,11.36,False,4.521,-1.287,2011-12-08 08:43:05.405,O5,"['H1', 'K1', 'L1']",8.889529317412078,112.1014058118979,447.9951427666659,1801.1992596741502,144.9840301263033,385.3597005445581,929.7214023882716,11886568.139202716,52208322.62029719,255927158.85519832
2218,2218,1.8e+50,209000.0,0.046,31.691,15.285,16.406,False,5.11,0.249,2012-06-21 03:11:17.856,O5,"['H1', 'K1']",10.70916930576225,5.037982657387322,16.575367767894765,69.28817053865704,29.518825937592027,79.23442599630945,206.8007191731336,8260.479419287296,34189.15360319484,232892.5616393136
2219,2219,7.150000000000001e+50,355000.0,0.076,58.058,13.617,44.441,False,1.792,-0.206,2012-08-11 10:02:34.248,O5,"['H1', 'K1', 'L1', 'V1']",8.662675086476964,8.994715656645274,32.86132350020358,347.76888187011474,122.76659949185353,331.7493937993628,904.6973278498924,372185.1199398693,1784308.72756812,48552737.47751486
2220,2220,1.54e+51,523000.0,0.109,47.524,13.428,34.096000000000004,False,2.357,1.071,2012-07-14 01:22:06.220,O5,"['H1', 'K1', 'V1']",9.142373466639812,92.73541011336546,470.13692941461534,4789.933177410105,112.80937473277606,301.07140986117577,747.2602519322182,4467431.10959018,31362522.235712186,389404752.3125615
2221,2221,9e+50,643000.0,0.132,45.758,16.542,29.216,False,3.486,-1.111,2011-12-07 08:16:54.231,O5,"['H1', 'K1', 'L1', 'V1']",9.42881231433616,3.367407403358826,11.782308610987128,97.66202189490154,112.80037308978864,300.3716999596869,733.7413611315947,177219.3513688924,801427.6530018627,10841421.19015571
2222,2222,6.150000000000001e+49,231000.0,0.05,69.022,44.631,24.391000000000005,False,4.957,1.254,2011-10-27 20:46:30.690,O5,"['H1', 'K1', 'V1']",11.20903371636346,20.84597402713978,95.40490060513,1430.8053809186338,83.44555280318832,222.0176761192734,528.7136870054912,443771.5618283637,2268378.2852890664,39133066.83443453
2223,2223,4.8800000000000005e+50,1040000.0,0.205,16.058,16.041,0.0169999999999994,False,6.178,-0.666,2012-04-22 02:59:06.400,O5,"['L1', 'V1']",8.662450904475334,287.5278185809578,1432.0650023165729,7512.351784031394,127.0009315126914,337.74229735875804,821.2166107265855,17295168.540794834,88236395.29136994,610367573.4490913
2224,2224,5.26e+50,579000.0,0.12,36.488,8.642,27.846,False,5.124,0.881,2012-08-16 13:42:03.942,O5,"['H1', 'K1', 'L1', 'V1']",8.591036779732509,2.9028639188939374,12.081064590178464,520.198141752011,116.59724175761448,313.8551222097195,827.256885839532,124707.98305217816,718818.5071782683,67035192.25244028
2225,2225,6.66e+48,478000.0,0.1,41.169,7.066,34.102999999999994,False,5.689,1.456,2012-02-02 09:07:19.382,O5,"['H1', 'V1']",8.050683257534395,70.23406808655713,263.6627387066031,1300.9492585946346,122.18572902648908,326.1108537276924,808.4639057705893,2882163.844737224,13357158.30044759,111378683.7340937
2226,2226,1.66e+51,285000.0,0.061,72.188,10.269,61.919,False,5.981,-0.745,2012-07-17 00:27:58.456,O5,"['H1', 'L1']",8.177367734444893,267.38173817115654,1457.0646587722788,13445.517608266106,227.6034357311852,580.0724861163245,inf,3344304.050595864,63699958.5848728,2307594288.580487
2227,2227,6.63e+50,1130000.0,0.221,26.328,42.905,-16.577,True,1.28,-1.112,2011-09-29 02:10:44.460,O5,"['H1', 'K1', 'L1']",8.076037019853754,254.50674601635464,900.5715290580993,5516.651279263458,171.14292285440513,455.1553526033632,1099.9770538740745,37465941.74433686,151118358.14363176,1190269901.855295
2228,2228,2.6400000000000003e+50,1200000.0,0.233,24.818,9.386,15.432000000000002,False,1.623,-0.411,2012-02-15 16:14:22.676,O5,"['H1', 'K1', 'L1', 'V1']",8.10914577214602,144.56413158133117,496.2023282712507,1941.652906485621,166.68692044217732,443.4735602464591,1077.211466433378,28023987.00809044,110640079.99523364,571858332.9595757
2229,2229,2.09e+51,631000.0,0.13,65.804,11.28,54.524,False,3.933,0.779,2012-03-19 08:50:00.380,O5,"['H1', 'K1', 'L1', 'V1']",9.67613945958276,122.50714389086065,469.1345706050258,1710.33886833828,158.1050217966393,420.5479801238152,1019.0921747211916,16156010.289219093,70251401.14125209,339781030.6064116
2230,2230,4.8800000000000005e+50,1520000.0,0.287,36.142,22.474,13.668000000000005,False,4.464,-0.92,2011-11-05 12:27:01.588,O5,"['H1', 'K1', 'L1', 'V1']",8.794069384849019,976.9843917850068,5391.942875268228,28104.587492620703,163.6071609555588,435.9861547242251,1067.5490249093511,229703084.30870143,1455603797.151189,7907616708.430114
2231,2231,1.1400000000000001e+49,829000.0,0.167,21.11,14.764,6.346,False,5.602,-0.602,2012-07-19 18:14:45.123,O5,"['H1', 'L1', 'V1']",12.03115148469293,2.0877610378075007,8.367845586940138,68.51287038021589,79.64364738111055,212.421581988722,524.3949111460258,73916.8520592301,376068.3321764151,4062873.5985842026
2232,2232,2.6400000000000003e+50,499000.0,0.105,61.673,12.492,49.181,False,3.688,-0.905,2011-11-23 12:16:32.846,O5,"['H1', 'K1', 'L1', 'V1']",8.270406362732558,117.79237455726032,1344.0498526272136,22940.385160009173,178.96589195100546,473.87515761385407,1108.9615980961112,13017677.384524165,262059025.61907896,4774456539.101271
2233,2233,5.680000000000001e+50,280000.0,0.06,25.539,28.921,-3.381999999999998,True,1.541,0.237,2012-01-18 18:06:35.572,O5,"['H1', 'K1', 'L1', 'V1']",21.30217924269446,1.6656984278914109,5.137628971669272,17.76240846588455,20.835177727595152,55.53120229667542,136.33224593793904,2750.4329972492974,10132.989294691652,48153.1768471805
2234,2234,7.74e+49,384000.0,0.082,18.927,24.846,-5.9190000000000005,True,2.789,0.468,2012-01-15 03:41:48.863,O5,"['K1', 'L1', 'V1']",15.21965291912688,1.4263222719487454,4.441266070222983,15.632595006193498,33.00158506709829,87.88545299300472,214.6553796231865,6524.127722619065,24126.86556376132,116203.36168073308
2235,2235,1.0499999999999999e+51,1280000.0,0.246,8.157,14.369,-6.212,True,5.34,0.001,2012-06-23 02:47:00.345,O5,"['H1', 'K1', 'L1', 'V1']",8.618375151236,149.57329901666262,711.7637177696071,15093.568780381029,210.17662305738577,557.540459890437,1430.6157977452565,17864128.273616605,130408822.44340973,5862978139.084099
2236,2236,5.71e+48,379000.0,0.081,29.737,7.037,22.7,False,5.571,0.158,2011-09-15 19:56:05.701,O5,"['H1', 'K1', 'L1', 'V1']",14.09747511754701,3.676282455270176,13.298514527218153,70.74649941659581,42.11517267019411,112.21519423436295,274.98999350132647,31425.46135539825,139011.13683535834,975581.7694864369
2237,2237,1.66e+51,551000.0,0.115,52.231,11.618,40.613,False,0.469,0.814,2012-05-11 18:04:10.179,O5,"['H1', 'L1', 'V1']",9.010383560435208,71.70477017000755,257.9391006281036,961.0047013576842,127.8895988700873,340.30592216559694,826.9276942094158,5869373.608525851,24562054.630521443,121969032.81650274
2238,2238,5.29e+48,6940000.0,1.018,44.177,12.206,31.971,False,0.453,-0.076,2012-09-04 14:49:44.441,O5,"['H1', 'K1', 'L1', 'V1']",8.014961122293792,3759.6166411228505,13161.443759552283,32739.66769787601,194.60449937600083,518.2484209638087,1266.0822710625005,1696531524.151484,6142887119.38587,17992783618.721912
2239,2239,5.73e+47,353000.0,0.075,43.331,10.978,32.353,False,0.276,0.016,2011-11-15 08:17:50.153,O5,"['H1', 'L1', 'V1']",13.71398235287721,9.302424655940506,28.019342760499544,86.06462560823523,41.36523175509598,110.2407383817278,270.53374102931446,71399.75369906511,255022.9227571945,1075910.6824693014
2240,2240,2.65e+48,1360000.0,0.26,22.224,3.767,18.457,False,2.703,-0.1,2011-09-28 07:49:53.474,O5,"['H1', 'K1', 'L1', 'V1']",8.122140995052181,202.61850583548232,956.5552882420884,12371.492373353904,164.3379456952698,437.2915412138572,1063.0245053938595,36512477.32322539,210608295.18289125,3362885830.828639
2241,2241,9e+50,802000.0,0.162,30.132,10.723,19.409,False,3.726,-0.069,2012-07-27 09:59:10.730,O5,"['K1', 'L1', 'V1']",8.848763259519272,195.0064039584986,850.12641060645,5164.794678931886,138.52224654367353,368.60282813464266,897.9369317114146,14639673.01942372,79243451.26823066,656145052.9484515
2242,2242,7.150000000000001e+50,981000.0,0.194,47.162,13.606,33.556,False,4.252,-0.226,2012-08-13 06:30:03.105,O5,"['H1', 'K1', 'L1', 'V1']",8.086226888988774,241.0089005369624,1478.1791534192942,10350.24944241824,166.16933171640312,442.269167883502,1076.4555516890068,47529036.675042,320625784.3543557,3059503068.7707014
2243,2243,2.8699999999999997e+47,816000.0,0.165,54.237,24.914,29.323,False,0.005,0.831,2012-02-29 00:58:58.419,O5,"['H1', 'K1', 'L1', 'V1']",8.605781620276746,25.821715895177267,106.74887698434884,8256.476965053665,178.34156861381393,473.4253562699374,1137.5960432689722,3521599.871838235,20791629.17625721,2252850169.065166
2244,2244,1.43e+49,203000.0,0.044,76.5,24.21,52.29,False,2.576,0.169,2012-02-16 18:23:13.200,O5,"['H1', 'K1', 'L1', 'V1']",15.00205760558296,19.05783938948968,65.08347923610236,227.8700870472142,38.55523968681149,103.88820347619858,270.97725523310123,55714.87320043072,222873.388489423,1204453.65577432
2245,2245,1.43e+50,842000.0,0.169,12.423,23.867,-11.444,True,4.634,-0.641,2012-01-22 02:23:37.140,O5,"['H1', 'K1', 'L1', 'V1']",9.104338682683515,20.5424885137624,230.2892114810053,1546.1597450924644,143.31609050264922,381.5394200872531,930.0221319564032,2765326.09375913,33945142.02488016,299785005.5914901
2246,2246,2.1e+50,686000.0,0.14,27.547,7.642,19.905,False,3.369,1.048,2012-03-06 05:45:12.131,O5,"['H1', 'K1', 'L1', 'V1']",13.56248981051895,2.065477614052833,6.451345784456297,22.13946781245576,55.89824055553231,148.8888508709529,364.1619293341656,37802.43711412984,139506.5396899257,650719.6392450543
2247,2247,3.86e+51,314000.0,0.067,66.391,10.825,55.566,False,0.666,0.121,2012-04-29 16:05:22.220,O5,"['H1', 'K1', 'L1', 'V1']",13.03573836853001,3.746097241819464,12.504890762694234,68.4386332426002,54.34924773066115,144.8824913575333,356.4197223355832,49779.89440356708,202573.80524090145,1572347.0410586898
2248,2248,9.72e+50,353000.0,0.075,74.239,15.099,59.14,False,0.477,-0.025,2011-09-16 22:27:44.120,O5,"['H1', 'K1', 'L1']",10.83295067638176,110.393482806817,391.6742432009237,1480.690517287989,110.54096913959484,292.9575795174301,692.8098158168266,5036813.72148744,18413200.799839087,78519465.1498405
2249,2249,8.339999999999991e+50,735000.0,0.15,42.605,24.466,18.139,False,4.361,-1.08,2011-10-23 03:58:27.787,O5,"['H1', 'L1', 'V1']",8.938165245954844,6.120708717773959,25.070273944836703,357.2836717420444,131.3029071701933,351.818285511431,883.4287704521132,414737.0676522259,2296352.785726324,60688044.8245296
2250,2250,5.3e+47,440000.0,0.093,66.301,8.061,58.24,False,1.95,0.01,2012-09-09 06:11:40.118,O5,"['H1', 'K1', 'V1']",8.239906311355142,135.92632130253094,514.182738813081,4946.715737726419,144.09235479337485,384.2547011771203,941.3884679527775,6946708.010988728,38811058.78015849,720558400.0337896
2251,2251,1.8e+49,4760000.0,0.749,13.499,18.197,-4.697999999999999,True,3.605,-0.732,2012-04-08 10:55:18.806,O5,"['H1', 'K1', 'L1', 'V1']",8.379407290262467,334.7082852731979,1828.372459292296,10655.366176021982,251.89645962736856,668.4626986166472,1599.4792021418652,91064296.10879982,583727860.9450234,5363091324.679978
2252,2252,5.29e+48,635000.0,0.131,66.655,22.082,44.573,False,3.148,0.139,2011-12-22 12:16:04.114,O5,"['K1', 'L1', 'V1']",8.116093726276981,880.9807711981096,3659.935306109585,12780.26157106865,175.40775624258117,465.9557436876311,1120.8940573381958,98290752.87008454,518049103.8017098,2727002444.9786334
2253,2253,8.339999999999991e+50,361000.0,0.077,71.413,20.577,50.836,False,5.937,0.012,2012-03-11 04:20:42.520,O5,"['K1', 'L1', 'V1']",9.788012612588622,304.5011769648273,1383.9407462993204,6950.837785418666,102.74160177366709,273.65118551355766,668.0287253952906,11211574.982060231,57588918.85744545,341228926.661195
2254,2254,2.4399999999999998e+51,2860000.0,0.491,78.862,9.532,69.33,False,2.755,-1.129,2012-05-13 15:22:29.629,O5,"['H1', 'K1', 'L1', 'V1']",8.074026682378639,3718.218976534513,13104.019859090984,33353.804647732635,159.49009448527158,424.997075315749,1041.7298810560644,1067182311.6985795,3903281877.747489,11355542922.472795
2255,2255,7.719999999999991e+50,193000.0,0.042,61.751,44.888,16.863,False,2.851,0.504,2012-04-14 21:25:41.365,O5,"['H1', 'K1', 'L1']",13.68117495877965,2.913303881919724,11.415793427475862,121.46340040519124,40.48616524998744,108.35942723408716,276.57749117339523,12131.689785071398,59947.61793471962,944861.2423558088
2256,2256,1.94e+50,765000.0,0.155,20.92,14.57,6.350000000000001,False,4.437,-0.484,2011-12-18 07:58:29.167,O5,"['H1', 'K1', 'V1']",8.265509960738237,133.65900045414676,586.1642115478695,4911.172846767145,145.10353212134987,386.35972200905405,944.1388104079364,11398213.488145037,61433450.10284683,739717990.196493
2257,2257,1.2199999999999999e+51,169000.0,0.037,23.544,11.142,12.402,False,4.243,-0.788,2012-02-29 23:33:09.963,O5,"['H1', 'K1', 'L1', 'V1']",45.36427551237968,0.1202890526965996,0.3786477393289609,1.3213518562377382,13.755775130027814,36.24597847958918,87.65178448933784,41.70842741369436,150.16616068735695,649.2066327606964
2258,2258,2.8400000000000003e+52,905000.0,0.181,11.876,13.835,-1.9590000000000007,True,6.112,0.176,2012-03-22 11:31:22.375,O5,"['H1', 'K1', 'L1', 'V1']",8.71338383761877,10.189850647054753,35.405939843642386,372.2072350595384,134.1356963253495,358.7815810209946,902.2033509033878,705614.6100314972,3055577.0966375857,57522788.394662336
2259,2259,1.1299999999999999e+51,641000.0,0.132,35.105,13.257,21.848,False,2.552,-0.56,2011-12-30 00:43:01.281,O5,"['H1', 'K1', 'L1', 'V1']",10.25660231986907,27.542227431733416,84.95985072764506,313.2675261294918,112.50800588310436,299.3920132494419,727.968519925718,1570134.499968012,5769277.727162865,31127256.333792653
2260,2260,2.6599999999999997e+47,1090000.0,0.214,20.213,9.481,10.732,False,5.24,-0.587,2012-08-09 20:50:57.329,O5,"['H1', 'K1', 'V1']",8.1271038209914,398.6136839591211,1802.7383056682168,8397.91888527609,170.75268759495827,454.32449192852687,1105.1711227416354,52839017.31783679,275297235.4188707,1698837397.416865
2261,2261,8.979999999999999e+51,5580000.0,0.852,51.535,7.401,44.134,False,5.27,-0.273,2012-07-08 22:56:31.359,O5,"['H1', 'K1', 'L1', 'V1']",8.109476735558518,2911.288930898168,10562.227754383091,31081.183049603133,187.9577462437867,500.77937830926726,1225.909243956134,1196866075.2743793,4697894417.407019,15569970498.89953
2262,2262,5.680000000000001e+50,1320000.0,0.253,23.656,14.799,8.857,False,4.424,0.643,2012-05-13 07:56:32.461,O5,"['H1', 'K1', 'L1']",9.233653241688634,162.84356378500703,548.2091571005134,2034.4829791784937,158.12866728958988,418.2853553638184,983.7744906787532,15302338.592837747,58017562.54439786,254322266.68788937
2263,2263,6.61e+51,347000.0,0.074,21.066,19.064,2.001999999999999,False,3.882,-0.139,2012-01-11 20:56:49.706,O5,"['K1', 'V1']",12.4102993446359,44.85939684071352,141.64341160657125,451.20760034201305,35.27505932071372,93.89100301801524,228.5265772073853,137315.808776392,515516.08264748246,2149653.922161929
2264,2264,8.319999999999999e+51,829000.0,0.167,42.267,20.031,22.236000000000004,False,2.28,-0.086,2012-08-25 04:06:07.975,O5,"['H1', 'K1', 'L1', 'V1']",10.21206706407878,9.152315746481657,27.24827119790472,92.56081473338551,95.61229538691803,254.65811098836173,622.9711700891346,407803.5470013511,1475565.3813947884,7227789.998887453
2265,2265,1.3200000000000001e+50,420000.0,0.089,74.88,16.778,58.102,False,5.776,-0.879,2011-09-23 19:12:21.691,O5,"['H1', 'K1', 'L1', 'V1']",8.261637760993457,64.89537346597167,328.0860779336282,3388.6451857375523,163.13197926890007,434.0287126889791,1054.21160843679,10910004.200047622,64825249.71114349,828187290.692075
2266,2266,1.8e+51,260000.0,0.056,44.048,15.586,28.462000000000003,False,1.442,0.938,2012-02-18 07:44:40.571,O5,"['K1', 'L1']",11.7074475515642,9.992778303373155,35.5584958482896,163.77554537516693,37.36005702150047,99.6649941155845,247.2589677536194,32450.87902840984,142296.34259057845,887650.2589591893
2267,2267,3.34e+48,380000.0,0.081,82.605,9.455,73.15,False,4.658,-0.298,2012-07-30 05:18:07.977,O5,"['H1', 'K1', 'L1', 'V1']",8.098874154905245,136.50097055067403,979.6196523505106,19677.17905015542,162.13463047847483,429.4652285680236,1018.8732426372536,14207104.059610462,150439883.9594958,3668332473.23555
2268,2268,9.05e+48,13300000.0,1.726,64.655,10.013,54.642,False,3.442,-0.021,2012-05-22 13:05:50.944,O5,"['H1', 'K1', 'L1', 'V1']",8.027196044800712,4177.740439182243,13546.230086872403,32958.73688020346,244.8215949758556,651.9328651474852,1591.5531886470792,3052025043.696795,10443137276.440184,29881730267.009544
2269,2269,2.85e+50,580000.0,0.12,36.297,16.862,19.435,False,1.698,0.714,2012-08-01 00:36:21.893,O5,"['H1', 'K1', 'L1', 'V1']",8.941397026293266,2.3032789566743657,9.343256032431048,220.75782659232823,105.48724060797711,283.90541074597945,757.2024492753378,83446.66216507138,444340.2159668259,21807899.211349946
2270,2270,5.28e+49,602000.0,0.125,57.662,14.866,42.796,False,2.843,0.726,2011-12-02 13:27:52.090,O5,"['H1', 'K1', 'L1']",9.918432835160528,99.48416106420775,331.97657296291544,1299.4166628811392,128.2391444731469,340.39896160984154,815.557295279945,6740119.801403831,25312759.498032723,115497150.49638298
2271,2271,4.1699999999999995e+51,503000.0,0.105,67.323,21.122,46.20099999999999,False,1.689,0.382,2011-11-28 11:23:31.598,O5,"['H1', 'K1', 'L1', 'V1']",8.12908925900171,211.4871031145589,1034.7865563431658,12889.253248972384,135.83237330479574,361.4786163471561,879.4743649838392,31280492.304398417,168107456.28982654,2578077785.5906057
2272,2272,2.84e+51,206000.0,0.045,86.815,17.012,69.803,False,3.209,1.079,2012-08-16 15:31:13.727,O5,"['K1', 'V1']",10.15637932887188,31.871213334625548,128.00991130334972,831.019131997434,53.076129573180935,145.6145635509385,410.2404390345254,127599.45855796084,653013.7463901585,10015509.770444153
2273,2273,9.03e+49,491000.0,0.103,50.429,12.246,38.183,False,2.019,1.262,2011-10-20 14:21:09.913,O5,"['H1', 'K1', 'V1']",9.314178717195318,27.533041414758948,212.08508810636047,3762.982778950548,114.8768988432456,306.6412577981738,760.8686505564061,1425636.649986797,13991171.755955346,355685578.9341439
2274,2274,2.45e+49,618000.0,0.128,40.113,17.68,22.433,False,5.987,0.443,2012-01-20 00:20:15.495,O5,"['H1', 'V1']",8.906681304840474,142.89525903051597,792.748286496488,4765.739910567881,99.65489257253842,266.0458587280121,658.8580471023943,5216298.644448944,33224875.63035992,286745953.54397166
2275,2275,9.09e+46,856000.0,0.172,27.682,14.891,12.791,False,3.679,-0.782,2012-09-06 05:56:08.555,O5,"['H1', 'K1', 'L1', 'V1']",9.523005198715044,3.7475181222677074,14.25071526131439,143.4977518957334,117.54453012239094,313.6233653747803,776.6265725271608,259994.2548019277,1240911.4771480106,19886889.211092047
2276,2276,2.2599999999999998e+51,1030000.0,0.203,44.044,9.06,34.983999999999995,False,4.395,0.812,2012-02-22 14:05:23.650,O5,"['H1', 'K1', 'L1', 'V1']",9.312022375435316,72.57064327278088,318.54197537377587,2397.2646688535647,153.1616361380511,407.50995587966736,989.766999226552,9206842.231625697,52690361.80036291,482445201.3972551
2277,2277,1.23e+49,523000.0,0.109,10.433,11.743,-1.3100000000000005,True,4.418,0.5,2012-04-16 18:28:10.323,O5,"['H1', 'K1', 'L1']",8.559731171336342,58.05064370875089,767.0575801727425,15396.50035771972,243.4752565457225,585.5111905335463,1180.957472311982,1200654.0995122148,65999117.82523444,2862093171.1708813
2278,2278,3.87e+50,1810000.0,0.333,29.085,14.129,14.956,False,0.792,-0.594,2012-04-08 09:06:04.690,O5,"['H1', 'K1', 'L1', 'V1']",8.425680683980522,171.73673952521256,796.5541139456035,5626.370689957579,174.76670125185797,465.3213699299861,1135.7431751547542,40476407.51207688,208651239.13873056,1808517908.1957088
2279,2279,5.25e+51,14300000.0,1.831,69.517,21.641,47.876,False,1.64,-0.468,2012-03-01 22:36:28.644,O5,"['H1', 'K1', 'L1', 'V1']",8.105941992912472,1543.620171219168,7312.94975632372,30331.18388350845,307.6879115141801,823.2303484032868,2059.964375245841,1306390183.8319275,7331852974.928925,31568518988.356743
2280,2280,1.54e+51,373000.0,0.079,35.48,17.095,18.385,False,1.146,0.696,2011-12-04 01:46:56.276,O5,"['H1', 'K1', 'L1', 'V1']",16.54488515756155,0.6222005603592775,1.9382895865732137,6.717208641661552,34.56572821319418,92.08346945933728,225.45717307604505,4098.656740330071,15132.63257533352,70889.71367540772
2281,2281,7.17e+49,276000.0,0.06,26.943,18.561,8.382000000000001,False,2.299,1.291,2012-05-10 03:00:59.790,O5,"['H1', 'L1']",23.33036276733595,26.89974341442048,81.95048082632908,266.6117118046287,30.27914282722228,80.84951229754171,201.1070454058065,61336.84307343174,204248.0039110831,783656.2928762598
2282,2282,1.9399999999999998e+51,795000.0,0.161,61.653,34.812,26.841,False,3.125,-0.208,2012-02-23 00:04:17.432,O5,"['H1', 'K1', 'L1', 'V1']",8.22298732957754,51.49423384711479,226.0590301716832,3028.163762835167,162.4150149317819,432.2165720662582,1047.0597364933774,5452556.929565279,30008896.154557988,718106651.8152448
2283,2283,6.17e+48,3580000.0,0.592,15.984,15.157,0.827,False,2.016,-0.647,2012-01-10 21:05:57.647,O5,"['H1', 'K1', 'L1', 'V1']",8.285130753493378,3757.185298112208,12990.414071776677,33005.30204559493,165.2003627575998,440.2830655244388,1080.0230664605306,1155450555.8081205,4156422508.743258,12140719099.425426
2284,2284,2.2599999999999998e+51,2120000.0,0.382,36.5,13.654,22.846,False,2.315,-0.925,2012-03-06 14:44:56.402,O5,"['H1', 'K1', 'L1', 'V1']",8.090351518513542,24.161175029712982,140.85216126528235,7135.536246358995,190.453111786853,506.2916493967234,1224.7795376830304,5249587.440736286,45999013.78158973,2737340058.6391068
2285,2285,4.1900000000000004e+49,673000.0,0.138,15.642,22.551,-6.908999999999999,True,1.625,-0.166,2011-10-27 01:30:27.119,O5,"['H1', 'K1', 'V1']",8.163918371479259,91.22760524588124,409.2269854059372,2821.9455629398094,129.5527827238916,345.7099000888261,854.3571600237651,4783920.428111507,27388524.82006637,336350483.3859435
2286,2286,3.3300000000000003e+49,666000.0,0.137,23.25,8.587,14.663,False,6.201,-0.889,2012-02-07 11:17:29.365,O5,"['K1', 'L1', 'V1']",9.316077334805174,45.18254617351534,378.3205798713875,3559.321660339049,108.96305055397602,291.39399976328593,729.4301032433141,1972023.015256272,19478701.576910328,285063007.4841736
2287,2287,7.150000000000001e+50,1040000.0,0.205,71.095,8.592,62.503,False,5.194,0.985,2012-02-19 11:33:38.526,O5,"['H1', 'K1', 'L1', 'V1']",8.283782226005213,109.9324753151695,727.7327172417139,10049.652119630437,169.69179265972684,452.6113237811155,1116.2538624498875,21511584.23666832,171883924.07783133,2944355405.4697814
2288,2288,7.719999999999991e+50,323000.0,0.069,62.779,28.793,33.986000000000004,False,4.638,-0.012,2012-07-09 12:27:00.505,O5,"['K1', 'L1', 'V1']",8.278406049736274,8.43500563391735,30.77663660953005,337.1514995274566,104.71110718907175,284.98875485898463,801.0085536547942,184047.0222836992,955978.6608587796,27806883.172808297
2289,2289,1.54e+50,664000.0,0.136,54.9,12.899,42.001,False,2.881,0.803,2012-02-23 04:38:46.086,O5,"['K1', 'L1', 'V1']",8.814058056653074,38.13927256671908,151.6721237296802,4098.838084348527,123.89022626019973,330.7027016197273,821.7060203931862,2358621.4268139177,13043772.969435737,458774001.70208
2290,2290,6.18e+47,988000.0,0.196,27.697,25.309,2.387999999999998,False,2.524,1.305,2012-06-04 20:04:00.441,O5,"['H1', 'K1', 'L1']",8.25323164800828,216.48464444049105,833.3468030533443,4575.648740448931,172.64967517186176,458.7836585040407,1104.8269713656878,33706129.882761344,145524184.4388858,920443733.158588
2291,2291,9.77e+48,152000.0,0.033,56.583,7.608,48.975,False,0.513,-1.278,2011-12-10 20:32:17.017,O5,"['H1', 'K1']",18.22797948881426,21.460465902672343,76.65198770492428,549.9849930825203,27.831662814558342,74.24360681120513,183.27202902918552,42251.35035978559,174996.163946332,1265244.951470195
2292,2292,3.09e+48,770000.0,0.156,22.442,11.616,10.826,False,5.386,-0.329,2012-06-16 19:42:15.973,O5,"['H1', 'L1', 'V1']",10.274254560759,6.005892379462489,25.57513194399857,164.8220872330811,97.10074536063723,258.7262971705385,633.9671131184847,277766.6011725967,1439254.7197402725,12811844.208863758
2293,2293,7.7e+51,602000.0,0.125,29.92,11.229,18.691000000000003,False,0.893,0.773,2012-08-22 17:22:47.166,O5,"['H1', 'K1', 'L1']",8.489691300310826,15.449215695607228,52.98498229513185,239.35697365941624,114.45818786904545,304.84878647220603,746.6846340751864,702986.6245116594,2929352.0252484805,20032450.82106956
2294,2294,3.07e+51,561000.0,0.117,67.92,46.558,21.362,False,6.255,-1.39,2012-06-02 17:16:25.304,O5,"['H1', 'K1', 'L1', 'V1']",8.589534483021456,477.6516446172642,4384.435466111473,27844.412163834302,148.76813027759886,396.6753153037352,973.1433301013265,76602384.02244091,814360814.3381531,5575463678.600819
2295,2295,1.05e+50,546000.0,0.114,51.467,11.555,39.912,False,1.226,-1.238,2011-12-13 14:14:16.960,O5,"['H1', 'K1', 'V1']",8.237070079015549,53.82642273508276,237.72573637517587,4099.538069421216,128.45301410017214,343.00895917842183,850.1741816879322,3128726.9638049244,17868655.205266744,536449364.6560002
2296,2296,2.4399999999999998e+51,1120000.0,0.219,7.02,20.414,-13.394000000000002,True,2.138,0.99,2012-03-25 01:38:31.331,O5,"['H1', 'K1', 'L1', 'V1']",9.816722632567345,36.097096226044776,155.71332356307346,903.0824607318042,145.9555441052429,388.8451785469698,952.068904120623,4547685.937980434,23119476.39230722,174574366.82016584
2297,2297,1.43e+51,418000.0,0.089,59.942,10.391,49.551,False,1.866,-0.526,2012-04-11 11:11:33.410,O5,"['H1', 'K1', 'V1']",9.354115779949051,59.849394596068485,443.586489256928,4512.340717576665,126.42362080881458,337.9563289175593,843.7431095400132,2868433.671532303,27188325.807552803,477036842.7046202
2298,2298,2.2600000000000003e+50,376000.0,0.08,28.274,12.621,15.653,False,1.732,-0.347,2012-03-28 18:40:07.575,O5,"['H1', 'K1', 'L1', 'V1']",12.19947516260003,3.299865419177661,10.55232816998021,39.44555412845175,46.62186931597722,124.37208806023108,307.58533887363853,24747.73310990116,93846.54776254106,508755.8683758495
2299,2299,1.54e+50,828000.0,0.167,13.771,7.343,6.428000000000001,False,0.639,0.465,2012-09-03 11:38:40.945,O5,"['H1', 'K1', 'L1']",8.938163721577071,167.61158553272148,696.9992471858417,3202.672417826116,144.8148152743122,384.5488341878979,923.2064269798044,18445506.089503944,82767601.10343336,397325602.819781
2300,2300,6.119999999999999e+51,318000.0,0.068,62.799,24.563,38.236,False,2.761,0.829,2012-03-27 15:53:07.042,O5,"['H1', 'L1', 'V1']",8.515604163343166,53.393923438284645,186.08870506612345,1001.2367438461986,119.74754800367144,320.64514901261856,803.3099700150692,1753117.5044460464,8588421.397662329,92488677.28948978
2301,2301,9.72e+50,319000.0,0.068,64.025,5.11,58.915000000000006,False,1.924,-0.882,2011-11-25 05:41:28.700,O5,"['H1', 'L1', 'V1']",11.41171821333553,10.055134179990157,33.20866625037659,113.3610892792742,55.12729895855051,147.07093166161877,364.3818276761328,111951.92243699642,401126.6972232063,1896359.8065746983
2302,2302,1.3199999999999999e+51,971000.0,0.193,61.195,9.592,51.603,False,3.211,-0.385,2011-09-28 05:31:34.925,O5,"['H1', 'K1', 'L1']",8.18808221549092,230.4405317845037,1058.801910353752,5999.789510948641,189.3405824187961,503.8017220837803,1182.3392015655772,22035922.05193709,146289010.6361461,1092382683.4834151
2303,2303,6.18e+47,548000.0,0.114,62.712,21.584,41.128,False,4.022,1.049,2012-07-05 22:51:02.557,O5,"['H1', 'K1', 'L1', 'V1']",10.36024120836308,2.949672907998277,13.587973811615395,87.97024571064023,91.04575674051772,243.32799395234952,608.2219575396526,119299.09246710024,707932.0738668711,7029172.399087301
2304,2304,1.55e+48,424000.0,0.09,32.844,21.354,11.490000000000002,False,0.156,1.26,2012-08-03 17:57:40.139,O5,"['H1', 'V1']",11.32868426519655,15.755749025656485,65.11759471911368,391.4161759956804,60.19303777769289,159.70605195239625,382.1225977149145,160216.9862871191,694706.6602936322,4935787.811230485
2305,2305,4.5300000000000003e+49,310000.0,0.067,4.042,9.555,-5.513,True,2.164,0.393,2011-11-16 18:12:14.910,O5,"['K1', 'L1', 'V1']",10.70089049618007,2.469321061456568,10.58973903048224,74.38848298645213,35.06569788372826,93.46260609371971,229.45003439533724,8367.833127229165,44170.4706360961,420210.0772857735
2306,2306,6.14e+50,205000.0,0.045,56.052,10.683,45.369,False,1.467,0.486,2011-10-18 08:11:55.920,O5,"['K1', 'L1', 'V1']",19.6638600178381,1.087704753114911,3.6305817376709215,15.986584114109874,25.149668575649827,67.02001977819404,164.43224709325298,2726.916490921831,10599.41741304404,61603.00282907903
