event_id,file_id,file_name,timestamp,superevent_id
3713,1856,catO5_1856.fits,2028-01-02 00:03:39.819055,GW280102a
221,110,catO5_110.fits,2028-01-03 22:51:35.742546,GW280103a
3862,1931,catO5_1931.fits,2028-01-04 08:31:39.312458,GW280104a
2823,1411,catO5_1411.fits,2028-01-05 08:44:05.585539,GW280105a
1178,589,catO5_589.fits,2028-01-05 20:46:33.688458,GW280105b
2680,1340,catO5_1340.fits,2028-01-06 09:42:07.008964,GW280106a
923,461,catO5_461.fits,2028-01-06 15:56:03.101017,GW280106b
4495,2247,catO5_2247.fits,2028-01-06 18:36:17.076245,GW280106c
3203,1601,catO5_1601.fits,2028-01-07 13:15:53.800581,GW280107a
3817,1908,catO5_1908.fits,2028-01-08 09:34:16.117615,GW280108a
4135,2067,catO5_2067.fits,2028-01-08 15:54:59.262165,GW280108b
2585,1292,catO5_1292.fits,2028-01-09 14:35:48.110237,GW280109a
3109,1554,catO5_1554.fits,2028-01-09 20:22:21.933343,GW280109b
725,362,catO5_362.fits,2028-01-10 07:56:01.679418,GW280110a
3380,1690,catO5_1690.fits,2028-01-10 13:09:49.471020,GW280110b
1220,610,catO5_610.fits,2028-01-10 17:49:30.144406,GW280110c
4487,2243,catO5_2243.fits,2028-01-10 20:48:02.145257,GW280110d
2946,1473,catO5_1473.fits,2028-01-10 21:48:03.392259,GW280110e
3055,1527,catO5_1527.fits,2028-01-10 23:24:17.299739,GW280110f
1348,674,catO5_674.fits,2028-01-11 02:31:31.737785,GW280111a
2139,1069,catO5_1069.fits,2028-01-11 15:35:39.733908,GW280111b
80,40,catO5_40.fits,2028-01-12 03:59:20.460322,GW280112a
2321,1160,catO5_1160.fits,2028-01-12 04:10:38.132122,GW280112b
2402,1201,catO5_1201.fits,2028-01-12 05:25:30.114325,GW280112c
4530,2265,catO5_2265.fits,2028-01-12 06:49:13.309247,GW280112d
4557,2278,catO5_2278.fits,2028-01-12 09:38:14.764536,GW280112e
3852,1926,catO5_1926.fits,2028-01-12 20:00:27.609234,GW280112f
2762,1381,catO5_1381.fits,2028-01-14 08:54:36.741660,GW280114a
2914,1457,catO5_1457.fits,2028-01-14 22:59:21.742973,GW280114b
3969,1984,catO5_1984.fits,2028-01-15 02:16:08.015702,GW280115a
468,234,catO5_234.fits,2028-01-15 02:31:11.619859,GW280115b
4274,2137,catO5_2137.fits,2028-01-15 07:36:08.625535,GW280115c
1602,801,catO5_801.fits,2028-01-15 09:25:59.505535,GW280115d
1333,666,catO5_666.fits,2028-01-16 02:08:46.569540,GW280116a
1555,777,catO5_777.fits,2028-01-16 08:02:23.460004,GW280116b
1100,550,catO5_550.fits,2028-01-16 20:39:40.076308,GW280116c
1559,779,catO5_779.fits,2028-01-17 04:21:50.377777,GW280117a
877,438,catO5_438.fits,2028-01-17 05:56:58.703768,GW280117b
360,180,catO5_180.fits,2028-01-17 20:05:05.800872,GW280117c
4132,2066,catO5_2066.fits,2028-01-18 02:30:51.059501,GW280118a
3552,1776,catO5_1776.fits,2028-01-19 10:33:58.087110,GW280119a
3003,1501,catO5_1501.fits,2028-01-19 16:01:34.086598,GW280119b
4420,2210,catO5_2210.fits,2028-01-19 23:12:34.913524,GW280119c
2961,1480,catO5_1480.fits,2028-01-21 15:10:40.213297,GW280121a
349,174,catO5_174.fits,2028-01-21 18:02:53.619220,GW280121b
2743,1371,catO5_1371.fits,2028-01-22 05:00:17.657646,GW280122a
729,364,catO5_364.fits,2028-01-23 10:39:00.927991,GW280123a
1862,931,catO5_931.fits,2028-01-23 20:39:25.634541,GW280123b
4157,2078,catO5_2078.fits,2028-01-25 11:01:36.585499,GW280125a
3281,1640,catO5_1640.fits,2028-01-26 18:46:32.726117,GW280126a
3070,1535,catO5_1535.fits,2028-01-26 18:56:11.451339,GW280126b
1544,772,catO5_772.fits,2028-01-28 00:38:22.077110,GW280128a
2434,1217,catO5_1217.fits,2028-01-28 13:32:16.627300,GW280128b
2816,1408,catO5_1408.fits,2028-01-29 10:57:27.596389,GW280129a
3000,1500,catO5_1500.fits,2028-01-31 04:07:49.544457,GW280131a
3110,1555,catO5_1555.fits,2028-01-31 06:36:15.022480,GW280131b
875,437,catO5_437.fits,2028-02-01 00:47:14.926242,GW280201a
1962,981,catO5_981.fits,2028-02-01 06:32:26.084194,GW280201b
1310,655,catO5_655.fits,2028-02-03 15:05:51.898221,GW280203a
2343,1171,catO5_1171.fits,2028-02-04 06:23:13.244174,GW280204a
4105,2052,catO5_2052.fits,2028-02-04 06:42:59.251765,GW280204b
2379,1189,catO5_1189.fits,2028-02-05 07:09:33.957430,GW280205a
1119,559,catO5_559.fits,2028-02-07 09:36:03.489478,GW280207a
3114,1557,catO5_1557.fits,2028-02-07 14:46:00.953293,GW280207b
1661,830,catO5_830.fits,2028-02-07 21:58:12.012975,GW280207c
970,485,catO5_485.fits,2028-02-09 15:31:52.998419,GW280209a
3501,1750,catO5_1750.fits,2028-02-11 08:57:26.677599,GW280211a
4371,2185,catO5_2185.fits,2028-02-11 09:07:08.921894,GW280211b
2750,1375,catO5_1375.fits,2028-02-12 18:10:35.038150,GW280212a
4086,2043,catO5_2043.fits,2028-02-13 09:09:03.562726,GW280213a
3125,1562,catO5_1562.fits,2028-02-15 05:51:04.583580,GW280215a
1306,653,catO5_653.fits,2028-02-15 08:10:36.348605,GW280215b
1595,797,catO5_797.fits,2028-02-15 10:09:21.040736,GW280215c
3059,1529,catO5_1529.fits,2028-02-16 15:43:51.644601,GW280216a
2622,1311,catO5_1311.fits,2028-02-17 12:16:05.271418,GW280217a
557,278,catO5_278.fits,2028-02-18 09:03:32.537850,GW280218a
1586,793,catO5_793.fits,2028-02-18 18:13:36.829041,GW280218b
3964,1982,catO5_1982.fits,2028-02-18 21:19:16.943991,GW280218c
186,93,catO5_93.fits,2028-02-19 01:27:44.408451,GW280219a
641,320,catO5_320.fits,2028-02-20 12:02:55.630513,GW280220a
3740,1870,catO5_1870.fits,2028-02-21 08:34:49.798855,GW280221a
3499,1749,catO5_1749.fits,2028-02-21 10:34:36.977787,GW280221b
670,335,catO5_335.fits,2028-02-21 10:38:05.732444,GW280221c
459,229,catO5_229.fits,2028-02-22 01:12:46.260170,GW280222a
1777,888,catO5_888.fits,2028-02-22 06:09:38.827725,GW280222b
1701,850,catO5_850.fits,2028-02-23 19:26:19.706877,GW280223a
676,338,catO5_338.fits,2028-02-23 23:02:34.838780,GW280223b
3288,1644,catO5_1644.fits,2028-02-24 01:19:30.580896,GW280224a
2569,1284,catO5_1284.fits,2028-02-24 01:45:05.616501,GW280224b
4233,2116,catO5_2116.fits,2028-02-25 04:19:32.162407,GW280225a
3658,1829,catO5_1829.fits,2028-02-25 09:36:22.558619,GW280225b
395,197,catO5_197.fits,2028-02-25 14:11:55.564298,GW280225c
4587,2293,catO5_2293.fits,2028-02-25 15:43:43.337057,GW280225d
4393,2196,catO5_2196.fits,2028-02-26 03:32:35.779153,GW280226a
2301,1150,catO5_1150.fits,2028-02-26 08:37:00.548739,GW280226b
3415,1707,catO5_1707.fits,2028-02-26 10:39:27.116633,GW280226c
2611,1305,catO5_1305.fits,2028-02-26 20:21:41.682623,GW280226d
1645,822,catO5_822.fits,2028-02-27 06:24:43.754246,GW280227a
502,251,catO5_251.fits,2028-02-28 22:37:01.906756,GW280228a
1153,576,catO5_576.fits,2028-03-01 02:40:02.402924,GW280301a
1797,898,catO5_898.fits,2028-03-01 08:47:47.932959,GW280301b
832,416,catO5_416.fits,2028-03-02 14:11:11.390278,GW280302a
1221,610,catO5_610.fits,2028-03-02 17:05:37.613291,GW280302b
4431,2215,catO5_2215.fits,2028-03-03 10:39:43.245798,GW280303a
2198,1099,catO5_1099.fits,2028-03-03 16:30:14.397131,GW280303b
187,93,catO5_93.fits,2028-03-04 15:33:17.508712,GW280304a
717,358,catO5_358.fits,2028-03-05 02:14:38.124483,GW280305a
649,324,catO5_324.fits,2028-03-05 08:45:29.154418,GW280305b
3144,1572,catO5_1572.fits,2028-03-05 15:09:24.055915,GW280305c
727,363,catO5_363.fits,2028-03-06 11:05:51.203748,GW280306a
3631,1815,catO5_1815.fits,2028-03-08 16:33:43.225331,GW280308a
174,87,catO5_87.fits,2028-03-08 17:39:22.292547,GW280308b
4031,2015,catO5_2015.fits,2028-03-09 10:29:36.083777,GW280309a
1658,829,catO5_829.fits,2028-03-10 13:09:15.034117,GW280310a
1933,966,catO5_966.fits,2028-03-12 01:16:37.642023,GW280312a
3466,1733,catO5_1733.fits,2028-03-12 20:10:13.872558,GW280312b
1292,646,catO5_646.fits,2028-03-13 12:20:17.028040,GW280313a
1478,739,catO5_739.fits,2028-03-14 21:33:02.273903,GW280314a
265,132,catO5_132.fits,2028-03-16 14:26:03.794284,GW280316a
3134,1567,catO5_1567.fits,2028-03-17 21:24:23.096935,GW280317a
4000,2000,catO5_2000.fits,2028-03-19 16:13:55.720393,GW280319a
2196,1098,catO5_1098.fits,2028-03-19 16:57:07.239791,GW280319b
2044,1022,catO5_1022.fits,2028-03-19 21:47:50.122351,GW280319c
213,106,catO5_106.fits,2028-03-20 10:18:06.932324,GW280320a
721,360,catO5_360.fits,2028-03-20 13:57:04.270789,GW280320b
3754,1877,catO5_1877.fits,2028-03-20 23:16:25.222516,GW280320c
2477,1238,catO5_1238.fits,2028-03-23 18:10:38.897525,GW280323a
1744,872,catO5_872.fits,2028-03-23 18:33:30.971646,GW280323b
4138,2069,catO5_2069.fits,2028-03-24 09:15:56.016282,GW280324a
3438,1719,catO5_1719.fits,2028-03-24 17:45:10.303068,GW280324b
1557,778,catO5_778.fits,2028-03-25 15:20:02.616549,GW280325a
2937,1468,catO5_1468.fits,2028-03-25 17:00:18.739695,GW280325b
2347,1173,catO5_1173.fits,2028-03-25 17:39:06.813459,GW280325c
554,277,catO5_277.fits,2028-03-25 18:27:34.469996,GW280325d
460,230,catO5_230.fits,2028-03-26 14:37:53.011826,GW280326a
280,140,catO5_140.fits,2028-03-27 09:22:36.462759,GW280327a
3124,1562,catO5_1562.fits,2028-03-27 22:31:47.006417,GW280327b
2580,1290,catO5_1290.fits,2028-03-28 00:37:36.339867,GW280328a
3409,1704,catO5_1704.fits,2028-03-28 01:04:00.545633,GW280328b
3252,1626,catO5_1626.fits,2028-03-28 22:43:19.574822,GW280328c
755,377,catO5_377.fits,2028-03-29 08:54:06.728180,GW280329a
1125,562,catO5_562.fits,2028-03-29 08:54:20.539845,GW280329b
2973,1486,catO5_1486.fits,2028-03-29 12:23:21.895740,GW280329c
291,145,catO5_145.fits,2028-03-29 13:07:30.605595,GW280329d
4168,2084,catO5_2084.fits,2028-03-29 18:29:04.747166,GW280329e
1049,524,catO5_524.fits,2028-03-30 22:06:24.449362,GW280330a
3707,1853,catO5_1853.fits,2028-03-31 07:36:53.085230,GW280331a
29,14,catO5_14.fits,2028-04-01 01:22:32.095664,GW280401a
98,49,catO5_49.fits,2028-04-01 02:16:17.797725,GW280401b
4262,2131,catO5_2131.fits,2028-04-01 19:26:10.375659,GW280401c
2631,1315,catO5_1315.fits,2028-04-02 01:54:51.555659,GW280402a
3989,1994,catO5_1994.fits,2028-04-03 09:06:09.864710,GW280403a
222,111,catO5_111.fits,2028-04-03 13:24:25.563474,GW280403b
510,255,catO5_255.fits,2028-04-03 15:52:20.649242,GW280403c
1736,868,catO5_868.fits,2028-04-04 10:56:57.522096,GW280404a
4516,2258,catO5_2258.fits,2028-04-05 14:30:13.260022,GW280405a
1023,511,catO5_511.fits,2028-04-05 15:00:01.040703,GW280405b
3202,1601,catO5_1601.fits,2028-04-05 19:12:21.805987,GW280405c
2188,1094,catO5_1094.fits,2028-04-06 11:28:30.026155,GW280406a
902,451,catO5_451.fits,2028-04-07 21:14:05.783067,GW280407a
441,220,catO5_220.fits,2028-04-07 22:01:23.011290,GW280407b
4202,2101,catO5_2101.fits,2028-04-07 23:31:42.763339,GW280407c
1180,590,catO5_590.fits,2028-04-08 05:00:45.917838,GW280408a
1725,862,catO5_862.fits,2028-04-10 01:28:58.347433,GW280410a
3696,1848,catO5_1848.fits,2028-04-11 05:26:50.820244,GW280411a
2315,1157,catO5_1157.fits,2028-04-11 06:53:07.624427,GW280411b
3146,1573,catO5_1573.fits,2028-04-11 21:36:51.621902,GW280411c
1470,735,catO5_735.fits,2028-04-12 13:42:59.023149,GW280412a
392,196,catO5_196.fits,2028-04-14 06:11:42.074811,GW280414a
1347,673,catO5_673.fits,2028-04-14 14:59:16.440138,GW280414b
4434,2217,catO5_2217.fits,2028-04-17 04:03:12.160998,GW280417a
2533,1266,catO5_1266.fits,2028-04-18 05:47:58.176620,GW280418a
1610,805,catO5_805.fits,2028-04-18 14:48:17.122561,GW280418b
2594,1297,catO5_1297.fits,2028-04-20 17:39:47.130252,GW280420a
2158,1079,catO5_1079.fits,2028-04-20 18:07:22.756984,GW280420b
1582,791,catO5_791.fits,2028-04-20 19:04:47.989277,GW280420c
1287,643,catO5_643.fits,2028-04-21 07:35:32.555932,GW280421a
346,173,catO5_173.fits,2028-04-22 14:34:08.418839,GW280422a
2028,1014,catO5_1014.fits,2028-04-23 08:02:42.082930,GW280423a
1891,945,catO5_945.fits,2028-04-24 16:03:42.448272,GW280424a
2089,1044,catO5_1044.fits,2028-04-25 11:59:15.831539,GW280425a
4001,2000,catO5_2000.fits,2028-04-26 01:21:58.550312,GW280426a
674,337,catO5_337.fits,2028-04-28 01:59:49.543272,GW280428a
3830,1915,catO5_1915.fits,2028-04-29 23:31:22.021503,GW280429a
2148,1074,catO5_1074.fits,2028-04-30 21:46:31.854372,GW280430a
2986,1493,catO5_1493.fits,2028-05-01 04:35:31.251834,GW280501a
617,308,catO5_308.fits,2028-05-02 00:53:05.936164,GW280502a
777,388,catO5_388.fits,2028-05-02 13:34:25.183182,GW280502b
3635,1817,catO5_1817.fits,2028-05-04 18:03:45.774645,GW280504a
2974,1487,catO5_1487.fits,2028-05-05 06:55:37.796319,GW280505a
3697,1848,catO5_1848.fits,2028-05-05 15:13:13.791948,GW280505b
847,423,catO5_423.fits,2028-05-07 03:23:03.145013,GW280507a
1418,709,catO5_709.fits,2028-05-08 09:46:19.693448,GW280508a
3404,1702,catO5_1702.fits,2028-05-08 10:48:54.452626,GW280508b
3066,1533,catO5_1533.fits,2028-05-08 19:28:14.162870,GW280508c
3397,1698,catO5_1698.fits,2028-05-11 17:10:02.071224,GW280511a
1021,510,catO5_510.fits,2028-05-11 17:37:34.535429,GW280511b
1894,947,catO5_947.fits,2028-05-12 20:25:20.067834,GW280512a
3651,1825,catO5_1825.fits,2028-05-13 19:08:04.875453,GW280513a
4594,2297,catO5_2297.fits,2028-05-14 01:41:52.670294,GW280514a
895,447,catO5_447.fits,2028-05-14 03:41:07.920921,GW280514b
236,118,catO5_118.fits,2028-05-14 06:00:15.669296,GW280514c
1267,633,catO5_633.fits,2028-05-14 08:01:20.728848,GW280514d
1051,525,catO5_525.fits,2028-05-14 16:15:57.333236,GW280514e
699,349,catO5_349.fits,2028-05-14 22:42:24.547408,GW280514f
1497,748,catO5_748.fits,2028-05-15 00:35:19.845161,GW280515a
3689,1844,catO5_1844.fits,2028-05-15 01:50:32.938204,GW280515b
2377,1188,catO5_1188.fits,2028-05-16 17:42:24.333780,GW280516a
3846,1923,catO5_1923.fits,2028-05-17 04:14:32.490304,GW280517a
4440,2220,catO5_2220.fits,2028-05-17 11:10:14.733706,GW280517b
2256,1128,catO5_1128.fits,2028-05-18 17:26:23.983546,GW280518a
2568,1284,catO5_1284.fits,2028-05-18 22:04:57.482816,GW280518b
2799,1399,catO5_1399.fits,2028-05-19 01:59:47.107673,GW280519a
74,37,catO5_37.fits,2028-05-19 02:51:03.388472,GW280519b
919,459,catO5_459.fits,2028-05-19 12:52:34.364799,GW280519c
1516,758,catO5_758.fits,2028-05-20 05:50:09.881052,GW280520a
2991,1495,catO5_1495.fits,2028-05-21 00:06:31.499069,GW280521a
412,206,catO5_206.fits,2028-05-21 13:59:36.099862,GW280521b
81,40,catO5_40.fits,2028-05-22 14:22:21.607375,GW280522a
1705,852,catO5_852.fits,2028-05-22 21:15:45.528525,GW280522b
606,303,catO5_303.fits,2028-05-23 13:08:20.508765,GW280523a
2638,1319,catO5_1319.fits,2028-05-24 10:51:54.341146,GW280524a
1249,624,catO5_624.fits,2028-05-24 15:33:54.740411,GW280524b
4398,2199,catO5_2199.fits,2028-05-26 19:43:26.068594,GW280526a
1261,630,catO5_630.fits,2028-05-27 00:47:50.985420,GW280527a
2807,1403,catO5_1403.fits,2028-05-27 01:58:53.569609,GW280527b
1199,599,catO5_599.fits,2028-05-27 14:57:00.291540,GW280527c
1013,506,catO5_506.fits,2028-05-28 05:58:32.301440,GW280528a
4543,2271,catO5_2271.fits,2028-05-30 04:08:31.249738,GW280530a
4053,2026,catO5_2026.fits,2028-05-30 19:26:02.509101,GW280530b
3034,1517,catO5_1517.fits,2028-06-01 07:35:36.346275,GW280601a
1307,653,catO5_653.fits,2028-06-02 08:28:09.861546,GW280602a
4391,2195,catO5_2195.fits,2028-06-02 09:53:13.901887,GW280602b
2252,1126,catO5_1126.fits,2028-06-03 06:05:56.357620,GW280603a
2708,1354,catO5_1354.fits,2028-06-05 17:13:21.523264,GW280605a
4097,2048,catO5_2048.fits,2028-06-05 20:13:03.523081,GW280605b
404,202,catO5_202.fits,2028-06-06 02:08:36.531806,GW280606a
2385,1192,catO5_1192.fits,2028-06-07 03:24:21.197336,GW280607a
3301,1650,catO5_1650.fits,2028-06-09 10:20:19.895183,GW280609a
4127,2063,catO5_2063.fits,2028-06-09 13:55:04.132313,GW280609b
3562,1781,catO5_1781.fits,2028-06-09 19:29:53.622154,GW280609c
3355,1677,catO5_1677.fits,2028-06-09 22:56:44.573650,GW280609d
898,449,catO5_449.fits,2028-06-10 06:08:36.568047,GW280610a
3688,1844,catO5_1844.fits,2028-06-10 09:40:17.509107,GW280610b
416,208,catO5_208.fits,2028-06-10 21:57:37.122662,GW280610c
3030,1515,catO5_1515.fits,2028-06-11 01:58:51.874824,GW280611a
1028,514,catO5_514.fits,2028-06-12 05:45:33.112388,GW280612a
691,345,catO5_345.fits,2028-06-12 23:18:35.228550,GW280612b
1054,527,catO5_527.fits,2028-06-13 16:02:01.782270,GW280613a
4204,2102,catO5_2102.fits,2028-06-15 06:57:13.826210,GW280615a
2524,1262,catO5_1262.fits,2028-06-15 13:54:13.465603,GW280615b
3627,1813,catO5_1813.fits,2028-06-17 13:08:05.685288,GW280617a
3273,1636,catO5_1636.fits,2028-06-18 06:42:35.527190,GW280618a
1276,638,catO5_638.fits,2028-06-18 16:23:43.780366,GW280618b
2068,1034,catO5_1034.fits,2028-06-18 17:46:31.911123,GW280618c
3010,1505,catO5_1505.fits,2028-06-19 06:34:28.439769,GW280619a
4536,2268,catO5_2268.fits,2028-06-19 10:40:50.799065,GW280619b
2421,1210,catO5_1210.fits,2028-06-19 14:39:58.078348,GW280619c
943,471,catO5_471.fits,2028-06-19 17:23:01.497528,GW280619d
4529,2264,catO5_2264.fits,2028-06-20 15:38:21.396932,GW280620a
1126,563,catO5_563.fits,2028-06-22 08:14:49.786634,GW280622a
1389,694,catO5_694.fits,2028-06-23 18:05:45.979892,GW280623a
3504,1752,catO5_1752.fits,2028-06-23 20:31:01.010533,GW280623b
3811,1905,catO5_1905.fits,2028-06-26 05:29:32.753426,GW280626a
4207,2103,catO5_2103.fits,2028-06-28 22:50:32.734632,GW280628a
2897,1448,catO5_1448.fits,2028-06-29 11:23:44.812762,GW280629a
1008,504,catO5_504.fits,2028-06-30 03:47:21.667972,GW280630a
3755,1877,catO5_1877.fits,2028-06-30 08:46:06.549358,GW280630b
1245,622,catO5_622.fits,2028-06-30 21:05:03.360476,GW280630c
193,96,catO5_96.fits,2028-07-01 04:27:41.396662,GW280701a
995,497,catO5_497.fits,2028-07-01 18:01:38.453575,GW280701b
1820,910,catO5_910.fits,2028-07-02 04:20:15.564210,GW280702a
3957,1978,catO5_1978.fits,2028-07-02 07:25:07.050997,GW280702b
57,28,catO5_28.fits,2028-07-02 20:50:20.896421,GW280702c
913,456,catO5_456.fits,2028-07-03 05:40:37.972302,GW280703a
1279,639,catO5_639.fits,2028-07-03 14:52:27.353648,GW280703b
4046,2023,catO5_2023.fits,2028-07-04 02:02:50.896406,GW280704a
386,193,catO5_193.fits,2028-07-04 08:15:18.780064,GW280704b
2648,1324,catO5_1324.fits,2028-07-04 21:40:36.968204,GW280704c
2317,1158,catO5_1158.fits,2028-07-05 01:25:02.936307,GW280705a
1707,853,catO5_853.fits,2028-07-06 09:15:54.236818,GW280706a
3743,1871,catO5_1871.fits,2028-07-07 08:11:15.485457,GW280707a
3695,1847,catO5_1847.fits,2028-07-07 14:58:25.057114,GW280707b
1035,517,catO5_517.fits,2028-07-07 18:29:09.653153,GW280707c
3128,1564,catO5_1564.fits,2028-07-08 16:33:39.401809,GW280708a
3085,1542,catO5_1542.fits,2028-07-09 11:42:23.711351,GW280709a
250,125,catO5_125.fits,2028-07-09 21:22:28.109477,GW280709b
4395,2197,catO5_2197.fits,2028-07-09 23:10:48.514724,GW280709c
1230,615,catO5_615.fits,2028-07-10 00:28:00.545255,GW280710a
3238,1619,catO5_1619.fits,2028-07-10 01:57:56.109944,GW280710b
3375,1687,catO5_1687.fits,2028-07-10 07:23:44.843140,GW280710c
3217,1608,catO5_1608.fits,2028-07-10 10:26:41.452832,GW280710d
2124,1062,catO5_1062.fits,2028-07-11 03:20:46.953320,GW280711a
1006,503,catO5_503.fits,2028-07-11 07:36:54.321627,GW280711b
1762,881,catO5_881.fits,2028-07-11 09:31:36.669185,GW280711c
4311,2155,catO5_2155.fits,2028-07-11 23:16:17.078817,GW280711d
192,96,catO5_96.fits,2028-07-12 02:55:59.743885,GW280712a
2920,1460,catO5_1460.fits,2028-07-12 06:59:33.089191,GW280712b
3333,1666,catO5_1666.fits,2028-07-13 03:39:06.441693,GW280713a
3461,1730,catO5_1730.fits,2028-07-13 07:33:11.834218,GW280713b
3730,1865,catO5_1865.fits,2028-07-13 13:08:53.506174,GW280713c
1997,998,catO5_998.fits,2028-07-14 05:27:24.157514,GW280714a
3506,1753,catO5_1753.fits,2028-07-14 08:24:12.938370,GW280714b
4070,2035,catO5_2035.fits,2028-07-14 12:14:26.014084,GW280714c
2459,1229,catO5_1229.fits,2028-07-15 10:26:20.569027,GW280715a
4082,2041,catO5_2041.fits,2028-07-16 15:41:52.467996,GW280716a
3900,1950,catO5_1950.fits,2028-07-17 06:49:32.010723,GW280717a
1448,724,catO5_724.fits,2028-07-17 08:19:50.912673,GW280717b
198,99,catO5_99.fits,2028-07-17 09:26:27.811863,GW280717c
2103,1051,catO5_1051.fits,2028-07-18 03:09:56.329096,GW280718a
689,344,catO5_344.fits,2028-07-19 00:16:14.794029,GW280719a
2603,1301,catO5_1301.fits,2028-07-19 04:23:56.815761,GW280719b
2338,1169,catO5_1169.fits,2028-07-19 18:24:45.366229,GW280719c
1782,891,catO5_891.fits,2028-07-20 20:45:29.500341,GW280720a
2271,1135,catO5_1135.fits,2028-07-21 19:00:58.531988,GW280721a
4574,2287,catO5_2287.fits,2028-07-22 00:39:53.982307,GW280722a
2994,1497,catO5_1497.fits,2028-07-22 02:03:08.812914,GW280722b
1947,973,catO5_973.fits,2028-07-22 09:12:24.989832,GW280722c
3760,1880,catO5_1880.fits,2028-07-22 13:10:33.293031,GW280722d
4066,2033,catO5_2033.fits,2028-07-22 21:16:15.104270,GW280722e
2704,1352,catO5_1352.fits,2028-07-23 22:21:06.999654,GW280723a
3482,1741,catO5_1741.fits,2028-07-24 03:41:06.521144,GW280724a
1794,897,catO5_897.fits,2028-07-24 08:27:10.604567,GW280724b
3366,1683,catO5_1683.fits,2028-07-26 02:23:07.470044,GW280726a
2826,1413,catO5_1413.fits,2028-07-26 02:59:48.915934,GW280726b
475,237,catO5_237.fits,2028-07-26 13:04:14.001996,GW280726c
662,331,catO5_331.fits,2028-07-26 18:05:18.056913,GW280726d
2105,1052,catO5_1052.fits,2028-07-27 03:22:28.751845,GW280727a
2476,1238,catO5_1238.fits,2028-07-27 06:16:46.184797,GW280727b
4552,2276,catO5_2276.fits,2028-07-28 13:11:37.330645,GW280728a
2983,1491,catO5_1491.fits,2028-07-28 22:08:55.930489,GW280728b
4602,2301,catO5_2301.fits,2028-07-29 04:05:13.002962,GW280729a
3213,1606,catO5_1606.fits,2028-07-29 10:29:06.919591,GW280729b
663,331,catO5_331.fits,2028-07-30 14:44:25.736528,GW280730a
3798,1899,catO5_1899.fits,2028-07-31 14:16:40.961594,GW280731a
4012,2006,catO5_2006.fits,2028-08-01 09:29:14.332344,GW280801a
4606,2303,catO5_2303.fits,2028-08-01 23:56:58.624895,GW280801b
3199,1599,catO5_1599.fits,2028-08-02 16:27:35.840119,GW280802a
3445,1722,catO5_1722.fits,2028-08-03 05:07:19.681986,GW280803a
2630,1315,catO5_1315.fits,2028-08-03 18:00:50.353423,GW280803b
1313,656,catO5_656.fits,2028-08-05 02:44:07.000977,GW280805a
3393,1696,catO5_1696.fits,2028-08-05 06:09:50.123664,GW280805b
117,58,catO5_58.fits,2028-08-06 04:59:37.626787,GW280806a
1668,834,catO5_834.fits,2028-08-06 10:00:06.072566,GW280806b
486,243,catO5_243.fits,2028-08-07 21:18:06.171962,GW280807a
93,46,catO5_46.fits,2028-08-07 23:38:02.014715,GW280807b
4058,2029,catO5_2029.fits,2028-08-08 01:20:13.200088,GW280808a
2748,1374,catO5_1374.fits,2028-08-08 18:54:20.597271,GW280808b
3781,1890,catO5_1890.fits,2028-08-09 00:09:27.448258,GW280809a
3705,1852,catO5_1852.fits,2028-08-09 22:47:26.448147,GW280809b
2255,1127,catO5_1127.fits,2028-08-10 00:48:19.877620,GW280810a
1642,821,catO5_821.fits,2028-08-10 09:29:10.916765,GW280810b
3151,1575,catO5_1575.fits,2028-08-10 10:52:16.932952,GW280810c
3382,1691,catO5_1691.fits,2028-08-11 10:06:29.739805,GW280811a
56,28,catO5_28.fits,2028-08-12 11:08:35.792538,GW280812a
4048,2024,catO5_2024.fits,2028-08-12 14:59:20.547345,GW280812b
2017,1008,catO5_1008.fits,2028-08-14 02:47:42.898576,GW280814a
2753,1376,catO5_1376.fits,2028-08-14 08:12:35.986327,GW280814b
3673,1836,catO5_1836.fits,2028-08-14 15:04:10.670955,GW280814c
4597,2298,catO5_2298.fits,2028-08-15 03:44:51.150523,GW280815a
2988,1494,catO5_1494.fits,2028-08-15 09:18:42.891964,GW280815b
4463,2231,catO5_2231.fits,2028-08-15 20:28:04.963054,GW280815c
3429,1714,catO5_1714.fits,2028-08-15 23:08:34.002547,GW280815d
4611,2305,catO5_2305.fits,2028-08-16 02:56:20.164129,GW280816a
2731,1365,catO5_1365.fits,2028-08-16 09:49:22.632475,GW280816b
173,86,catO5_86.fits,2028-08-18 03:24:29.785024,GW280818a
241,120,catO5_120.fits,2028-08-18 23:14:25.263041,GW280818b
2985,1492,catO5_1492.fits,2028-08-18 23:50:05.432959,GW280818c
496,248,catO5_248.fits,2028-08-19 06:30:15.178471,GW280819a
3806,1903,catO5_1903.fits,2028-08-19 12:22:15.686128,GW280819b
1286,643,catO5_643.fits,2028-08-20 11:10:26.833003,GW280820a
934,467,catO5_467.fits,2028-08-20 18:42:41.426241,GW280820b
270,135,catO5_135.fits,2028-08-20 21:40:14.974225,GW280820c
2824,1412,catO5_1412.fits,2028-08-21 04:09:36.662352,GW280821a
1924,962,catO5_962.fits,2028-08-21 19:18:44.065163,GW280821b
2480,1240,catO5_1240.fits,2028-08-22 14:23:23.173491,GW280822a
4123,2061,catO5_2061.fits,2028-08-23 17:47:22.567075,GW280823a
2840,1420,catO5_1420.fits,2028-08-24 00:35:50.119109,GW280824a
1271,635,catO5_635.fits,2028-08-24 00:38:51.073869,GW280824b
3885,1942,catO5_1942.fits,2028-08-24 10:22:57.120084,GW280824c
3616,1808,catO5_1808.fits,2028-08-24 16:28:59.563138,GW280824d
579,289,catO5_289.fits,2028-08-25 01:29:14.319130,GW280825a
4128,2064,catO5_2064.fits,2028-08-25 20:39:24.306983,GW280825b
2855,1427,catO5_1427.fits,2028-08-26 03:14:33.314147,GW280826a
2359,1179,catO5_1179.fits,2028-08-26 10:42:20.739568,GW280826b
537,268,catO5_268.fits,2028-08-26 10:57:11.377099,GW280826c
3832,1916,catO5_1916.fits,2028-08-26 15:04:00.715750,GW280826d
4558,2279,catO5_2279.fits,2028-08-27 01:57:55.686120,GW280827a
3336,1668,catO5_1668.fits,2028-08-27 22:22:15.518054,GW280827b
2637,1318,catO5_1318.fits,2028-08-28 10:46:08.788883,GW280828a
3788,1894,catO5_1894.fits,2028-08-28 17:23:50.961840,GW280828b
4466,2233,catO5_2233.fits,2028-08-30 16:20:14.236397,GW280830a
830,415,catO5_415.fits,2028-08-30 17:09:38.259289,GW280830b
1466,733,catO5_733.fits,2028-08-31 13:25:23.600654,GW280831a
181,90,catO5_90.fits,2028-09-01 12:10:55.030376,GW280901a
4397,2198,catO5_2198.fits,2028-09-02 04:20:31.183683,GW280902a
489,244,catO5_244.fits,2028-09-02 07:04:28.001358,GW280902b
4286,2143,catO5_2143.fits,2028-09-02 13:10:15.687582,GW280902c
1886,943,catO5_943.fits,2028-09-04 16:30:27.078285,GW280904a
4223,2111,catO5_2111.fits,2028-09-05 11:14:52.523627,GW280905a
1182,591,catO5_591.fits,2028-09-06 04:09:36.386684,GW280906a
2371,1185,catO5_1185.fits,2028-09-06 05:17:33.246932,GW280906b
2684,1342,catO5_1342.fits,2028-09-08 22:07:30.427082,GW280908a
3047,1523,catO5_1523.fits,2028-09-09 22:04:10.299207,GW280909a
3510,1755,catO5_1755.fits,2028-09-10 07:37:54.733678,GW280910a
1432,716,catO5_716.fits,2028-09-10 18:28:48.585497,GW280910b
4109,2054,catO5_2054.fits,2028-09-10 21:03:29.647475,GW280910c
4582,2291,catO5_2291.fits,2028-09-10 23:10:03.267279,GW280910d
273,136,catO5_136.fits,2028-09-11 08:26:17.711790,GW280911a
4462,2231,catO5_2231.fits,2028-09-11 23:05:08.206187,GW280911b
4134,2067,catO5_2067.fits,2028-09-11 23:10:53.191977,GW280911c
3372,1686,catO5_1686.fits,2028-09-13 15:51:07.688898,GW280913a
2640,1320,catO5_1320.fits,2028-09-14 19:49:08.342145,GW280914a
3356,1678,catO5_1678.fits,2028-09-17 00:32:45.515389,GW280917a
2677,1338,catO5_1338.fits,2028-09-17 06:55:47.831472,GW280917b
2063,1031,catO5_1031.fits,2028-09-17 07:25:10.751846,GW280917c
2886,1443,catO5_1443.fits,2028-09-17 22:56:03.651588,GW280917d
2921,1460,catO5_1460.fits,2028-09-19 00:55:25.368186,GW280919a
2391,1195,catO5_1195.fits,2028-09-21 01:27:51.363600,GW280921a
1162,581,catO5_581.fits,2028-09-21 05:44:02.601906,GW280921b
3585,1792,catO5_1792.fits,2028-09-21 22:58:41.962527,GW280921c
2305,1152,catO5_1152.fits,2028-09-22 01:46:29.651114,GW280922a
1850,925,catO5_925.fits,2028-09-23 02:07:59.896973,GW280923a
327,163,catO5_163.fits,2028-09-23 22:58:44.387714,GW280923b
1609,804,catO5_804.fits,2028-09-24 00:44:24.646780,GW280924a
228,114,catO5_114.fits,2028-09-24 23:45:21.662339,GW280924b
427,213,catO5_213.fits,2028-09-25 23:31:00.806056,GW280925a
1103,551,catO5_551.fits,2028-09-26 09:06:25.752474,GW280926a
1944,972,catO5_972.fits,2028-09-27 04:00:33.808501,GW280927a
4017,2008,catO5_2008.fits,2028-09-27 04:27:17.344999,GW280927b
3357,1678,catO5_1678.fits,2028-09-27 17:09:17.710469,GW280927c
1087,543,catO5_543.fits,2028-09-27 17:48:20.993682,GW280927d
3096,1548,catO5_1548.fits,2028-09-28 04:35:56.560000,GW280928a
2332,1166,catO5_1166.fits,2028-09-29 09:03:15.199079,GW280929a
3349,1674,catO5_1674.fits,2028-09-29 15:11:59.740213,GW280929b
3888,1944,catO5_1944.fits,2028-09-29 15:26:09.560828,GW280929c
2997,1498,catO5_1498.fits,2028-09-30 14:35:39.212330,GW280930a
4246,2123,catO5_2123.fits,2028-09-30 17:30:49.147324,GW280930b
1935,967,catO5_967.fits,2028-09-30 22:28:20.253465,GW280930c
2101,1050,catO5_1050.fits,2028-10-01 05:21:11.351978,GW281001a
991,495,catO5_495.fits,2028-10-01 20:56:19.028263,GW281001b
2836,1418,catO5_1418.fits,2028-10-02 01:50:53.938797,GW281002a
574,287,catO5_287.fits,2028-10-02 20:29:13.479266,GW281002b
4146,2073,catO5_2073.fits,2028-10-02 21:27:12.829163,GW281002c
2299,1149,catO5_1149.fits,2028-10-03 07:31:15.919134,GW281003a
1934,967,catO5_967.fits,2028-10-03 10:39:15.719534,GW281003b
4339,2169,catO5_2169.fits,2028-10-03 10:44:57.536044,GW281003c
2202,1101,catO5_1101.fits,2028-10-04 05:59:37.642836,GW281004a
1033,516,catO5_516.fits,2028-10-04 07:01:54.615041,GW281004b
1226,613,catO5_613.fits,2028-10-06 02:22:22.712503,GW281006a
317,158,catO5_158.fits,2028-10-06 07:53:37.641071,GW281006b
623,311,catO5_311.fits,2028-10-06 10:26:54.791311,GW281006c
2531,1265,catO5_1265.fits,2028-10-06 16:24:24.289941,GW281006d
981,490,catO5_490.fits,2028-10-07 06:20:59.822604,GW281007a
1882,941,catO5_941.fits,2028-10-07 14:21:40.431052,GW281007b
2883,1441,catO5_1441.fits,2028-10-07 15:28:14.790147,GW281007c
3450,1725,catO5_1725.fits,2028-10-08 16:11:16.574858,GW281008a
4424,2212,catO5_2212.fits,2028-10-09 01:01:55.354228,GW281009a
3692,1846,catO5_1846.fits,2028-10-10 12:55:19.040473,GW281010a
1,0,catO5_0.fits,2028-10-11 04:39:00.615421,GW281011a
1134,567,catO5_567.fits,2028-10-11 04:59:27.023907,GW281011b
1574,787,catO5_787.fits,2028-10-11 14:55:52.921453,GW281011c
4007,2003,catO5_2003.fits,2028-10-12 12:57:25.549942,GW281012a
3668,1834,catO5_1834.fits,2028-10-14 07:21:00.843361,GW281014a
184,92,catO5_92.fits,2028-10-14 08:42:04.631847,GW281014b
3469,1734,catO5_1734.fits,2028-10-14 18:07:38.150501,GW281014c
2004,1002,catO5_1002.fits,2028-10-14 22:50:38.646177,GW281014d
3532,1766,catO5_1766.fits,2028-10-15 21:52:12.411652,GW281015a
4282,2141,catO5_2141.fits,2028-10-16 06:43:50.250963,GW281016a
3194,1597,catO5_1597.fits,2028-10-16 11:18:54.009627,GW281016b
732,366,catO5_366.fits,2028-10-16 12:54:59.311182,GW281016c
1331,665,catO5_665.fits,2028-10-16 14:08:55.404979,GW281016d
2239,1119,catO5_1119.fits,2028-10-17 14:48:03.448102,GW281017a
2774,1387,catO5_1387.fits,2028-10-19 06:21:30.328856,GW281019a
820,410,catO5_410.fits,2028-10-19 07:35:38.578793,GW281019b
2811,1405,catO5_1405.fits,2028-10-20 02:57:07.727320,GW281020a
255,127,catO5_127.fits,2028-10-21 04:31:53.642462,GW281021a
2243,1121,catO5_1121.fits,2028-10-22 10:35:51.442904,GW281022a
2054,1027,catO5_1027.fits,2028-10-23 13:23:08.519001,GW281023a
4117,2058,catO5_2058.fits,2028-10-23 19:47:33.220763,GW281023b
3993,1996,catO5_1996.fits,2028-10-23 22:42:14.215894,GW281023c
1622,811,catO5_811.fits,2028-10-25 13:02:35.024024,GW281025a
1337,668,catO5_668.fits,2028-10-25 13:27:52.396780,GW281025b
4578,2289,catO5_2289.fits,2028-10-25 15:53:22.311684,GW281025c
1832,916,catO5_916.fits,2028-10-26 11:08:04.620834,GW281026a
1780,890,catO5_890.fits,2028-10-26 17:40:28.587893,GW281026b
3189,1594,catO5_1594.fits,2028-10-27 09:40:11.202557,GW281027a
720,360,catO5_360.fits,2028-10-27 12:34:58.091948,GW281027b
3976,1988,catO5_1988.fits,2028-10-27 15:53:08.092474,GW281027c
3551,1775,catO5_1775.fits,2028-10-28 06:24:31.781910,GW281028a
4451,2225,catO5_2225.fits,2028-10-28 09:27:43.528599,GW281028b
572,286,catO5_286.fits,2028-10-28 12:31:48.806969,GW281028c
1842,921,catO5_921.fits,2028-10-29 20:36:19.986852,GW281029a
3026,1513,catO5_1513.fits,2028-10-30 03:50:20.301717,GW281030a
746,373,catO5_373.fits,2028-10-30 05:39:45.978569,GW281030b
3310,1655,catO5_1655.fits,2028-10-30 15:12:47.818113,GW281030c
1250,625,catO5_625.fits,2028-10-30 16:05:45.498295,GW281030d
2895,1447,catO5_1447.fits,2028-10-31 00:31:50.318269,GW281031a
3821,1910,catO5_1910.fits,2028-10-31 13:45:54.090265,GW281031b
1170,585,catO5_585.fits,2028-11-02 05:40:26.758247,GW281102a
1482,741,catO5_741.fits,2028-11-03 04:09:11.354031,GW281103a
1038,519,catO5_519.fits,2028-11-03 06:47:04.150336,GW281103b
1391,695,catO5_695.fits,2028-11-03 06:52:55.510397,GW281103c
1141,570,catO5_570.fits,2028-11-03 23:39:57.443173,GW281103d
2073,1036,catO5_1036.fits,2028-11-04 10:48:46.606457,GW281104a
1225,612,catO5_612.fits,2028-11-05 01:42:54.417521,GW281105a
629,314,catO5_314.fits,2028-11-05 14:02:13.385581,GW281105b
1164,582,catO5_582.fits,2028-11-05 21:54:04.174395,GW281105c
2435,1217,catO5_1217.fits,2028-11-06 11:45:59.747562,GW281106a
3261,1630,catO5_1630.fits,2028-11-06 22:54:48.964643,GW281106b
1827,913,catO5_913.fits,2028-11-07 01:05:52.486441,GW281107a
3432,1716,catO5_1716.fits,2028-11-07 02:29:50.127039,GW281107b
4240,2120,catO5_2120.fits,2028-11-07 02:44:15.379812,GW281107c
2072,1036,catO5_1036.fits,2028-11-07 04:10:28.674161,GW281107d
2719,1359,catO5_1359.fits,2028-11-10 07:41:35.368365,GW281110a
4259,2129,catO5_2129.fits,2028-11-10 10:55:55.417308,GW281110b
3091,1545,catO5_1545.fits,2028-11-11 18:41:14.845905,GW281111a
3077,1538,catO5_1538.fits,2028-11-12 06:07:14.178655,GW281112a
3925,1962,catO5_1962.fits,2028-11-12 12:46:25.337884,GW281112b
251,125,catO5_125.fits,2028-11-14 02:43:27.674348,GW281114a
550,275,catO5_275.fits,2028-11-14 06:46:04.405517,GW281114b
275,137,catO5_137.fits,2028-11-14 09:22:39.500373,GW281114c
4137,2068,catO5_2068.fits,2028-11-16 09:09:48.537403,GW281116a
969,484,catO5_484.fits,2028-11-16 10:39:58.812435,GW281116b
941,470,catO5_470.fits,2028-11-16 23:41:26.631930,GW281116c
3710,1855,catO5_1855.fits,2028-11-17 00:24:55.470446,GW281117a
1975,987,catO5_987.fits,2028-11-17 10:54:24.439159,GW281117b
3255,1627,catO5_1627.fits,2028-11-17 15:21:24.894854,GW281117c
4512,2256,catO5_2256.fits,2028-11-18 01:01:28.360168,GW281118a
4341,2170,catO5_2170.fits,2028-11-18 08:53:26.715142,GW281118b
2395,1197,catO5_1197.fits,2028-11-18 20:55:04.734782,GW281118c
2240,1120,catO5_1120.fits,2028-11-19 01:58:48.279193,GW281119a
2527,1263,catO5_1263.fits,2028-11-19 10:57:52.763829,GW281119b
2728,1364,catO5_1364.fits,2028-11-22 06:19:47.111251,GW281122a
1122,561,catO5_561.fits,2028-11-22 22:06:05.847427,GW281122b
1047,523,catO5_523.fits,2028-11-23 02:06:47.850335,GW281123a
1841,920,catO5_920.fits,2028-11-23 02:52:01.201150,GW281123b
2507,1253,catO5_1253.fits,2028-11-23 03:42:25.638161,GW281123c
2156,1078,catO5_1078.fits,2028-11-23 10:59:31.412686,GW281123d
4296,2148,catO5_2148.fits,2028-11-24 12:20:55.272934,GW281124a
591,295,catO5_295.fits,2028-11-24 15:49:39.199260,GW281124b
1423,711,catO5_711.fits,2028-11-24 22:27:37.345949,GW281124c
1578,789,catO5_789.fits,2028-11-25 08:27:17.788601,GW281125a
2324,1162,catO5_1162.fits,2028-11-25 14:52:25.584954,GW281125b
1421,710,catO5_710.fits,2028-11-25 14:55:45.764225,GW281125c
4183,2091,catO5_2091.fits,2028-11-26 14:08:25.553570,GW281126a
998,499,catO5_499.fits,2028-11-27 15:55:51.465110,GW281127a
4392,2196,catO5_2196.fits,2028-11-28 01:35:15.956186,GW281128a
282,141,catO5_141.fits,2028-11-28 10:21:45.022019,GW281128b
2462,1231,catO5_1231.fits,2028-11-28 10:39:55.245358,GW281128c
4041,2020,catO5_2020.fits,2028-11-29 08:35:52.472066,GW281129a
2253,1126,catO5_1126.fits,2028-11-29 11:05:17.414818,GW281129b
4049,2024,catO5_2024.fits,2028-11-29 22:15:57.146986,GW281129c
4016,2008,catO5_2008.fits,2028-11-30 11:45:05.706067,GW281130a
333,166,catO5_166.fits,2028-12-01 00:58:21.492503,GW281201a
1280,640,catO5_640.fits,2028-12-01 09:10:53.561996,GW281201b
1774,887,catO5_887.fits,2028-12-01 10:21:53.015761,GW281201c
4538,2269,catO5_2269.fits,2028-12-03 10:45:26.245329,GW281203a
3795,1897,catO5_1897.fits,2028-12-03 20:02:37.762200,GW281203b
1754,877,catO5_877.fits,2028-12-04 07:48:20.340636,GW281204a
7,3,catO5_3.fits,2028-12-04 16:39:33.562207,GW281204b
1809,904,catO5_904.fits,2028-12-04 21:01:56.125508,GW281204c
771,385,catO5_385.fits,2028-12-05 01:04:27.434216,GW281205a
4416,2208,catO5_2208.fits,2028-12-05 07:58:21.149432,GW281205b
4011,2005,catO5_2005.fits,2028-12-05 17:26:36.919539,GW281205c
3701,1850,catO5_1850.fits,2028-12-06 13:37:20.039180,GW281206a
1416,708,catO5_708.fits,2028-12-07 13:03:08.572356,GW281207a
3515,1757,catO5_1757.fits,2028-12-07 16:45:06.443245,GW281207b
4211,2105,catO5_2105.fits,2028-12-07 20:22:55.605433,GW281207c
2813,1406,catO5_1406.fits,2028-12-07 20:49:53.079983,GW281207d
1290,645,catO5_645.fits,2028-12-09 13:56:35.710169,GW281209a
722,361,catO5_361.fits,2028-12-10 02:09:55.370463,GW281210a
2207,1103,catO5_1103.fits,2028-12-10 08:13:58.392905,GW281210b
4508,2254,catO5_2254.fits,2028-12-10 22:32:05.885663,GW281210c
2183,1091,catO5_1091.fits,2028-12-11 03:57:46.386304,GW281211a
4298,2149,catO5_2149.fits,2028-12-11 07:02:41.027657,GW281211b
571,285,catO5_285.fits,2028-12-11 08:26:58.578878,GW281211c
3257,1628,catO5_1628.fits,2028-12-11 17:45:41.017337,GW281211d
4019,2009,catO5_2009.fits,2028-12-11 17:52:34.415761,GW281211e
1864,932,catO5_932.fits,2028-12-11 20:18:50.600100,GW281211f
145,72,catO5_72.fits,2028-12-14 00:33:15.543972,GW281214a
2540,1270,catO5_1270.fits,2028-12-14 05:10:32.522454,GW281214b
1943,971,catO5_971.fits,2028-12-14 23:18:42.465372,GW281214c
796,398,catO5_398.fits,2028-12-16 04:49:53.369933,GW281216a
1445,722,catO5_722.fits,2028-12-17 07:55:31.149103,GW281217a
3400,1700,catO5_1700.fits,2028-12-18 14:20:32.620467,GW281218a
2067,1033,catO5_1033.fits,2028-12-19 12:00:06.421507,GW281219a
1431,715,catO5_715.fits,2028-12-20 05:12:23.005130,GW281220a
692,346,catO5_346.fits,2028-12-20 09:40:59.528147,GW281220b
1899,949,catO5_949.fits,2028-12-21 03:26:41.820816,GW281221a
469,234,catO5_234.fits,2028-12-21 13:36:48.306289,GW281221b
808,404,catO5_404.fits,2028-12-22 06:57:20.085451,GW281222a
4387,2193,catO5_2193.fits,2028-12-23 13:27:01.935015,GW281223a
2238,1119,catO5_1119.fits,2028-12-23 13:28:36.725242,GW281223b
3388,1694,catO5_1694.fits,2028-12-23 16:37:46.483341,GW281223c
4260,2130,catO5_2130.fits,2028-12-24 08:24:10.296391,GW281224a
1798,899,catO5_899.fits,2028-12-24 15:31:52.761440,GW281224b
3270,1635,catO5_1635.fits,2028-12-24 16:22:47.921543,GW281224c
930,465,catO5_465.fits,2028-12-24 16:50:06.334825,GW281224d
3405,1702,catO5_1702.fits,2028-12-24 21:51:01.635187,GW281224e
1417,708,catO5_708.fits,2028-12-25 03:00:54.707193,GW281225a
1490,745,catO5_745.fits,2028-12-25 13:17:30.161445,GW281225b
2730,1365,catO5_1365.fits,2028-12-25 20:10:25.695103,GW281225c
452,226,catO5_226.fits,2028-12-26 05:54:54.313777,GW281226a
4154,2077,catO5_2077.fits,2028-12-26 16:26:49.503071,GW281226b
3303,1651,catO5_1651.fits,2028-12-26 20:01:21.099748,GW281226c
1205,602,catO5_602.fits,2028-12-26 20:47:45.988672,GW281226d
1468,734,catO5_734.fits,2028-12-26 23:28:56.196538,GW281226e
331,165,catO5_165.fits,2028-12-27 08:07:41.674351,GW281227a
2987,1493,catO5_1493.fits,2028-12-28 06:30:04.391512,GW281228a
1102,551,catO5_551.fits,2028-12-28 09:48:01.668723,GW281228b
2976,1488,catO5_1488.fits,2028-12-28 11:02:34.036395,GW281228c
1550,775,catO5_775.fits,2028-12-29 05:14:06.318798,GW281229a
3308,1654,catO5_1654.fits,2028-12-29 18:04:13.090341,GW281229b
1315,657,catO5_657.fits,2028-12-29 22:49:17.118151,GW281229c
3563,1781,catO5_1781.fits,2028-12-30 10:25:26.241453,GW281230a
1384,692,catO5_692.fits,2028-12-31 00:51:16.898555,GW281231a
3214,1607,catO5_1607.fits,2028-12-31 02:31:33.289032,GW281231b
3812,1906,catO5_1906.fits,2028-12-31 07:30:43.667347,GW281231c
4269,2134,catO5_2134.fits,2028-12-31 15:33:12.858713,GW281231d
3928,1964,catO5_1964.fits,2028-12-31 19:50:41.441232,GW281231e
1800,900,catO5_900.fits,2028-12-31 21:57:08.596451,GW281231f
4459,2229,catO5_2229.fits,2029-01-01 15:36:27.347022,GW290101a
431,215,catO5_215.fits,2029-01-02 06:46:56.775312,GW290102a
4608,2304,catO5_2304.fits,2029-01-02 09:44:54.600575,GW290102b
3726,1863,catO5_1863.fits,2029-01-04 07:38:51.593152,GW290104a
1570,785,catO5_785.fits,2029-01-04 15:11:24.895835,GW290104b
2038,1019,catO5_1019.fits,2029-01-04 15:28:54.517380,GW290104c
947,473,catO5_473.fits,2029-01-05 06:28:44.488878,GW290105a
976,488,catO5_488.fits,2029-01-05 14:55:24.401278,GW290105b
3931,1965,catO5_1965.fits,2029-01-06 04:22:23.281528,GW290106a
1143,571,catO5_571.fits,2029-01-07 00:22:08.523807,GW290107a
3790,1895,catO5_1895.fits,2029-01-07 04:36:33.970429,GW290107b
2440,1220,catO5_1220.fits,2029-01-07 06:01:56.451018,GW290107c
3654,1827,catO5_1827.fits,2029-01-07 10:23:18.759361,GW290107d
3962,1981,catO5_1981.fits,2029-01-07 16:40:17.124743,GW290107e
3226,1613,catO5_1613.fits,2029-01-08 12:47:51.260317,GW290108a
669,334,catO5_334.fits,2029-01-08 18:12:42.508455,GW290108b
1795,897,catO5_897.fits,2029-01-10 15:41:13.568653,GW290110a
1160,580,catO5_580.fits,2029-01-10 22:30:42.048119,GW290110b
10,5,catO5_5.fits,2029-01-11 04:17:05.866211,GW290111a
2534,1267,catO5_1267.fits,2029-01-11 05:41:06.742328,GW290111b
357,178,catO5_178.fits,2029-01-11 14:59:49.238045,GW290111c
3448,1724,catO5_1724.fits,2029-01-11 18:36:28.011892,GW290111d
4278,2139,catO5_2139.fits,2029-01-12 03:43:18.820310,GW290112a
497,248,catO5_248.fits,2029-01-12 07:10:47.602760,GW290112b
3657,1828,catO5_1828.fits,2029-01-12 09:47:02.973181,GW290112c
2698,1349,catO5_1349.fits,2029-01-12 22:37:59.774654,GW290112d
1699,849,catO5_849.fits,2029-01-13 08:02:55.453983,GW290113a
1042,521,catO5_521.fits,2029-01-13 21:36:56.630315,GW290113b
885,442,catO5_442.fits,2029-01-13 23:43:53.770643,GW290113c
3502,1751,catO5_1751.fits,2029-01-14 12:59:21.685504,GW290114a
2157,1078,catO5_1078.fits,2029-01-15 07:09:24.563655,GW290115a
1311,655,catO5_655.fits,2029-01-16 11:56:56.959159,GW290116a
4573,2286,catO5_2286.fits,2029-01-16 14:29:00.104923,GW290116b
1739,869,catO5_869.fits,2029-01-17 18:36:55.261410,GW290117a
1063,531,catO5_531.fits,2029-01-18 16:51:59.457801,GW290118a
594,297,catO5_297.fits,2029-01-18 17:11:03.901479,GW290118b
549,274,catO5_274.fits,2029-01-19 12:23:21.327022,GW290119a
3045,1522,catO5_1522.fits,2029-01-19 13:13:10.690532,GW290119b
590,295,catO5_295.fits,2029-01-20 04:23:59.609473,GW290120a
311,155,catO5_155.fits,2029-01-20 07:00:46.695287,GW290120b
891,445,catO5_445.fits,2029-01-20 09:33:06.513166,GW290120c
2333,1166,catO5_1166.fits,2029-01-20 19:05:44.423060,GW290120d
1184,592,catO5_592.fits,2029-01-20 22:02:15.133506,GW290120e
3934,1967,catO5_1967.fits,2029-01-21 03:16:49.089237,GW290121a
1155,577,catO5_577.fits,2029-01-21 13:14:10.136890,GW290121b
3223,1611,catO5_1611.fits,2029-01-22 05:03:09.264783,GW290122a
1187,593,catO5_593.fits,2029-01-22 18:23:57.947740,GW290122b
1532,766,catO5_766.fits,2029-01-22 19:01:50.602617,GW290122c
3168,1584,catO5_1584.fits,2029-01-22 22:54:58.837889,GW290122d
860,430,catO5_430.fits,2029-01-23 02:36:35.724159,GW290123a
2790,1395,catO5_1395.fits,2029-01-23 13:43:26.600805,GW290123b
585,292,catO5_292.fits,2029-01-23 17:28:09.089214,GW290123c
477,238,catO5_238.fits,2029-01-23 17:57:59.809412,GW290123d
3988,1994,catO5_1994.fits,2029-01-23 18:12:02.131503,GW290123e
3302,1651,catO5_1651.fits,2029-01-24 02:12:02.569695,GW290124a
811,405,catO5_405.fits,2029-01-26 02:30:42.107873,GW290126a
465,232,catO5_232.fits,2029-01-26 09:36:39.957312,GW290126b
226,113,catO5_113.fits,2029-01-26 12:37:31.727186,GW290126c
3480,1740,catO5_1740.fits,2029-01-27 05:35:45.114979,GW290127a
3953,1976,catO5_1976.fits,2029-01-27 15:30:32.955764,GW290127b
2298,1149,catO5_1149.fits,2029-01-27 23:41:48.011239,GW290127c
9,4,catO5_4.fits,2029-01-28 17:02:45.161160,GW290128a
1985,992,catO5_992.fits,2029-01-29 12:54:33.007428,GW290129a
3430,1715,catO5_1715.fits,2029-01-29 23:46:56.542591,GW290129b
2450,1225,catO5_1225.fits,2029-01-30 16:31:24.831003,GW290130a
4346,2173,catO5_2173.fits,2029-02-01 00:25:27.031702,GW290201a
2131,1065,catO5_1065.fits,2029-02-03 17:25:35.408148,GW290203a
1998,999,catO5_999.fits,2029-02-04 00:14:34.787876,GW290204a
3956,1978,catO5_1978.fits,2029-02-04 06:08:34.303397,GW290204b
1840,920,catO5_920.fits,2029-02-04 13:44:01.337199,GW290204c
1190,595,catO5_595.fits,2029-02-05 00:16:21.929163,GW290205a
239,119,catO5_119.fits,2029-02-05 14:03:34.864739,GW290205b
602,301,catO5_301.fits,2029-02-06 13:24:04.390817,GW290206a
2386,1193,catO5_1193.fits,2029-02-06 15:58:43.801209,GW290206b
1397,698,catO5_698.fits,2029-02-06 19:36:58.537061,GW290206c
3323,1661,catO5_1661.fits,2029-02-07 14:07:51.651037,GW290207a
2178,1089,catO5_1089.fits,2029-02-07 15:25:09.562956,GW290207b
2509,1254,catO5_1254.fits,2029-02-08 00:43:51.600778,GW290208a
1670,835,catO5_835.fits,2029-02-08 15:39:50.652723,GW290208b
368,184,catO5_184.fits,2029-02-09 03:04:13.514282,GW290209a
1895,947,catO5_947.fits,2029-02-09 12:19:42.629371,GW290209b
1805,902,catO5_902.fits,2029-02-10 02:10:08.159832,GW290210a
3591,1795,catO5_1795.fits,2029-02-10 03:15:16.455925,GW290210b
3662,1831,catO5_1831.fits,2029-02-10 09:56:31.205700,GW290210c
1044,522,catO5_522.fits,2029-02-10 21:17:11.651674,GW290210d
364,182,catO5_182.fits,2029-02-11 12:37:02.447606,GW290211a
1748,874,catO5_874.fits,2029-02-12 08:08:01.934854,GW290212a
973,486,catO5_486.fits,2029-02-13 04:54:38.728885,GW290213a
4290,2145,catO5_2145.fits,2029-02-13 16:04:26.070525,GW290213b
3360,1680,catO5_1680.fits,2029-02-14 16:08:07.486021,GW290214a
2575,1287,catO5_1287.fits,2029-02-15 14:20:29.362530,GW290215a
1977,988,catO5_988.fits,2029-02-15 15:15:51.888097,GW290215b
4442,2221,catO5_2221.fits,2029-02-15 19:07:12.437213,GW290215c
3060,1530,catO5_1530.fits,2029-02-15 20:40:50.017507,GW290215d
4404,2202,catO5_2202.fits,2029-02-16 01:50:53.225669,GW290216a
125,62,catO5_62.fits,2029-02-16 08:59:41.679077,GW290216b
619,309,catO5_309.fits,2029-02-16 13:51:23.845729,GW290216c
2245,1122,catO5_1122.fits,2029-02-17 02:37:06.743851,GW290217a
3881,1940,catO5_1940.fits,2029-02-17 03:17:00.829087,GW290217b
2147,1073,catO5_1073.fits,2029-02-18 01:13:01.408859,GW290218a
4343,2171,catO5_2171.fits,2029-02-19 01:19:11.245504,GW290219a
833,416,catO5_416.fits,2029-02-20 03:38:52.469668,GW290220a
3472,1736,catO5_1736.fits,2029-02-20 08:40:36.916415,GW290220b
881,440,catO5_440.fits,2029-02-20 13:28:40.513412,GW290220c
298,149,catO5_149.fits,2029-02-21 10:14:34.721095,GW290221a
2490,1245,catO5_1245.fits,2029-02-21 12:27:11.064955,GW290221b
1721,860,catO5_860.fits,2029-02-22 08:48:56.606213,GW290222a
737,368,catO5_368.fits,2029-02-22 12:47:43.733025,GW290222b
1068,534,catO5_534.fits,2029-02-24 12:34:55.033228,GW290224a
4446,2223,catO5_2223.fits,2029-02-24 20:27:46.875489,GW290224b
2862,1431,catO5_1431.fits,2029-02-24 20:59:47.430780,GW290224c
3251,1625,catO5_1625.fits,2029-02-25 07:39:02.728925,GW290225a
3094,1547,catO5_1547.fits,2029-02-25 13:03:44.241433,GW290225b
34,17,catO5_17.fits,2029-02-25 22:02:47.681778,GW290225c
1127,563,catO5_563.fits,2029-02-26 10:14:57.073413,GW290226a
681,340,catO5_340.fits,2029-02-28 11:13:05.810084,GW290228a
1753,876,catO5_876.fits,2029-03-01 06:13:21.744356,GW290301a
1341,670,catO5_670.fits,2029-03-01 06:32:12.745361,GW290301b
2355,1177,catO5_1177.fits,2029-03-01 19:23:41.585247,GW290301c
32,16,catO5_16.fits,2029-03-01 22:48:54.633474,GW290301d
2330,1165,catO5_1165.fits,2029-03-02 02:17:01.995907,GW290302a
1814,907,catO5_907.fits,2029-03-03 17:58:18.774308,GW290303a
2428,1214,catO5_1214.fits,2029-03-04 00:01:29.070715,GW290304a
4275,2137,catO5_2137.fits,2029-03-04 21:37:17.537602,GW290304b
3097,1548,catO5_1548.fits,2029-03-05 10:52:06.521194,GW290305a
2012,1006,catO5_1006.fits,2029-03-05 12:19:22.472163,GW290305b
1360,680,catO5_680.fits,2029-03-05 17:38:56.365905,GW290305c
1597,798,catO5_798.fits,2029-03-05 18:12:13.946450,GW290305d
4257,2128,catO5_2128.fits,2029-03-06 17:37:25.460460,GW290306a
2755,1377,catO5_1377.fits,2029-03-07 15:01:32.507975,GW290307a
757,378,catO5_378.fits,2029-03-08 10:37:59.799494,GW290308a
636,318,catO5_318.fits,2029-03-08 11:08:58.492773,GW290308b
155,77,catO5_77.fits,2029-03-08 13:14:39.260321,GW290308c
1734,867,catO5_867.fits,2029-03-08 14:24:40.699650,GW290308d
1231,615,catO5_615.fits,2029-03-08 21:16:54.691026,GW290308e
4351,2175,catO5_2175.fits,2029-03-09 09:58:50.036495,GW290309a
1457,728,catO5_728.fits,2029-03-10 01:26:45.448310,GW290310a
4215,2107,catO5_2107.fits,2029-03-11 04:59:25.048337,GW290311a
2873,1436,catO5_1436.fits,2029-03-11 19:22:44.505289,GW290311b
2646,1323,catO5_1323.fits,2029-03-12 09:41:03.954415,GW290312a
1320,660,catO5_660.fits,2029-03-12 11:06:43.957737,GW290312b
761,380,catO5_380.fits,2029-03-12 19:58:23.635432,GW290312c
3827,1913,catO5_1913.fits,2029-03-12 21:51:11.780359,GW290312d
4125,2062,catO5_2062.fits,2029-03-13 06:49:12.400855,GW290313a
593,296,catO5_296.fits,2029-03-13 09:38:51.198580,GW290313b
892,446,catO5_446.fits,2029-03-14 02:04:08.329693,GW290314a
4333,2166,catO5_2166.fits,2029-03-14 03:37:41.954911,GW290314b
464,232,catO5_232.fits,2029-03-14 14:38:22.889726,GW290314c
3643,1821,catO5_1821.fits,2029-03-15 14:59:50.782275,GW290315a
2132,1066,catO5_1066.fits,2029-03-16 03:30:25.544689,GW290316a
3083,1541,catO5_1541.fits,2029-03-16 11:27:11.216905,GW290316b
4010,2005,catO5_2005.fits,2029-03-17 13:10:13.962446,GW290317a
592,296,catO5_296.fits,2029-03-17 15:48:25.814871,GW290317b
4483,2241,catO5_2241.fits,2029-03-18 14:18:14.214996,GW290318a
3623,1811,catO5_1811.fits,2029-03-18 20:11:02.704600,GW290318b
3259,1629,catO5_1629.fits,2029-03-19 20:07:25.574090,GW290319a
3086,1543,catO5_1543.fits,2029-03-20 06:36:37.455800,GW290320a
2339,1169,catO5_1169.fits,2029-03-20 15:00:27.664836,GW290320b
1452,726,catO5_726.fits,2029-03-20 20:30:02.627569,GW290320c
751,375,catO5_375.fits,2029-03-21 17:55:44.333669,GW290321a
2742,1371,catO5_1371.fits,2029-03-21 22:18:59.759931,GW290321b
2356,1178,catO5_1178.fits,2029-03-22 09:15:49.945252,GW290322a
918,459,catO5_459.fits,2029-03-25 06:16:45.290730,GW290325a
2712,1356,catO5_1356.fits,2029-03-25 19:03:57.099495,GW290325b
2583,1291,catO5_1291.fits,2029-03-26 16:23:03.951043,GW290326a
237,118,catO5_118.fits,2029-03-26 19:29:14.708062,GW290326b
2733,1366,catO5_1366.fits,2029-03-27 19:26:05.164608,GW290327a
3505,1752,catO5_1752.fits,2029-03-27 20:23:22.150101,GW290327b
603,301,catO5_301.fits,2029-03-28 01:28:54.922402,GW290328a
1235,617,catO5_617.fits,2029-03-29 03:15:49.563352,GW290329a
1808,904,catO5_904.fits,2029-03-29 11:06:32.080475,GW290329b
1269,634,catO5_634.fits,2029-03-31 09:34:40.419818,GW290331a
2208,1104,catO5_1104.fits,2029-03-31 16:32:49.301758,GW290331b
2035,1017,catO5_1017.fits,2029-04-02 11:13:42.339409,GW290402a
2553,1276,catO5_1276.fits,2029-04-02 14:19:28.334678,GW290402b
3645,1822,catO5_1822.fits,2029-04-02 20:19:55.218610,GW290402c
3693,1846,catO5_1846.fits,2029-04-03 16:12:08.682339,GW290403a
84,42,catO5_42.fits,2029-04-04 12:15:38.729969,GW290404a
210,105,catO5_105.fits,2029-04-05 07:23:16.209932,GW290405a
131,65,catO5_65.fits,2029-04-06 03:00:27.380763,GW290406a
3283,1641,catO5_1641.fits,2029-04-06 13:24:54.720592,GW290406b
561,280,catO5_280.fits,2029-04-06 21:17:46.947961,GW290406c
1704,852,catO5_852.fits,2029-04-07 00:00:41.838772,GW290407a
2775,1387,catO5_1387.fits,2029-04-07 05:00:34.838538,GW290407b
4334,2167,catO5_2167.fits,2029-04-07 06:52:40.958429,GW290407c
3365,1682,catO5_1682.fits,2029-04-07 19:54:07.985795,GW290407d
1075,537,catO5_537.fits,2029-04-09 03:04:23.071841,GW290409a
1513,756,catO5_756.fits,2029-04-09 11:58:33.126839,GW290409b
158,79,catO5_79.fits,2029-04-09 17:09:28.533732,GW290409c
3603,1801,catO5_1801.fits,2029-04-09 23:58:37.384057,GW290409d
1999,999,catO5_999.fits,2029-04-10 06:11:23.725683,GW290410a
4347,2173,catO5_2173.fits,2029-04-10 06:24:38.561630,GW290410b
3207,1603,catO5_1603.fits,2029-04-11 06:13:16.411134,GW290411a
400,200,catO5_200.fits,2029-04-11 08:59:27.566462,GW290411b
953,476,catO5_476.fits,2029-04-12 13:33:29.884088,GW290412a
4072,2036,catO5_2036.fits,2029-04-12 16:25:06.582299,GW290412b
1729,864,catO5_864.fits,2029-04-13 21:50:18.745148,GW290413a
87,43,catO5_43.fits,2029-04-14 14:28:40.297338,GW290414a
4592,2296,catO5_2296.fits,2029-04-14 17:51:50.627192,GW290414b
2551,1275,catO5_1275.fits,2029-04-14 18:59:08.272589,GW290414c
127,63,catO5_63.fits,2029-04-14 20:53:25.881605,GW290414d
3161,1580,catO5_1580.fits,2029-04-14 22:17:59.202907,GW290414e
3169,1584,catO5_1584.fits,2029-04-15 07:51:12.884620,GW290415a
3559,1779,catO5_1779.fits,2029-04-16 20:22:37.632097,GW290416a
2224,1112,catO5_1112.fits,2029-04-17 04:54:34.774870,GW290417a
893,446,catO5_446.fits,2029-04-17 05:21:18.695206,GW290417b
2511,1255,catO5_1255.fits,2029-04-17 11:48:28.898217,GW290417c
3845,1922,catO5_1922.fits,2029-04-17 15:53:02.663064,GW290417d
2898,1449,catO5_1449.fits,2029-04-17 23:03:26.257006,GW290417e
1764,882,catO5_882.fits,2029-04-18 00:20:47.742704,GW290418a
2047,1023,catO5_1023.fits,2029-04-18 02:08:43.193346,GW290418b
4541,2270,catO5_2270.fits,2029-04-18 13:30:12.430869,GW290418c
3577,1788,catO5_1788.fits,2029-04-20 03:53:08.571368,GW290420a
328,164,catO5_164.fits,2029-04-20 11:15:31.242045,GW290420b
4364,2182,catO5_2182.fits,2029-04-21 16:34:28.866059,GW290421a
4554,2277,catO5_2277.fits,2029-04-21 22:55:17.550654,GW290421b
4577,2288,catO5_2288.fits,2029-04-22 03:06:06.648029,GW290422a
1950,975,catO5_975.fits,2029-04-22 05:04:48.860268,GW290422b
2681,1340,catO5_1340.fits,2029-04-24 10:48:17.704891,GW290424a
1506,753,catO5_753.fits,2029-04-25 19:23:06.672129,GW290425a
1724,862,catO5_862.fits,2029-04-25 22:38:23.048275,GW290425b
2634,1317,catO5_1317.fits,2029-04-26 04:46:23.771871,GW290426a
4473,2236,catO5_2236.fits,2029-04-26 21:32:06.357472,GW290426b
3088,1544,catO5_1544.fits,2029-04-26 22:16:12.226086,GW290426c
2544,1272,catO5_1272.fits,2029-04-27 17:33:27.902289,GW290427a
3884,1942,catO5_1942.fits,2029-04-28 08:15:47.124498,GW290428a
4094,2047,catO5_2047.fits,2029-04-29 15:15:43.853240,GW290429a
3684,1842,catO5_1842.fits,2029-04-30 03:21:06.074785,GW290430a
3215,1607,catO5_1607.fits,2029-05-01 07:12:45.923935,GW290501a
3107,1553,catO5_1553.fits,2029-05-02 07:02:30.408254,GW290502a
2641,1320,catO5_1320.fits,2029-05-03 00:44:05.423927,GW290503a
4148,2074,catO5_2074.fits,2029-05-03 14:38:02.837563,GW290503b
3594,1797,catO5_1797.fits,2029-05-03 16:53:20.899347,GW290503c
2179,1089,catO5_1089.fits,2029-05-03 17:42:52.903519,GW290503d
4430,2215,catO5_2215.fits,2029-05-04 16:01:22.436507,GW290504a
214,107,catO5_107.fits,2029-05-05 00:29:35.151341,GW290505a
3296,1648,catO5_1648.fits,2029-05-05 07:05:09.482620,GW290505b
3874,1937,catO5_1937.fits,2029-05-06 03:41:13.598452,GW290506a
733,366,catO5_366.fits,2029-05-08 08:14:09.866529,GW290508a
3805,1902,catO5_1902.fits,2029-05-08 19:50:36.592879,GW290508b
3929,1964,catO5_1964.fits,2029-05-08 21:04:35.167469,GW290508c
2383,1191,catO5_1191.fits,2029-05-08 22:30:45.243160,GW290508d
4551,2275,catO5_2275.fits,2029-05-09 14:55:40.560647,GW290509a
4238,2119,catO5_2119.fits,2029-05-10 23:02:25.019656,GW290510a
458,229,catO5_229.fits,2029-05-11 09:41:33.230634,GW290511a
3648,1824,catO5_1824.fits,2029-05-13 16:47:17.846252,GW290513a
2510,1255,catO5_1255.fits,2029-05-13 17:42:36.746283,GW290513b
1259,629,catO5_629.fits,2029-05-14 04:44:31.120208,GW290514a
2118,1059,catO5_1059.fits,2029-05-14 05:10:22.320378,GW290514b
4472,2236,catO5_2236.fits,2029-05-14 11:35:50.175527,GW290514c
504,252,catO5_252.fits,2029-05-14 15:46:39.272887,GW290514d
1662,831,catO5_831.fits,2029-05-15 22:59:30.019192,GW290515a
3015,1507,catO5_1507.fits,2029-05-16 07:53:55.347847,GW290516a
1139,569,catO5_569.fits,2029-05-16 13:16:03.365168,GW290516b
2687,1343,catO5_1343.fits,2029-05-16 15:51:12.414644,GW290516c
61,30,catO5_30.fits,2029-05-16 17:54:02.599111,GW290516d
1168,584,catO5_584.fits,2029-05-16 18:52:28.424420,GW290516e
2000,1000,catO5_1000.fits,2029-05-17 00:01:39.491618,GW290517a
1381,690,catO5_690.fits,2029-05-17 07:32:06.286397,GW290517b
2782,1391,catO5_1391.fits,2029-05-18 08:38:39.816557,GW290518a
2470,1235,catO5_1235.fits,2029-05-18 19:12:16.856725,GW290518b
855,427,catO5_427.fits,2029-05-19 04:54:54.179208,GW290519a
2213,1106,catO5_1106.fits,2029-05-19 07:39:16.164158,GW290519b
2858,1429,catO5_1429.fits,2029-05-19 17:17:01.332649,GW290519c
3973,1986,catO5_1986.fits,2029-05-20 04:33:25.858317,GW290520a
580,290,catO5_290.fits,2029-05-20 07:49:46.504753,GW290520b
1986,993,catO5_993.fits,2029-05-21 01:43:38.000250,GW290521a
1212,606,catO5_606.fits,2029-05-21 17:27:49.738692,GW290521b
4032,2016,catO5_2016.fits,2029-05-22 12:44:54.782109,GW290522a
2187,1093,catO5_1093.fits,2029-05-22 14:20:30.367062,GW290522b
2942,1471,catO5_1471.fits,2029-05-23 03:21:55.723019,GW290523a
3220,1610,catO5_1610.fits,2029-05-23 11:31:48.258158,GW290523b
4122,2061,catO5_2061.fits,2029-05-23 12:28:40.504857,GW290523c
3046,1523,catO5_1523.fits,2029-05-24 05:45:08.211126,GW290524a
1081,540,catO5_540.fits,2029-05-24 11:16:42.159111,GW290524b
3147,1573,catO5_1573.fits,2029-05-25 04:42:23.113036,GW290525a
2474,1237,catO5_1237.fits,2029-05-25 05:03:27.693853,GW290525b
3423,1711,catO5_1711.fits,2029-05-25 05:49:22.414676,GW290525c
2166,1083,catO5_1083.fits,2029-05-26 14:44:15.803237,GW290526a
3087,1543,catO5_1543.fits,2029-05-27 11:56:12.931422,GW290527a
759,379,catO5_379.fits,2029-05-27 21:56:12.624392,GW290527b
1503,751,catO5_751.fits,2029-05-28 00:35:27.042392,GW290528a
1810,905,catO5_905.fits,2029-05-28 00:58:56.435406,GW290528b
4535,2267,catO5_2267.fits,2029-05-28 03:04:31.583064,GW290528c
3095,1547,catO5_1547.fits,2029-05-28 21:42:49.207525,GW290528d
4170,2085,catO5_2085.fits,2029-05-28 23:45:15.907353,GW290528e
1571,785,catO5_785.fits,2029-05-29 16:44:09.095916,GW290529a
3590,1795,catO5_1795.fits,2029-05-30 07:15:39.070167,GW290530a
2707,1353,catO5_1353.fits,2029-05-30 07:16:30.702581,GW290530b
4547,2273,catO5_2273.fits,2029-05-30 08:40:34.257055,GW290530c
2519,1259,catO5_1259.fits,2029-05-31 17:31:22.930432,GW290531a
142,71,catO5_71.fits,2029-06-01 08:14:40.395824,GW290601a
129,64,catO5_64.fits,2029-06-01 18:40:14.794867,GW290601b
2366,1183,catO5_1183.fits,2029-06-02 03:19:18.867578,GW290602a
1992,996,catO5_996.fits,2029-06-02 13:00:47.366989,GW290602b
1747,873,catO5_873.fits,2029-06-04 10:13:30.839477,GW290604a
1611,805,catO5_805.fits,2029-06-04 18:08:41.373341,GW290604b
1646,823,catO5_823.fits,2029-06-05 05:13:52.532175,GW290605a
1892,946,catO5_946.fits,2029-06-06 00:29:42.651394,GW290606a
4492,2246,catO5_2246.fits,2029-06-07 07:37:38.645728,GW290607a
1200,600,catO5_600.fits,2029-06-07 22:30:03.160371,GW290607b
3171,1585,catO5_1585.fits,2029-06-08 04:09:14.513195,GW290608a
2094,1047,catO5_1047.fits,2029-06-08 12:58:22.185624,GW290608b
2607,1303,catO5_1303.fits,2029-06-09 03:15:28.029942,GW290609a
931,465,catO5_465.fits,2029-06-09 12:33:41.270092,GW290609b
2053,1026,catO5_1026.fits,2029-06-09 23:59:56.673468,GW290609c
4089,2044,catO5_2044.fits,2029-06-10 07:36:15.891826,GW290610a
1630,815,catO5_815.fits,2029-06-11 12:44:21.024347,GW290611a
3228,1614,catO5_1614.fits,2029-06-12 12:14:06.113032,GW290612a
419,209,catO5_209.fits,2029-06-13 01:47:48.027757,GW290613a
229,114,catO5_114.fits,2029-06-13 06:42:10.204420,GW290613b
112,56,catO5_56.fits,2029-06-14 01:39:37.906836,GW290614a
466,233,catO5_233.fits,2029-06-14 08:10:37.443444,GW290614b
2992,1496,catO5_1496.fits,2029-06-14 12:14:48.975683,GW290614c
4179,2089,catO5_2089.fits,2029-06-14 20:13:31.832345,GW290614d
2127,1063,catO5_1063.fits,2029-06-14 23:44:16.836797,GW290614e
1572,786,catO5_786.fits,2029-06-16 02:17:38.254514,GW290616a
3407,1703,catO5_1703.fits,2029-06-16 09:59:09.849452,GW290616b
170,85,catO5_85.fits,2029-06-17 01:26:26.528836,GW290617a
3013,1506,catO5_1506.fits,2029-06-17 11:17:22.257263,GW290617b
493,246,catO5_246.fits,2029-06-17 19:41:39.834746,GW290617c
2722,1361,catO5_1361.fits,2029-06-17 22:50:30.277960,GW290617d
823,411,catO5_411.fits,2029-06-20 09:41:10.372794,GW290620a
3771,1885,catO5_1885.fits,2029-06-20 12:38:09.294433,GW290620b
211,105,catO5_105.fits,2029-06-21 05:50:27.654675,GW290621a
1209,604,catO5_604.fits,2029-06-22 04:33:09.270276,GW290622a
2125,1062,catO5_1062.fits,2029-06-23 03:16:33.586306,GW290623a
726,363,catO5_363.fits,2029-06-23 15:07:53.968194,GW290623b
4385,2192,catO5_2192.fits,2029-06-24 01:43:23.016669,GW290624a
513,256,catO5_256.fits,2029-06-25 05:39:41.109257,GW290625a
1015,507,catO5_507.fits,2029-06-25 21:36:32.259953,GW290625b
2059,1029,catO5_1029.fits,2029-06-26 11:19:06.303312,GW290626a
3621,1810,catO5_1810.fits,2029-06-26 17:22:42.575725,GW290626b
3690,1845,catO5_1845.fits,2029-06-26 20:31:26.743596,GW290626c
1728,864,catO5_864.fits,2029-06-27 05:44:43.836552,GW290627a
2153,1076,catO5_1076.fits,2029-06-27 07:49:49.225919,GW290627b
2123,1061,catO5_1061.fits,2029-06-29 17:22:33.763116,GW290629a
4593,2296,catO5_2296.fits,2029-06-30 08:57:19.786741,GW290630a
3234,1617,catO5_1617.fits,2029-07-02 02:30:50.916067,GW290702a
1980,990,catO5_990.fits,2029-07-03 04:34:39.967107,GW290703a
2759,1379,catO5_1379.fits,2029-07-03 10:20:47.502316,GW290703b
2313,1156,catO5_1156.fits,2029-07-04 11:30:15.025976,GW290704a
2979,1489,catO5_1489.fits,2029-07-05 04:10:05.262450,GW290705a
2249,1124,catO5_1124.fits,2029-07-07 02:34:54.903586,GW290707a
1270,635,catO5_635.fits,2029-07-08 09:23:43.809752,GW290708a
4433,2216,catO5_2216.fits,2029-07-08 11:58:37.864513,GW290708b
3185,1592,catO5_1592.fits,2029-07-10 02:37:18.038600,GW290710a
4045,2022,catO5_2022.fits,2029-07-11 03:21:57.664421,GW290711a
2522,1261,catO5_1261.fits,2029-07-11 04:48:22.012993,GW290711b
1060,530,catO5_530.fits,2029-07-11 22:52:10.644381,GW290711c
3307,1653,catO5_1653.fits,2029-07-12 10:27:57.164313,GW290712a
2642,1321,catO5_1321.fits,2029-07-12 20:18:18.324718,GW290712b
3633,1816,catO5_1816.fits,2029-07-13 06:42:08.797617,GW290713a
2521,1260,catO5_1260.fits,2029-07-14 02:49:04.752634,GW290714a
3250,1625,catO5_1625.fits,2029-07-14 12:11:42.109872,GW290714b
2517,1258,catO5_1258.fits,2029-07-14 12:33:08.575001,GW290714c
1319,659,catO5_659.fits,2029-07-15 22:37:49.110274,GW290715a
630,315,catO5_315.fits,2029-07-16 09:18:28.983772,GW290716a
809,404,catO5_404.fits,2029-07-17 08:06:30.955276,GW290717a
176,88,catO5_88.fits,2029-07-18 16:41:36.636519,GW290718a
4156,2078,catO5_2078.fits,2029-07-18 17:59:04.792579,GW290718b
2296,1148,catO5_1148.fits,2029-07-19 04:14:35.487507,GW290719a
2859,1429,catO5_1429.fits,2029-07-20 18:48:14.633162,GW290720a
1371,685,catO5_685.fits,2029-07-22 03:45:56.086170,GW290722a
2226,1113,catO5_1113.fits,2029-07-23 13:03:50.956394,GW290723a
305,152,catO5_152.fits,2029-07-24 12:44:20.772243,GW290724a
3709,1854,catO5_1854.fits,2029-07-24 14:19:47.200293,GW290724b
4293,2146,catO5_2146.fits,2029-07-24 21:40:29.867692,GW290724c
1437,718,catO5_718.fits,2029-07-25 20:47:53.865352,GW290725a
2705,1352,catO5_1352.fits,2029-07-25 22:07:47.282012,GW290725b
1334,667,catO5_667.fits,2029-07-26 00:18:41.026164,GW290726a
4025,2012,catO5_2012.fits,2029-07-28 00:44:17.379099,GW290728a
4438,2219,catO5_2219.fits,2029-07-28 07:35:55.504065,GW290728b
1373,686,catO5_686.fits,2029-07-28 07:58:27.735157,GW290728c
3579,1789,catO5_1789.fits,2029-07-28 08:12:36.147821,GW290728d
4254,2127,catO5_2127.fits,2029-07-28 16:46:01.966730,GW290728e
1604,802,catO5_802.fits,2029-07-28 20:17:02.036604,GW290728f
2879,1439,catO5_1439.fits,2029-07-29 18:15:55.797253,GW290729a
3728,1864,catO5_1864.fits,2029-07-30 13:00:01.733411,GW290730a
481,240,catO5_240.fits,2029-08-01 13:51:59.824829,GW290801a
1767,883,catO5_883.fits,2029-08-02 02:09:56.990238,GW290802a
4321,2160,catO5_2160.fits,2029-08-02 13:30:39.585515,GW290802b
3523,1761,catO5_1761.fits,2029-08-02 23:11:23.400391,GW290802c
484,242,catO5_242.fits,2029-08-03 00:01:27.679440,GW290803a
3184,1592,catO5_1592.fits,2029-08-03 08:10:03.458097,GW290803b
1575,787,catO5_787.fits,2029-08-04 09:43:00.267056,GW290804a
1268,634,catO5_634.fits,2029-08-04 19:10:12.436455,GW290804b
1671,835,catO5_835.fits,2029-08-05 09:13:01.909081,GW290805a
4200,2100,catO5_2100.fits,2029-08-05 16:28:47.422222,GW290805b
1554,777,catO5_777.fits,2029-08-06 10:23:42.500782,GW290806a
2367,1183,catO5_1183.fits,2029-08-06 12:03:42.835361,GW290806b
4428,2214,catO5_2214.fits,2029-08-06 12:26:18.292565,GW290806c
122,61,catO5_61.fits,2029-08-07 00:17:12.358745,GW290807a
4292,2146,catO5_2146.fits,2029-08-07 03:35:05.163376,GW290807b
786,393,catO5_393.fits,2029-08-07 07:56:13.285652,GW290807c
1022,511,catO5_511.fits,2029-08-07 11:49:01.366463,GW290807d
1766,883,catO5_883.fits,2029-08-07 16:51:57.507627,GW290807e
3537,1768,catO5_1768.fits,2029-08-08 13:56:04.212425,GW290808a
1589,794,catO5_794.fits,2029-08-08 19:06:13.910126,GW290808b
1569,784,catO5_784.fits,2029-08-09 08:25:10.107330,GW290809a
4310,2155,catO5_2155.fits,2029-08-10 10:22:56.365640,GW290810a
2924,1462,catO5_1462.fits,2029-08-11 19:00:11.025019,GW290811a
837,418,catO5_418.fits,2029-08-12 06:04:33.695996,GW290812a
75,37,catO5_37.fits,2029-08-12 09:21:41.489734,GW290812b
3972,1986,catO5_1986.fits,2029-08-12 09:39:55.654968,GW290812c
2740,1370,catO5_1370.fits,2029-08-12 13:31:15.318361,GW290812d
3426,1713,catO5_1713.fits,2029-08-12 20:36:21.750222,GW290812e
3431,1715,catO5_1715.fits,2029-08-13 02:54:48.746822,GW290813a
1161,580,catO5_580.fits,2029-08-13 10:17:59.353074,GW290813b
21,10,catO5_10.fits,2029-08-13 22:36:00.493919,GW290813c
696,348,catO5_348.fits,2029-08-14 17:56:14.902146,GW290814a
3800,1900,catO5_1900.fits,2029-08-14 23:29:34.572531,GW290814b
4540,2270,catO5_2270.fits,2029-08-16 06:53:32.350178,GW290816a
3850,1925,catO5_1925.fits,2029-08-17 08:51:18.446834,GW290817a
1018,509,catO5_509.fits,2029-08-18 19:59:20.097337,GW290818a
4178,2089,catO5_2089.fits,2029-08-18 21:35:06.680782,GW290818b
2411,1205,catO5_1205.fits,2029-08-19 01:13:34.381929,GW290819a
479,239,catO5_239.fits,2029-08-19 09:04:02.085766,GW290819b
1901,950,catO5_950.fits,2029-08-19 10:10:52.455122,GW290819c
1070,535,catO5_535.fits,2029-08-21 06:36:20.943559,GW290821a
705,352,catO5_352.fits,2029-08-21 11:36:45.891256,GW290821b
3528,1764,catO5_1764.fits,2029-08-21 22:00:49.888859,GW290821c
616,308,catO5_308.fits,2029-08-22 00:05:30.582686,GW290822a
1779,889,catO5_889.fits,2029-08-22 06:35:36.038678,GW290822b
2922,1461,catO5_1461.fits,2029-08-23 00:44:12.733865,GW290823a
4005,2002,catO5_2002.fits,2029-08-23 16:26:46.602307,GW290823b
322,161,catO5_161.fits,2029-08-24 02:29:03.690686,GW290824a
2093,1046,catO5_1046.fits,2029-08-25 02:08:34.336896,GW290825a
880,440,catO5_440.fits,2029-08-26 07:33:48.734492,GW290826a
4142,2071,catO5_2071.fits,2029-08-26 15:14:45.215092,GW290826b
2822,1411,catO5_1411.fits,2029-08-27 01:32:41.761172,GW290827a
2654,1327,catO5_1327.fits,2029-08-27 07:06:20.439999,GW290827b
2853,1426,catO5_1426.fits,2029-08-27 17:54:47.655898,GW290827c
3915,1957,catO5_1957.fits,2029-08-27 22:25:27.904170,GW290827d
1189,594,catO5_594.fits,2029-08-28 16:00:31.694663,GW290828a
3600,1800,catO5_1800.fits,2029-08-29 00:31:58.288509,GW290829a
3447,1723,catO5_1723.fits,2029-08-29 09:48:01.679084,GW290829b
3054,1527,catO5_1527.fits,2029-08-30 22:53:34.307367,GW290830a
4429,2214,catO5_2214.fits,2029-09-01 06:01:09.506069,GW290901a
1621,810,catO5_810.fits,2029-09-02 18:25:01.774182,GW290902a
3057,1528,catO5_1528.fits,2029-09-02 20:24:25.972815,GW290902b
2767,1383,catO5_1383.fits,2029-09-04 00:41:24.771989,GW290904a
3216,1608,catO5_1608.fits,2029-09-04 03:24:42.578835,GW290904b
2710,1355,catO5_1355.fits,2029-09-04 04:33:20.838045,GW290904c
58,29,catO5_29.fits,2029-09-04 12:11:44.520138,GW290904d
1408,704,catO5_704.fits,2029-09-04 21:57:30.719924,GW290904e
398,199,catO5_199.fits,2029-09-05 19:56:16.583961,GW290905a
3786,1893,catO5_1893.fits,2029-09-06 16:32:32.024232,GW290906a
3298,1649,catO5_1649.fits,2029-09-06 18:08:56.270992,GW290906b
1577,788,catO5_788.fits,2029-09-07 00:34:40.628501,GW290907a
916,458,catO5_458.fits,2029-09-08 03:55:17.453742,GW290908a
1996,998,catO5_998.fits,2029-09-08 12:46:39.534684,GW290908b
383,191,catO5_191.fits,2029-09-09 19:56:20.689088,GW290909a
2515,1257,catO5_1257.fits,2029-09-10 04:12:35.083025,GW290910a
4195,2097,catO5_2097.fits,2029-09-10 06:59:28.328721,GW290910b
1560,780,catO5_780.fits,2029-09-10 15:02:25.778701,GW290910c
4363,2181,catO5_2181.fits,2029-09-11 11:39:42.836872,GW290911a
3204,1602,catO5_1602.fits,2029-09-11 18:02:54.848757,GW290911b
3549,1774,catO5_1774.fits,2029-09-13 06:15:18.519302,GW290913a
245,122,catO5_122.fits,2029-09-14 09:18:47.298496,GW290914a
3719,1859,catO5_1859.fits,2029-09-14 10:10:02.718079,GW290914b
130,65,catO5_65.fits,2029-09-14 17:46:45.253728,GW290914c
3418,1709,catO5_1709.fits,2029-09-15 00:51:03.524265,GW290915a
3387,1693,catO5_1693.fits,2029-09-15 20:16:49.752205,GW290915b
165,82,catO5_82.fits,2029-09-16 07:37:28.522152,GW290916a
3945,1972,catO5_1972.fits,2029-09-16 08:41:19.189873,GW290916b
1695,847,catO5_847.fits,2029-09-16 11:09:59.484508,GW290916c
78,39,catO5_39.fits,2029-09-16 15:06:13.938994,GW290916d
321,160,catO5_160.fits,2029-09-17 11:39:07.084955,GW290917a
3180,1590,catO5_1590.fits,2029-09-17 18:27:18.706767,GW290917b
1804,902,catO5_902.fits,2029-09-17 19:42:50.760219,GW290917c
4036,2018,catO5_2018.fits,2029-09-17 21:10:56.220470,GW290917d
297,148,catO5_148.fits,2029-09-18 12:20:04.852454,GW290918a
2872,1436,catO5_1436.fits,2029-09-18 20:22:18.537641,GW290918b
428,214,catO5_214.fits,2029-09-18 22:17:59.345730,GW290918c
807,403,catO5_403.fits,2029-09-19 00:22:55.076519,GW290919a
994,497,catO5_497.fits,2029-09-19 16:30:51.300798,GW290919b
2549,1274,catO5_1274.fits,2029-09-22 19:37:43.398141,GW290922a
1525,762,catO5_762.fits,2029-09-23 07:46:44.386044,GW290923a
4288,2144,catO5_2144.fits,2029-09-23 13:27:21.821422,GW290923b
1429,714,catO5_714.fits,2029-09-24 18:17:23.651666,GW290924a
963,481,catO5_481.fits,2029-09-26 00:27:42.347306,GW290926a
2932,1466,catO5_1466.fits,2029-09-26 13:56:58.688243,GW290926b
1440,720,catO5_720.fits,2029-09-28 02:18:56.177541,GW290928a
1380,690,catO5_690.fits,2029-09-29 03:03:54.251343,GW290929a
2806,1403,catO5_1403.fits,2029-09-30 15:13:41.928207,GW290930a
1676,838,catO5_838.fits,2029-10-01 08:00:36.808421,GW291001a
960,480,catO5_480.fits,2029-10-01 18:03:43.922185,GW291001b
911,455,catO5_455.fits,2029-10-02 14:25:37.680597,GW291002a
4362,2181,catO5_2181.fits,2029-10-02 17:34:09.374197,GW291002b
2783,1391,catO5_1391.fits,2029-10-03 04:26:34.482639,GW291003a
1566,783,catO5_783.fits,2029-10-04 21:47:07.976655,GW291004a
2877,1438,catO5_1438.fits,2029-10-05 12:57:51.864135,GW291005a
4287,2143,catO5_2143.fits,2029-10-06 05:31:27.395812,GW291006a
3044,1522,catO5_1522.fits,2029-10-06 07:01:32.874089,GW291006b
4443,2221,catO5_2221.fits,2029-10-06 13:34:19.543942,GW291006c
4230,2115,catO5_2115.fits,2029-10-07 14:48:33.118495,GW291007a
1607,803,catO5_803.fits,2029-10-07 18:17:03.627383,GW291007b
2518,1259,catO5_1259.fits,2029-10-08 04:28:34.333303,GW291008a
815,407,catO5_407.fits,2029-10-10 07:19:04.036784,GW291010a
2404,1202,catO5_1202.fits,2029-10-10 09:26:34.806796,GW291010b
2412,1206,catO5_1206.fits,2029-10-10 09:45:45.732285,GW291010c
2543,1271,catO5_1271.fits,2029-10-10 21:52:11.193339,GW291010d
822,411,catO5_411.fits,2029-10-11 09:46:21.900363,GW291011a
450,225,catO5_225.fits,2029-10-11 13:10:05.465025,GW291011b
2025,1012,catO5_1012.fits,2029-10-12 01:38:31.690091,GW291012a
3483,1741,catO5_1741.fits,2029-10-12 03:27:45.317362,GW291012b
2837,1418,catO5_1418.fits,2029-10-12 20:24:45.501688,GW291012c
3568,1784,catO5_1784.fits,2029-10-12 21:43:43.980259,GW291012d
3148,1574,catO5_1574.fits,2029-10-13 06:58:43.403361,GW291013a
1461,730,catO5_730.fits,2029-10-14 08:51:41.961590,GW291014a
4503,2251,catO5_2251.fits,2029-10-15 22:03:41.506480,GW291015a
1918,959,catO5_959.fits,2029-10-16 11:04:14.094536,GW291016a
4035,2017,catO5_2017.fits,2029-10-17 17:23:10.991536,GW291017a
4527,2263,catO5_2263.fits,2029-10-19 03:02:24.324951,GW291019a
657,328,catO5_328.fits,2029-10-19 13:15:12.230357,GW291019b
2901,1450,catO5_1450.fits,2029-10-20 07:26:30.020087,GW291020a
3733,1866,catO5_1866.fits,2029-10-22 18:50:08.824522,GW291022a
794,397,catO5_397.fits,2029-10-23 02:27:35.454182,GW291023a
3905,1952,catO5_1952.fits,2029-10-23 03:42:18.488858,GW291023b
3615,1807,catO5_1807.fits,2029-10-23 22:14:59.819268,GW291023c
449,224,catO5_224.fits,2029-10-24 05:34:11.301661,GW291024a
2116,1058,catO5_1058.fits,2029-10-25 11:09:39.420032,GW291025a
2582,1291,catO5_1291.fits,2029-10-25 13:27:08.821803,GW291025b
82,41,catO5_41.fits,2029-10-26 06:06:11.407033,GW291026a
3879,1939,catO5_1939.fits,2029-10-28 13:03:04.255405,GW291028a
940,470,catO5_470.fits,2029-10-31 13:44:46.943165,GW291031a
1623,811,catO5_811.fits,2029-10-31 17:35:24.007009,GW291031b
1499,749,catO5_749.fits,2029-10-31 19:24:31.363793,GW291031c
2216,1108,catO5_1108.fits,2029-11-02 04:14:20.122738,GW291102a
3421,1710,catO5_1710.fits,2029-11-02 13:38:18.300130,GW291102b
2163,1081,catO5_1081.fits,2029-11-02 14:17:38.742343,GW291102c
1907,953,catO5_953.fits,2029-11-02 22:22:16.214898,GW291102d
3521,1760,catO5_1760.fits,2029-11-03 22:58:31.699776,GW291103a
644,322,catO5_322.fits,2029-11-04 03:29:57.386304,GW291104a
2852,1426,catO5_1426.fits,2029-11-04 12:45:33.502090,GW291104b
965,482,catO5_482.fits,2029-11-05 08:10:13.230180,GW291105a
846,423,catO5_423.fits,2029-11-06 07:28:26.188234,GW291106a
3173,1586,catO5_1586.fits,2029-11-06 14:39:20.482850,GW291106b
1476,738,catO5_738.fits,2029-11-07 02:00:56.220899,GW291107a
3971,1985,catO5_1985.fits,2029-11-07 05:09:46.672238,GW291107b
3120,1560,catO5_1560.fits,2029-11-07 12:46:47.929407,GW291107c
116,58,catO5_58.fits,2029-11-07 19:08:22.196799,GW291107d
1643,821,catO5_821.fits,2029-11-07 21:13:39.231353,GW291107e
430,215,catO5_215.fits,2029-11-09 00:45:52.484541,GW291109a
2097,1048,catO5_1048.fits,2029-11-10 07:26:32.222011,GW291110a
2667,1333,catO5_1333.fits,2029-11-10 08:19:57.634936,GW291110b
1926,963,catO5_963.fits,2029-11-10 13:28:59.311481,GW291110c
1299,649,catO5_649.fits,2029-11-11 09:56:03.846352,GW291111a
4165,2082,catO5_2082.fits,2029-11-11 13:04:52.198275,GW291111b
3158,1579,catO5_1579.fits,2029-11-12 13:40:31.705106,GW291112a
408,204,catO5_204.fits,2029-11-13 08:03:16.519491,GW291113a
3179,1589,catO5_1589.fits,2029-11-13 09:04:43.750564,GW291113b
3240,1620,catO5_1620.fits,2029-11-13 21:03:37.457385,GW291113c
3156,1578,catO5_1578.fits,2029-11-13 22:04:47.454446,GW291113d
1260,630,catO5_630.fits,2029-11-14 11:58:36.310814,GW291114a
1880,940,catO5_940.fits,2029-11-15 05:55:55.715822,GW291115a
2241,1120,catO5_1120.fits,2029-11-16 10:44:31.555741,GW291116a
2232,1116,catO5_1116.fits,2029-11-16 15:54:45.932003,GW291116b
345,172,catO5_172.fits,2029-11-17 19:56:40.790963,GW291117a
3894,1947,catO5_1947.fits,2029-11-19 17:17:23.879472,GW291119a
1890,945,catO5_945.fits,2029-11-19 21:39:35.831985,GW291119b
2975,1487,catO5_1487.fits,2029-11-20 15:55:49.861472,GW291120a
2325,1162,catO5_1162.fits,2029-11-21 00:14:25.422561,GW291121a
2266,1133,catO5_1133.fits,2029-11-21 00:30:23.170264,GW291121b
2865,1432,catO5_1432.fits,2029-11-21 06:48:49.206454,GW291121c
3932,1966,catO5_1966.fits,2029-11-23 11:10:48.477524,GW291123a
2679,1339,catO5_1339.fits,2029-11-23 14:32:45.249515,GW291123b
3196,1598,catO5_1598.fits,2029-11-23 20:06:12.947731,GW291123c
932,466,catO5_466.fits,2029-11-24 11:16:25.596422,GW291124a
1639,819,catO5_819.fits,2029-11-24 13:00:49.335369,GW291124b
3465,1732,catO5_1732.fits,2029-11-24 17:05:39.468021,GW291124c
20,10,catO5_10.fits,2029-11-24 21:12:01.824295,GW291124d
3739,1869,catO5_1869.fits,2029-11-25 01:37:25.774791,GW291125a
1045,522,catO5_522.fits,2029-11-25 02:07:36.974996,GW291125b
2808,1404,catO5_1404.fits,2029-11-25 02:39:29.880892,GW291125c
3823,1911,catO5_1911.fits,2029-11-25 19:09:50.308394,GW291125d
4479,2239,catO5_2239.fits,2029-11-26 16:41:30.765903,GW291126a
2466,1233,catO5_1233.fits,2029-11-26 19:16:17.630876,GW291126b
4324,2162,catO5_2162.fits,2029-11-27 02:48:30.424565,GW291127a
2229,1114,catO5_1114.fits,2029-11-28 02:39:48.553153,GW291128a
4196,2098,catO5_2098.fits,2029-11-28 07:41:38.723833,GW291128b
4228,2114,catO5_2114.fits,2029-11-28 10:46:44.124954,GW291128c
1789,894,catO5_894.fits,2029-11-28 13:36:46.643673,GW291128d
3411,1705,catO5_1705.fits,2029-11-28 20:13:16.167966,GW291128e
3637,1818,catO5_1818.fits,2029-11-28 23:55:15.199729,GW291128f
2499,1249,catO5_1249.fits,2029-11-29 10:51:29.413861,GW291129a
325,162,catO5_162.fits,2029-11-29 17:02:22.932622,GW291129b
2870,1435,catO5_1435.fits,2029-11-30 09:57:52.602254,GW291130a
2433,1216,catO5_1216.fits,2029-11-30 16:45:23.202681,GW291130b
1541,770,catO5_770.fits,2029-11-30 18:12:22.536410,GW291130c
1738,869,catO5_869.fits,2029-11-30 23:45:25.070440,GW291130d
842,421,catO5_421.fits,2029-12-01 12:52:18.650306,GW291201a
3052,1526,catO5_1526.fits,2029-12-02 00:46:24.604461,GW291202a
2957,1478,catO5_1478.fits,2029-12-03 02:46:35.306131,GW291203a
1583,791,catO5_791.fits,2029-12-03 05:50:47.514291,GW291203b
3735,1867,catO5_1867.fits,2029-12-03 12:45:47.978640,GW291203c
2989,1494,catO5_1494.fits,2029-12-03 18:14:40.430299,GW291203d
3991,1995,catO5_1995.fits,2029-12-03 19:33:41.055020,GW291203e
3778,1889,catO5_1889.fits,2029-12-04 17:51:37.446020,GW291204a
3427,1713,catO5_1713.fits,2029-12-05 04:48:05.500974,GW291205a
1741,870,catO5_870.fits,2029-12-05 23:34:24.188857,GW291205b
2185,1092,catO5_1092.fits,2029-12-07 00:30:08.698480,GW291207a
1989,994,catO5_994.fits,2029-12-07 13:52:10.345855,GW291207b
1415,707,catO5_707.fits,2029-12-07 13:59:46.610696,GW291207c
2396,1198,catO5_1198.fits,2029-12-08 14:33:13.806878,GW291208a
3292,1646,catO5_1646.fits,2029-12-08 23:44:19.503497,GW291208b
2312,1156,catO5_1156.fits,2029-12-09 18:15:23.862032,GW291209a
3745,1872,catO5_1872.fits,2029-12-10 20:46:59.792079,GW291210a
2247,1123,catO5_1123.fits,2029-12-11 19:58:22.348098,GW291211a
3329,1664,catO5_1664.fits,2029-12-12 02:30:59.800671,GW291212a
3642,1821,catO5_1821.fits,2029-12-12 18:33:13.930914,GW291212b
845,422,catO5_422.fits,2029-12-12 20:17:30.794168,GW291212c
1472,736,catO5_736.fits,2029-12-12 20:22:09.018624,GW291212d
1634,817,catO5_817.fits,2029-12-14 12:04:53.208258,GW291214a
1915,957,catO5_957.fits,2029-12-15 05:20:36.724576,GW291215a
2303,1151,catO5_1151.fits,2029-12-15 19:05:03.275883,GW291215b
3210,1605,catO5_1605.fits,2029-12-16 01:42:50.439454,GW291216a
1618,809,catO5_809.fits,2029-12-16 23:01:00.894213,GW291216b
2904,1452,catO5_1452.fits,2029-12-17 07:11:53.931539,GW291217a
1689,844,catO5_844.fits,2029-12-18 00:35:22.929367,GW291218a
3024,1512,catO5_1512.fits,2029-12-18 02:56:34.774691,GW291218b
338,169,catO5_169.fits,2029-12-18 19:25:10.771220,GW291218c
3711,1855,catO5_1855.fits,2029-12-20 02:54:23.747651,GW291220a
3927,1963,catO5_1963.fits,2029-12-20 05:25:15.270914,GW291220b
791,395,catO5_395.fits,2029-12-20 08:44:41.351433,GW291220c
2481,1240,catO5_1240.fits,2029-12-20 11:23:18.868446,GW291220d
952,476,catO5_476.fits,2029-12-21 09:03:28.231904,GW291221a
3721,1860,catO5_1860.fits,2029-12-22 05:55:04.333134,GW291222a
2438,1219,catO5_1219.fits,2029-12-22 09:16:42.237771,GW291222b
77,38,catO5_38.fits,2029-12-23 02:29:12.868945,GW291223a
1666,833,catO5_833.fits,2029-12-24 06:51:09.578881,GW291224a
3861,1930,catO5_1930.fits,2029-12-24 13:06:33.280640,GW291224b
3439,1719,catO5_1719.fits,2029-12-24 18:17:46.775430,GW291224c
1439,719,catO5_719.fits,2029-12-24 21:04:41.504751,GW291224d
907,453,catO5_453.fits,2029-12-26 00:28:20.414487,GW291226a
2218,1109,catO5_1109.fits,2029-12-27 08:05:35.568793,GW291227a
4484,2242,catO5_2242.fits,2029-12-27 12:37:46.653513,GW291227b
3442,1721,catO5_1721.fits,2029-12-28 02:09:00.162135,GW291228a
4028,2014,catO5_2014.fits,2029-12-28 08:43:13.250762,GW291228b
1239,619,catO5_619.fits,2029-12-29 05:38:10.370261,GW291229a
397,198,catO5_198.fits,2029-12-29 12:49:49.472938,GW291229b
2141,1070,catO5_1070.fits,2029-12-29 13:40:54.308487,GW291229c
2276,1138,catO5_1138.fits,2029-12-30 08:14:07.283264,GW291230a
3665,1832,catO5_1832.fits,2030-01-01 05:43:18.512167,GW300101a
2601,1300,catO5_1300.fits,2030-01-01 10:40:20.817802,GW300101b
817,408,catO5_408.fits,2030-01-01 22:49:55.410968,GW300101c
491,245,catO5_245.fits,2030-01-02 02:42:11.010947,GW300102a
3009,1504,catO5_1504.fits,2030-01-03 01:17:37.596408,GW300103a
3001,1500,catO5_1500.fits,2030-01-03 02:17:27.116541,GW300103b
490,245,catO5_245.fits,2030-01-04 05:34:57.965021,GW300104a
2619,1309,catO5_1309.fits,2030-01-05 09:13:02.568272,GW300105a
3306,1653,catO5_1653.fits,2030-01-05 14:34:57.612410,GW300105b
810,405,catO5_405.fits,2030-01-06 03:13:24.627488,GW300106a
3965,1982,catO5_1982.fits,2030-01-06 04:15:33.049425,GW300106b
3367,1683,catO5_1683.fits,2030-01-06 05:29:39.111600,GW300106c
2820,1410,catO5_1410.fits,2030-01-06 08:46:11.635045,GW300106d
1214,607,catO5_607.fits,2030-01-06 15:08:42.262436,GW300106e
3702,1851,catO5_1851.fits,2030-01-06 15:44:44.584731,GW300106f
1062,531,catO5_531.fits,2030-01-06 23:43:04.138050,GW300106g
144,72,catO5_72.fits,2030-01-07 09:22:34.472281,GW300107a
2350,1175,catO5_1175.fits,2030-01-07 11:53:39.253945,GW300107b
154,77,catO5_77.fits,2030-01-07 13:34:27.321929,GW300107c
2627,1313,catO5_1313.fits,2030-01-08 01:09:30.523246,GW300108a
1314,657,catO5_657.fits,2030-01-08 17:01:43.409625,GW300108b
1505,752,catO5_752.fits,2030-01-08 19:39:59.142983,GW300108c
4268,2134,catO5_2134.fits,2030-01-09 03:20:57.864253,GW300109a
2827,1413,catO5_1413.fits,2030-01-10 21:59:26.302423,GW300110a
564,282,catO5_282.fits,2030-01-11 00:25:28.841408,GW300111a
1940,970,catO5_970.fits,2030-01-11 21:54:48.777807,GW300111b
2573,1286,catO5_1286.fits,2030-01-12 01:50:53.560079,GW300112a
3746,1873,catO5_1873.fits,2030-01-12 16:13:04.946986,GW300112b
1097,548,catO5_548.fits,2030-01-14 02:34:52.401431,GW300114a
2029,1014,catO5_1014.fits,2030-01-14 10:12:03.558920,GW300114b
2565,1282,catO5_1282.fits,2030-01-15 17:07:41.123832,GW300115a
2365,1182,catO5_1182.fits,2030-01-16 06:26:56.668467,GW300116a
2192,1096,catO5_1096.fits,2030-01-16 16:32:26.426224,GW300116b
1109,554,catO5_554.fits,2030-01-16 19:02:27.769169,GW300116c
3588,1794,catO5_1794.fits,2030-01-17 17:59:11.552625,GW300117a
335,167,catO5_167.fits,2030-01-17 22:37:43.363508,GW300117b
2794,1397,catO5_1397.fits,2030-01-18 12:39:56.696080,GW300118a
1368,684,catO5_684.fits,2030-01-18 18:28:52.436011,GW300118b
3569,1784,catO5_1784.fits,2030-01-19 08:04:37.438660,GW300119a
1981,990,catO5_990.fits,2030-01-19 16:48:33.595892,GW300119b
2960,1480,catO5_1480.fits,2030-01-20 11:55:13.252954,GW300120a
1438,719,catO5_719.fits,2030-01-21 00:22:08.348222,GW300121a
1528,764,catO5_764.fits,2030-01-21 06:49:07.738149,GW300121b
2088,1044,catO5_1044.fits,2030-01-21 14:44:05.718043,GW300121c
2773,1386,catO5_1386.fits,2030-01-22 04:04:15.502000,GW300122a
987,493,catO5_493.fits,2030-01-22 05:12:48.568013,GW300122b
816,408,catO5_408.fits,2030-01-22 11:39:27.462918,GW300122c
3516,1758,catO5_1758.fits,2030-01-23 03:39:07.843982,GW300123a
4261,2130,catO5_2130.fits,2030-01-23 07:20:40.884524,GW300123b
3440,1720,catO5_1720.fits,2030-01-23 15:05:11.808647,GW300123c
3872,1936,catO5_1936.fits,2030-01-24 02:28:27.274136,GW300124a
238,119,catO5_119.fits,2030-01-25 01:32:36.752316,GW300125a
3663,1831,catO5_1831.fits,2030-01-25 09:50:45.439561,GW300125b
3488,1744,catO5_1744.fits,2030-01-25 14:49:38.651131,GW300125c
3815,1907,catO5_1907.fits,2030-01-25 20:07:08.586329,GW300125d
3547,1773,catO5_1773.fits,2030-01-26 19:14:05.879354,GW300126a
4584,2292,catO5_2292.fits,2030-01-27 02:26:42.684852,GW300127a
2297,1148,catO5_1148.fits,2030-01-27 15:11:15.484588,GW300127b
982,491,catO5_491.fits,2030-01-28 06:34:06.604009,GW300128a
3246,1623,catO5_1623.fits,2030-01-28 12:45:47.878118,GW300128b
4216,2108,catO5_2108.fits,2030-01-28 21:36:25.778758,GW300128c
2447,1223,catO5_1223.fits,2030-01-29 04:20:17.784484,GW300129a
1925,962,catO5_962.fits,2030-01-29 04:30:39.686355,GW300129b
1262,631,catO5_631.fits,2030-02-01 03:27:22.013817,GW300201a
2907,1453,catO5_1453.fits,2030-02-02 06:38:47.898213,GW300202a
2441,1220,catO5_1220.fits,2030-02-03 03:27:09.508384,GW300203a
4291,2145,catO5_2145.fits,2030-02-03 15:30:35.319224,GW300203b
4481,2240,catO5_2240.fits,2030-02-03 16:31:20.344690,GW300203c
3763,1881,catO5_1881.fits,2030-02-03 21:45:50.318354,GW300203d
359,179,catO5_179.fits,2030-02-04 22:29:38.329474,GW300204a
3531,1765,catO5_1765.fits,2030-02-05 03:33:12.584897,GW300205a
3315,1657,catO5_1657.fits,2030-02-05 14:32:20.030376,GW300205b
6,3,catO5_3.fits,2030-02-05 20:19:41.490806,GW300205c
1032,516,catO5_516.fits,2030-02-06 09:06:16.951257,GW300206a
637,318,catO5_318.fits,2030-02-06 15:05:20.492808,GW300206b
4080,2040,catO5_2040.fits,2030-02-07 13:52:08.338071,GW300207a
3390,1695,catO5_1695.fits,2030-02-08 19:47:56.370895,GW300208a
2999,1499,catO5_1499.fits,2030-02-08 22:59:09.436287,GW300208b
1679,839,catO5_839.fits,2030-02-09 09:22:12.444476,GW300209a
1163,581,catO5_581.fits,2030-02-09 19:19:04.829897,GW300209b
2532,1266,catO5_1266.fits,2030-02-09 22:08:34.678781,GW300209c
2128,1064,catO5_1064.fits,2030-02-10 04:19:50.847404,GW300210a
1223,611,catO5_611.fits,2030-02-10 08:59:19.058046,GW300210b
841,420,catO5_420.fits,2030-02-12 07:37:27.675333,GW300212a
2328,1164,catO5_1164.fits,2030-02-12 14:26:38.819977,GW300212b
826,413,catO5_413.fits,2030-02-13 05:55:13.238069,GW300213a
4107,2053,catO5_2053.fits,2030-02-13 06:19:01.954033,GW300213b
2406,1203,catO5_1203.fits,2030-02-13 08:43:26.030690,GW300213c
89,44,catO5_44.fits,2030-02-13 10:42:24.063892,GW300213d
1142,571,catO5_571.fits,2030-02-13 14:57:59.328751,GW300213e
234,117,catO5_117.fits,2030-02-13 20:01:17.020612,GW300213f
3233,1616,catO5_1616.fits,2030-02-13 23:17:00.053764,GW300213g
1026,513,catO5_513.fits,2030-02-14 14:09:49.366503,GW300214a
1080,540,catO5_540.fits,2030-02-14 15:38:48.607597,GW300214b
1411,705,catO5_705.fits,2030-02-14 16:03:23.876417,GW300214c
2502,1251,catO5_1251.fits,2030-02-14 20:08:06.099246,GW300214d
278,139,catO5_139.fits,2030-02-14 21:45:00.141800,GW300214e
1657,828,catO5_828.fits,2030-02-15 20:56:00.075348,GW300215a
3519,1759,catO5_1759.fits,2030-02-16 03:46:16.315003,GW300216a
4422,2211,catO5_2211.fits,2030-02-16 08:16:53.848517,GW300216b
3777,1888,catO5_1888.fits,2030-02-17 14:03:52.990745,GW300217a
1674,837,catO5_837.fits,2030-02-19 01:12:58.585595,GW300219a
143,71,catO5_71.fits,2030-02-19 10:06:48.346988,GW300219b
2584,1292,catO5_1292.fits,2030-02-20 03:49:19.682397,GW300220a
113,56,catO5_56.fits,2030-02-20 05:57:14.825684,GW300220b
3248,1624,catO5_1624.fits,2030-02-21 11:01:58.452570,GW300221a
4449,2224,catO5_2224.fits,2030-02-22 19:15:07.945878,GW300222a
605,302,catO5_302.fits,2030-02-23 00:54:54.380631,GW300223a
1041,520,catO5_520.fits,2030-02-23 06:37:03.502375,GW300223b
1628,814,catO5_814.fits,2030-02-23 14:59:06.086462,GW300223c
2307,1153,catO5_1153.fits,2030-02-23 21:18:52.581165,GW300223d
1192,596,catO5_596.fits,2030-02-25 01:19:20.961410,GW300225a
1692,846,catO5_846.fits,2030-02-25 21:47:13.414455,GW300225b
3334,1667,catO5_1667.fits,2030-02-27 01:48:49.525547,GW300227a
4224,2112,catO5_2112.fits,2030-02-27 05:19:58.829010,GW300227b
2030,1015,catO5_1015.fits,2030-02-27 16:21:45.938678,GW300227c
1511,755,catO5_755.fits,2030-02-27 17:57:28.103848,GW300227d
4319,2159,catO5_2159.fits,2030-02-27 22:14:38.274091,GW300227e
2155,1077,catO5_1077.fits,2030-02-28 06:23:46.736778,GW300228a
2414,1207,catO5_1207.fits,2030-03-01 10:25:22.252859,GW300301a
2145,1072,catO5_1072.fits,2030-03-01 11:30:51.881886,GW300301b
2500,1250,catO5_1250.fits,2030-03-01 16:45:07.485972,GW300301c
2083,1041,catO5_1041.fits,2030-03-03 08:13:57.224471,GW300303a
3150,1575,catO5_1575.fits,2030-03-03 11:49:49.732423,GW300303b
3509,1754,catO5_1754.fits,2030-03-04 13:16:36.239892,GW300304a
4401,2200,catO5_2200.fits,2030-03-04 20:39:00.568668,GW300304b
1460,730,catO5_730.fits,2030-03-06 14:27:38.662734,GW300306a
2834,1417,catO5_1417.fits,2030-03-06 19:55:36.649161,GW300306b
2695,1347,catO5_1347.fits,2030-03-07 21:39:31.654748,GW300307a
4496,2248,catO5_2248.fits,2030-03-08 07:35:34.330594,GW300308a
1874,937,catO5_937.fits,2030-03-08 08:54:40.045962,GW300308b
443,221,catO5_221.fits,2030-03-09 00:44:21.883215,GW300309a
2397,1198,catO5_1198.fits,2030-03-11 13:10:25.438622,GW300311a
1563,781,catO5_781.fits,2030-03-11 23:34:28.888640,GW300311b
679,339,catO5_339.fits,2030-03-12 03:27:27.848720,GW300312a
2109,1054,catO5_1054.fits,2030-03-13 02:20:46.778997,GW300313a
748,374,catO5_374.fits,2030-03-13 02:35:38.996058,GW300313b
2362,1181,catO5_1181.fits,2030-03-13 09:02:12.891712,GW300313c
258,129,catO5_129.fits,2030-03-13 12:16:35.441975,GW300313d
3791,1895,catO5_1895.fits,2030-03-13 21:34:55.743221,GW300313e
4331,2165,catO5_2165.fits,2030-03-13 23:51:53.479682,GW300313f
4598,2299,catO5_2299.fits,2030-03-14 01:40:01.977487,GW300314a
123,61,catO5_61.fits,2030-03-14 06:28:15.684624,GW300314b
666,333,catO5_333.fits,2030-03-14 17:13:59.284208,GW300314c
4480,2240,catO5_2240.fits,2030-03-15 15:37:24.217886,GW300315a
4531,2265,catO5_2265.fits,2030-03-15 22:48:42.948739,GW300315b
3277,1638,catO5_1638.fits,2030-03-17 04:55:41.348996,GW300317a
3376,1688,catO5_1688.fits,2030-03-17 22:44:39.583644,GW300317b
3068,1534,catO5_1534.fits,2030-03-18 19:31:26.624547,GW300318a
840,420,catO5_420.fits,2030-03-18 21:58:35.318257,GW300318b
851,425,catO5_425.fits,2030-03-19 00:37:30.146971,GW300319a
1001,500,catO5_500.fits,2030-03-19 18:24:45.935138,GW300319b
1919,959,catO5_959.fits,2030-03-20 00:34:46.183985,GW300320a
2563,1281,catO5_1281.fits,2030-03-21 02:11:51.681657,GW300321a
2494,1247,catO5_1247.fits,2030-03-21 20:43:43.816492,GW300321b
522,261,catO5_261.fits,2030-03-22 10:13:21.655475,GW300322a
3487,1743,catO5_1743.fits,2030-03-22 13:58:20.659433,GW300322b
2747,1373,catO5_1373.fits,2030-03-23 15:04:02.013584,GW300323a
4523,2261,catO5_2261.fits,2030-03-23 21:49:53.129473,GW300323b
373,186,catO5_186.fits,2030-03-24 00:59:41.185747,GW300324a
2487,1243,catO5_1243.fits,2030-03-24 05:55:02.538677,GW300324b
3997,1998,catO5_1998.fits,2030-03-24 12:44:36.174703,GW300324c
2008,1004,catO5_1004.fits,2030-03-24 17:46:10.488727,GW300324d
1958,979,catO5_979.fits,2030-03-24 21:51:10.817772,GW300324e
195,97,catO5_97.fits,2030-03-25 05:49:21.013051,GW300325a
2300,1150,catO5_1150.fits,2030-03-25 09:10:42.020531,GW300325b
1396,698,catO5_698.fits,2030-03-27 04:59:13.533838,GW300327a
3678,1839,catO5_1839.fits,2030-03-27 09:57:22.478587,GW300327b
444,222,catO5_222.fits,2030-03-28 06:09:25.470407,GW300328a
3508,1754,catO5_1754.fits,2030-03-28 18:17:58.350196,GW300328b
1029,514,catO5_514.fits,2030-03-29 00:29:53.415703,GW300329a
4181,2090,catO5_2090.fits,2030-03-29 17:20:10.923598,GW300329b
3766,1883,catO5_1883.fits,2030-03-29 17:34:01.013895,GW300329c
2106,1053,catO5_1053.fits,2030-03-29 18:48:14.287126,GW300329d
348,174,catO5_174.fits,2030-03-29 23:46:59.978235,GW300329e
4235,2117,catO5_2117.fits,2030-03-31 21:25:24.464148,GW300331a
2486,1243,catO5_1243.fits,2030-04-01 02:09:11.884351,GW300401a
2327,1163,catO5_1163.fits,2030-04-01 07:31:50.390593,GW300401b
3069,1534,catO5_1534.fits,2030-04-01 18:24:03.780369,GW300401c
2625,1312,catO5_1312.fits,2030-04-02 00:55:54.129154,GW300402a
2287,1143,catO5_1143.fits,2030-04-03 20:58:08.026371,GW300403a
3320,1660,catO5_1660.fits,2030-04-04 05:08:16.712019,GW300404a
4455,2227,catO5_2227.fits,2030-04-04 23:32:05.907432,GW300404b
114,57,catO5_57.fits,2030-04-08 01:09:59.680940,GW300408a
334,167,catO5_167.fits,2030-04-08 08:25:43.883594,GW300408b
247,123,catO5_123.fits,2030-04-10 04:54:25.467000,GW300410a
25,12,catO5_12.fits,2030-04-10 12:21:59.339799,GW300410b
2484,1242,catO5_1242.fits,2030-04-12 12:01:40.446721,GW300412a
2419,1209,catO5_1209.fits,2030-04-12 23:54:47.647834,GW300412b
4033,2016,catO5_2016.fits,2030-04-13 22:32:29.065385,GW300413a
3727,1863,catO5_1863.fits,2030-04-14 02:51:41.114889,GW300414a
3478,1739,catO5_1739.fits,2030-04-14 08:27:12.651660,GW300414b
1681,840,catO5_840.fits,2030-04-14 23:08:51.923438,GW300414c
2117,1058,catO5_1058.fits,2030-04-15 11:57:57.116169,GW300415a
3441,1720,catO5_1720.fits,2030-04-15 12:59:59.555073,GW300415b
886,443,catO5_443.fits,2030-04-16 03:00:51.586751,GW300416a
694,347,catO5_347.fits,2030-04-16 22:32:14.729982,GW300416b
2696,1348,catO5_1348.fits,2030-04-17 00:58:27.820497,GW300417a
2024,1012,catO5_1012.fits,2030-04-17 03:33:10.792090,GW300417b
929,464,catO5_464.fits,2030-04-17 05:20:56.606362,GW300417c
2151,1075,catO5_1075.fits,2030-04-17 14:40:51.989360,GW300417d
3420,1710,catO5_1710.fits,2030-04-17 17:12:25.602585,GW300417e
788,394,catO5_394.fits,2030-04-18 22:30:23.517836,GW300418a
3851,1925,catO5_1925.fits,2030-04-19 16:17:19.256445,GW300419a
3021,1510,catO5_1510.fits,2030-04-20 06:30:10.493529,GW300420a
2354,1177,catO5_1177.fits,2030-04-20 07:20:27.436088,GW300420b
3853,1926,catO5_1926.fits,2030-04-20 17:41:47.113667,GW300420c
1730,865,catO5_865.fits,2030-04-21 04:31:53.204638,GW300421a
2996,1498,catO5_1498.fits,2030-04-22 13:26:50.441700,GW300422a
3758,1879,catO5_1879.fits,2030-04-22 14:36:06.124608,GW300422b
2717,1358,catO5_1358.fits,2030-04-23 13:55:51.760900,GW300423a
420,210,catO5_210.fits,2030-04-24 15:28:14.215258,GW300424a
2352,1176,catO5_1176.fits,2030-04-24 23:59:05.854053,GW300424b
197,98,catO5_98.fits,2030-04-26 20:01:42.713471,GW300426a
4349,2174,catO5_2174.fits,2030-04-27 09:40:14.811419,GW300427a
3348,1674,catO5_1674.fits,2030-04-27 19:23:45.321766,GW300427b
3028,1514,catO5_1514.fits,2030-04-28 04:18:57.690002,GW300428a
3153,1576,catO5_1576.fits,2030-04-28 09:28:32.826969,GW300428b
4231,2115,catO5_2115.fits,2030-04-28 10:46:03.491905,GW300428c
3936,1968,catO5_1968.fits,2030-04-29 01:15:20.713459,GW300429a
2102,1051,catO5_1051.fits,2030-04-29 22:12:13.087126,GW300429b
1579,789,catO5_789.fits,2030-04-30 11:09:46.738423,GW300430a
3067,1533,catO5_1533.fits,2030-05-01 05:25:17.746011,GW300501a
4312,2156,catO5_2156.fits,2030-05-01 14:18:22.974720,GW300501b
2231,1115,catO5_1115.fits,2030-05-01 14:34:12.418712,GW300501c
223,111,catO5_111.fits,2030-05-01 14:42:46.791932,GW300501d
2567,1283,catO5_1283.fits,2030-05-01 16:32:11.932902,GW300501e
4524,2262,catO5_2262.fits,2030-05-01 18:12:54.576880,GW300501f
3589,1794,catO5_1794.fits,2030-05-02 07:08:18.105346,GW300502a
1659,829,catO5_829.fits,2030-05-02 15:26:07.642215,GW300502b
1536,768,catO5_768.fits,2030-05-03 09:37:14.024084,GW300503a
1056,528,catO5_528.fits,2030-05-04 07:06:22.706237,GW300504a
2732,1366,catO5_1366.fits,2030-05-04 11:09:01.995229,GW300504b
2621,1310,catO5_1310.fits,2030-05-04 14:10:25.455875,GW300504c
1749,874,catO5_874.fits,2030-05-04 17:32:00.083387,GW300504d
654,327,catO5_327.fits,2030-05-05 07:14:37.763121,GW300505a
1473,736,catO5_736.fits,2030-05-05 19:45:03.515625,GW300505b
835,417,catO5_417.fits,2030-05-05 23:19:53.744221,GW300505c
3667,1833,catO5_1833.fits,2030-05-06 10:10:33.610433,GW300506a
3762,1881,catO5_1881.fits,2030-05-07 17:10:50.621714,GW300507a
1964,982,catO5_982.fits,2030-05-08 06:12:18.578205,GW300508a
126,63,catO5_63.fits,2030-05-08 12:48:51.103678,GW300508b
647,323,catO5_323.fits,2030-05-08 19:07:03.880023,GW300508c
326,163,catO5_163.fits,2030-05-09 01:52:12.993982,GW300509a
1198,599,catO5_599.fits,2030-05-09 03:37:41.497566,GW300509b
3309,1654,catO5_1654.fits,2030-05-10 08:53:39.959529,GW300510a
3031,1515,catO5_1515.fits,2030-05-10 13:51:27.220449,GW300510b
609,304,catO5_304.fits,2030-05-11 15:49:40.563336,GW300511a
2548,1274,catO5_1274.fits,2030-05-12 07:18:38.156532,GW300512a
3230,1615,catO5_1615.fits,2030-05-12 12:26:46.927473,GW300512b
1465,732,catO5_732.fits,2030-05-13 03:32:07.991304,GW300513a
3646,1823,catO5_1823.fits,2030-05-13 06:41:57.360471,GW300513b
1994,997,catO5_997.fits,2030-05-14 09:48:44.517005,GW300514a
2444,1222,catO5_1222.fits,2030-05-14 14:01:15.467174,GW300514b
713,356,catO5_356.fits,2030-05-15 06:56:28.884986,GW300515a
3041,1520,catO5_1520.fits,2030-05-16 21:14:03.371355,GW300516a
3131,1565,catO5_1565.fits,2030-05-17 14:13:12.487601,GW300517a
3629,1814,catO5_1814.fits,2030-05-18 00:49:19.824409,GW300518a
3833,1916,catO5_1916.fits,2030-05-18 04:57:09.586524,GW300518b
212,106,catO5_106.fits,2030-05-18 08:46:04.839608,GW300518c
2697,1348,catO5_1348.fits,2030-05-18 17:07:41.724892,GW300518d
507,253,catO5_253.fits,2030-05-19 11:59:16.267266,GW300519a
284,142,catO5_142.fits,2030-05-20 02:30:07.875131,GW300520a
3706,1853,catO5_1853.fits,2030-05-20 06:03:12.264940,GW300520b
4101,2050,catO5_2050.fits,2030-05-21 02:44:50.487362,GW300521a
1775,887,catO5_887.fits,2030-05-21 11:14:39.402488,GW300521b
4425,2212,catO5_2212.fits,2030-05-21 19:16:09.456744,GW300521c
3012,1506,catO5_1506.fits,2030-05-21 19:30:35.933400,GW300521d
2100,1050,catO5_1050.fits,2030-05-22 03:14:47.861135,GW300522a
1383,691,catO5_691.fits,2030-05-22 23:32:29.285089,GW300522b
968,484,catO5_484.fits,2030-05-23 06:07:05.595504,GW300523a
3100,1550,catO5_1550.fits,2030-05-23 15:33:11.120897,GW300523b
2045,1022,catO5_1022.fits,2030-05-24 14:12:24.397079,GW300524a
3974,1987,catO5_1987.fits,2030-05-24 15:32:35.907996,GW300524b
2632,1316,catO5_1316.fits,2030-05-24 20:39:40.428822,GW300524c
2113,1056,catO5_1056.fits,2030-05-25 03:33:52.055432,GW300525a
3630,1815,catO5_1815.fits,2030-05-25 07:37:40.789690,GW300525b
4348,2174,catO5_2174.fits,2030-05-26 04:06:14.686002,GW300526a
1686,843,catO5_843.fits,2030-05-26 06:30:16.335964,GW300526b
1073,536,catO5_536.fits,2030-05-26 07:56:56.279828,GW300526c
2152,1076,catO5_1076.fits,2030-05-26 15:47:25.765713,GW300526d
362,181,catO5_181.fits,2030-05-29 00:58:08.002012,GW300529a
2581,1290,catO5_1290.fits,2030-05-29 14:06:41.494435,GW300529b
2065,1032,catO5_1032.fits,2030-06-01 04:24:17.113141,GW300601a
956,478,catO5_478.fits,2030-06-01 09:34:26.611203,GW300601b
4336,2168,catO5_2168.fits,2030-06-01 21:44:02.485851,GW300601c
857,428,catO5_428.fits,2030-06-02 07:31:03.341427,GW300602a
3941,1970,catO5_1970.fits,2030-06-02 09:04:12.436365,GW300602b
1093,546,catO5_546.fits,2030-06-02 12:29:59.876138,GW300602c
3789,1894,catO5_1894.fits,2030-06-03 10:21:36.246142,GW300603a
3676,1838,catO5_1838.fits,2030-06-03 13:07:02.374490,GW300603b
105,52,catO5_52.fits,2030-06-03 14:23:33.990176,GW300603c
70,35,catO5_35.fits,2030-06-04 12:09:36.264641,GW300604a
607,303,catO5_303.fits,2030-06-04 17:49:26.386497,GW300604b
1095,547,catO5_547.fits,2030-06-05 19:43:14.651748,GW300605a
3592,1796,catO5_1796.fits,2030-06-06 11:00:34.642040,GW300606a
3299,1649,catO5_1649.fits,2030-06-06 14:58:32.413090,GW300606b
1538,769,catO5_769.fits,2030-06-07 06:49:48.680353,GW300607a
4100,2050,catO5_2050.fits,2030-06-07 17:29:23.048813,GW300607b
1114,557,catO5_557.fits,2030-06-07 20:48:18.883587,GW300607c
992,496,catO5_496.fits,2030-06-08 10:10:49.198120,GW300608a
1019,509,catO5_509.fits,2030-06-08 13:51:09.435519,GW300608b
4528,2264,catO5_2264.fits,2030-06-08 15:33:19.433215,GW300608c
1552,776,catO5_776.fits,2030-06-08 19:09:14.885021,GW300608d
511,255,catO5_255.fits,2030-06-09 10:08:00.751913,GW300609a
3882,1941,catO5_1941.fits,2030-06-09 16:57:20.967005,GW300609b
3835,1917,catO5_1917.fits,2030-06-09 22:42:22.159475,GW300609c
231,115,catO5_115.fits,2030-06-12 07:28:37.380996,GW300612a
1099,549,catO5_549.fits,2030-06-12 14:08:27.487738,GW300612b
3570,1785,catO5_1785.fits,2030-06-13 08:20:58.953758,GW300613a
488,244,catO5_244.fits,2030-06-13 10:50:30.615118,GW300613b
178,89,catO5_89.fits,2030-06-13 14:49:30.412458,GW300613c
2401,1200,catO5_1200.fits,2030-06-13 15:02:37.845348,GW300613d
4546,2273,catO5_2273.fits,2030-06-13 19:34:18.389295,GW300613e
4452,2226,catO5_2226.fits,2030-06-14 03:51:38.151778,GW300614a
3725,1862,catO5_1862.fits,2030-06-14 06:33:32.851624,GW300614b
1838,919,catO5_919.fits,2030-06-15 04:59:50.365124,GW300615a
1851,925,catO5_925.fits,2030-06-15 07:05:45.782052,GW300615b
2341,1170,catO5_1170.fits,2030-06-15 15:54:38.081870,GW300615c
4253,2126,catO5_2126.fits,2030-06-16 02:42:08.495552,GW300616a
4030,2015,catO5_2015.fits,2030-06-16 13:51:03.402460,GW300616b
4377,2188,catO5_2188.fits,2030-06-16 16:57:36.383849,GW300616c
1517,758,catO5_758.fits,2030-06-17 01:54:29.404083,GW300617a
4571,2285,catO5_2285.fits,2030-06-17 01:55:37.711066,GW300617b
200,100,catO5_100.fits,2030-06-17 21:03:06.215824,GW300617c
355,177,catO5_177.fits,2030-06-17 21:58:51.471847,GW300617d
501,250,catO5_250.fits,2030-06-18 01:23:36.695666,GW300618a
110,55,catO5_55.fits,2030-06-18 18:28:07.487232,GW300618b
2168,1084,catO5_1084.fits,2030-06-18 22:02:06.471066,GW300618c
3883,1941,catO5_1941.fits,2030-06-19 04:28:36.199195,GW300619a
306,153,catO5_153.fits,2030-06-19 16:33:55.520182,GW300619b
26,13,catO5_13.fits,2030-06-21 02:24:45.465260,GW300621a
2911,1455,catO5_1455.fits,2030-06-21 06:28:20.932159,GW300621b
686,343,catO5_343.fits,2030-06-22 22:26:04.994117,GW300622a
1735,867,catO5_867.fits,2030-06-22 22:55:28.541161,GW300622b
4091,2045,catO5_2045.fits,2030-06-23 09:53:55.037583,GW300623a
1551,775,catO5_775.fits,2030-06-23 11:50:33.956964,GW300623b
3718,1859,catO5_1859.fits,2030-06-23 13:33:05.049734,GW300623c
500,250,catO5_250.fits,2030-06-24 06:53:23.137829,GW300624a
4570,2285,catO5_2285.fits,2030-06-25 16:57:00.821173,GW300625a
3659,1829,catO5_1829.fits,2030-06-26 10:08:05.553343,GW300626a
792,396,catO5_396.fits,2030-06-27 08:17:25.621432,GW300627a
2874,1437,catO5_1437.fits,2030-06-28 01:54:29.516112,GW300628a
1175,587,catO5_587.fits,2030-06-28 20:29:24.125953,GW300628b
3849,1924,catO5_1924.fits,2030-06-29 12:03:11.515051,GW300629a
2184,1092,catO5_1092.fits,2030-06-29 22:58:06.745141,GW300629b
1866,933,catO5_933.fits,2030-06-30 10:15:39.450161,GW300630a
1913,956,catO5_956.fits,2030-06-30 17:22:35.504880,GW300630b
1837,918,catO5_918.fits,2030-06-30 21:04:05.724125,GW300630c
980,490,catO5_490.fits,2030-07-01 10:35:03.602915,GW300701a
421,210,catO5_210.fits,2030-07-02 00:05:44.119601,GW300702a
4342,2171,catO5_2171.fits,2030-07-02 04:30:05.270548,GW300702b
1884,942,catO5_942.fits,2030-07-02 17:54:35.802235,GW300702c
3980,1990,catO5_1990.fits,2030-07-02 20:05:43.715214,GW300702d
1711,855,catO5_855.fits,2030-07-03 05:50:53.050210,GW300703a
1403,701,catO5_701.fits,2030-07-03 20:06:41.385735,GW300703b
4475,2237,catO5_2237.fits,2030-07-03 23:25:39.705857,GW300703c
3868,1934,catO5_1934.fits,2030-07-04 10:07:09.345513,GW300704a
216,108,catO5_108.fits,2030-07-04 19:56:50.779542,GW300704b
2173,1086,catO5_1086.fits,2030-07-05 10:28:22.387812,GW300705a
2413,1206,catO5_1206.fits,2030-07-06 04:05:09.567209,GW300706a
1614,807,catO5_807.fits,2030-07-06 12:40:05.112840,GW300706b
220,110,catO5_110.fits,2030-07-06 17:19:12.971059,GW300706c
4525,2262,catO5_2262.fits,2030-07-07 17:41:14.186201,GW300707a
1650,825,catO5_825.fits,2030-07-08 22:06:06.351839,GW300708a
2891,1445,catO5_1445.fits,2030-07-09 07:24:29.964132,GW300709a
1987,993,catO5_993.fits,2030-07-10 14:21:08.638536,GW300710a
1788,894,catO5_894.fits,2030-07-10 19:31:14.631078,GW300710b
4014,2007,catO5_2007.fits,2030-07-11 05:27:32.849104,GW300711a
2860,1430,catO5_1430.fits,2030-07-12 01:25:30.347552,GW300712a
1910,955,catO5_955.fits,2030-07-12 06:50:18.223956,GW300712b
1324,662,catO5_662.fits,2030-07-13 01:56:54.664213,GW300713a
868,434,catO5_434.fits,2030-07-13 22:46:05.834920,GW300713b
917,458,catO5_458.fits,2030-07-14 14:53:41.178438,GW300714a
610,305,catO5_305.fits,2030-07-14 14:57:14.603898,GW300714b
3279,1639,catO5_1639.fits,2030-07-14 20:38:49.522683,GW300714c
4464,2232,catO5_2232.fits,2030-07-15 02:32:10.753567,GW300715a
4439,2219,catO5_2219.fits,2030-07-15 07:36:07.917886,GW300715b
4406,2203,catO5_2203.fits,2030-07-16 09:44:42.519580,GW300716a
1861,930,catO5_930.fits,2030-07-16 17:00:43.761909,GW300716b
3796,1898,catO5_1898.fits,2030-07-16 20:58:03.119944,GW300716c
3190,1595,catO5_1595.fits,2030-07-16 23:49:56.754236,GW300716d
3834,1917,catO5_1917.fits,2030-07-17 23:46:48.519547,GW300717a
867,433,catO5_433.fits,2030-07-18 07:26:10.062523,GW300718a
3243,1621,catO5_1621.fits,2030-07-18 14:30:56.323946,GW300718b
1345,672,catO5_672.fits,2030-07-19 00:48:26.991233,GW300719a
4511,2255,catO5_2255.fits,2030-07-19 01:09:10.543174,GW300719b
4388,2194,catO5_2194.fits,2030-07-19 11:18:31.930452,GW300719c
1501,750,catO5_750.fits,2030-07-19 22:55:50.490133,GW300719d
520,260,catO5_260.fits,2030-07-20 20:11:35.381463,GW300720a
1920,960,catO5_960.fits,2030-07-22 14:26:15.901173,GW300722a
2279,1139,catO5_1139.fits,2030-07-23 02:19:35.764693,GW300723a
1137,568,catO5_568.fits,2030-07-23 22:18:38.474066,GW300723b
3596,1798,catO5_1798.fits,2030-07-25 18:53:45.463194,GW300725a
350,175,catO5_175.fits,2030-07-26 10:34:54.923115,GW300726a
1605,802,catO5_802.fits,2030-07-26 11:28:09.939891,GW300726b
63,31,catO5_31.fits,2030-07-27 13:33:45.450282,GW300727a
1340,670,catO5_670.fits,2030-07-27 13:47:27.064776,GW300727b
2319,1159,catO5_1159.fits,2030-07-27 22:52:14.602888,GW300727c
584,292,catO5_292.fits,2030-07-28 03:53:03.582853,GW300728a
4327,2163,catO5_2163.fits,2030-07-28 07:32:23.054244,GW300728b
2691,1345,catO5_1345.fits,2030-07-28 08:35:09.613294,GW300728c
1296,648,catO5_648.fits,2030-07-28 17:47:10.507502,GW300728d
440,220,catO5_220.fits,2030-07-29 08:44:56.249074,GW300729a
4085,2042,catO5_2042.fits,2030-07-29 19:55:33.685579,GW300729b
3035,1517,catO5_1517.fits,2030-07-29 22:55:28.310894,GW300729c
2122,1061,catO5_1061.fits,2030-07-30 01:32:07.522662,GW300730a
3218,1609,catO5_1609.fits,2030-07-30 10:07:23.676211,GW300730b
445,222,catO5_222.fits,2030-07-31 11:07:26.239111,GW300731a
1409,704,catO5_704.fits,2030-07-31 20:16:15.857016,GW300731b
3948,1974,catO5_1974.fits,2030-07-31 21:10:57.603520,GW300731c
2335,1167,catO5_1167.fits,2030-08-01 23:18:04.316096,GW300801a
3749,1874,catO5_1874.fits,2030-08-02 13:29:51.955135,GW300802a
4065,2032,catO5_2032.fits,2030-08-03 07:32:12.486643,GW300803a
1352,676,catO5_676.fits,2030-08-03 14:32:56.041968,GW300803b
4008,2004,catO5_2004.fits,2030-08-04 00:35:31.938885,GW300804a
2197,1098,catO5_1098.fits,2030-08-04 02:42:31.698673,GW300804b
2039,1019,catO5_1019.fits,2030-08-04 03:16:10.603153,GW300804c
2913,1456,catO5_1456.fits,2030-08-04 21:53:21.392893,GW300804d
600,300,catO5_300.fits,2030-08-05 21:39:30.638339,GW300805a
2016,1008,catO5_1008.fits,2030-08-05 22:52:53.789665,GW300805b
1165,582,catO5_582.fits,2030-08-06 19:52:35.261992,GW300806a
1818,909,catO5_909.fits,2030-08-06 23:34:32.867125,GW300806b
2918,1459,catO5_1459.fits,2030-08-07 05:37:33.547327,GW300807a
4549,2274,catO5_2274.fits,2030-08-07 18:58:27.426340,GW300807b
137,68,catO5_68.fits,2030-08-07 21:30:20.102447,GW300807c
3952,1976,catO5_1976.fits,2030-08-08 07:43:13.293571,GW300808a
2475,1237,catO5_1237.fits,2030-08-08 10:59:12.871393,GW300808b
988,494,catO5_494.fits,2030-08-10 01:27:29.795973,GW300810a
499,249,catO5_249.fits,2030-08-10 09:39:20.320395,GW300810b
1769,884,catO5_884.fits,2030-08-10 09:57:37.462749,GW300810c
389,194,catO5_194.fits,2030-08-10 13:56:49.560847,GW300810d
2868,1434,catO5_1434.fits,2030-08-10 15:11:57.347670,GW300810e
3425,1712,catO5_1712.fits,2030-08-11 02:22:29.863653,GW300811a
3491,1745,catO5_1745.fits,2030-08-11 17:12:52.651167,GW300811b
4400,2200,catO5_2200.fits,2030-08-12 14:10:36.830080,GW300812a
1335,667,catO5_667.fits,2030-08-12 19:32:28.892425,GW300812b
730,365,catO5_365.fits,2030-08-14 15:21:39.008817,GW300814a
1366,683,catO5_683.fits,2030-08-14 23:08:18.827999,GW300814b
1117,558,catO5_558.fits,2030-08-15 03:45:10.009305,GW300815a
4063,2031,catO5_2031.fits,2030-08-15 11:48:29.142556,GW300815b
1640,820,catO5_820.fits,2030-08-16 08:45:51.398339,GW300816a
3119,1559,catO5_1559.fits,2030-08-16 19:47:12.582463,GW300816b
4460,2230,catO5_2230.fits,2030-08-17 11:27:04.609668,GW300817a
233,116,catO5_116.fits,2030-08-18 02:33:30.259734,GW300818a
1564,782,catO5_782.fits,2030-08-22 02:28:38.325279,GW300822a
4197,2098,catO5_2098.fits,2030-08-22 04:21:25.321423,GW300822b
4340,2170,catO5_2170.fits,2030-08-23 05:14:44.965759,GW300823a
3160,1580,catO5_1580.fits,2030-08-24 02:31:35.992898,GW300824a
3768,1884,catO5_1884.fits,2030-08-25 01:31:11.501606,GW300825a
1732,866,catO5_866.fits,2030-08-25 11:09:53.553292,GW300825b
4153,2076,catO5_2076.fits,2030-08-25 18:06:14.423656,GW300825c
655,327,catO5_327.fits,2030-08-26 15:19:22.684963,GW300826a
2656,1328,catO5_1328.fits,2030-08-27 16:55:36.946410,GW300827a
3922,1961,catO5_1961.fits,2030-08-28 06:41:46.723745,GW300828a
2639,1319,catO5_1319.fits,2030-08-28 12:05:03.824654,GW300828b
3040,1520,catO5_1520.fits,2030-08-29 11:23:49.809026,GW300829a
1241,620,catO5_620.fits,2030-08-29 14:28:42.887297,GW300829b
4476,2238,catO5_2238.fits,2030-08-29 21:23:33.980205,GW300829c
268,134,catO5_134.fits,2030-08-30 06:53:38.160701,GW300830a
896,448,catO5_448.fits,2030-08-30 10:05:38.299436,GW300830b
4208,2104,catO5_2104.fits,2030-08-30 10:24:37.155755,GW300830c
2206,1103,catO5_1103.fits,2030-08-30 12:40:57.312066,GW300830d
951,475,catO5_475.fits,2030-08-31 01:48:36.441054,GW300831a
2331,1165,catO5_1165.fits,2030-09-01 16:51:58.289460,GW300901a
309,154,catO5_154.fits,2030-09-01 16:55:04.135952,GW300901b
2280,1140,catO5_1140.fits,2030-09-03 14:38:23.105351,GW300903a
1546,773,catO5_773.fits,2030-09-03 20:54:31.829129,GW300903b
4563,2281,catO5_2281.fits,2030-09-04 07:19:00.493169,GW300904a
4271,2135,catO5_2135.fits,2030-09-05 20:31:16.981103,GW300905a
1492,746,catO5_746.fits,2030-09-05 20:37:30.511530,GW300905b
4078,2039,catO5_2039.fits,2030-09-07 04:12:11.661760,GW300907a
2506,1253,catO5_1253.fits,2030-09-07 05:23:19.940375,GW300907b
2797,1398,catO5_1398.fits,2030-09-09 02:11:28.058791,GW300909a
723,361,catO5_361.fits,2030-09-09 14:28:51.177997,GW300909b
3837,1918,catO5_1918.fits,2030-09-09 18:04:35.817661,GW300909c
5,2,catO5_2.fits,2030-09-13 05:47:32.778816,GW300913a
4411,2205,catO5_2205.fits,2030-09-14 16:21:26.929388,GW300914a
1308,654,catO5_654.fits,2030-09-15 06:54:18.483434,GW300915a
2655,1327,catO5_1327.fits,2030-09-15 09:20:26.443386,GW300915b
3753,1876,catO5_1876.fits,2030-09-16 16:16:09.972267,GW300916a
4277,2138,catO5_2138.fits,2030-09-16 18:36:18.538028,GW300916b
4121,2060,catO5_2060.fits,2030-09-16 22:12:28.000628,GW300916c
498,249,catO5_249.fits,2030-09-17 05:14:00.520694,GW300917a
1284,642,catO5_642.fits,2030-09-19 12:13:34.096872,GW300919a
1606,803,catO5_803.fits,2030-09-20 03:01:42.983804,GW300920a
3895,1947,catO5_1947.fits,2030-09-20 23:15:17.041054,GW300920b
1971,985,catO5_985.fits,2030-09-23 18:33:48.171052,GW300923a
3224,1612,catO5_1612.fits,2030-09-24 00:16:41.713930,GW300924a
2473,1236,catO5_1236.fits,2030-09-24 04:04:10.034731,GW300924b
3912,1956,catO5_1956.fits,2030-09-25 11:24:27.918465,GW300925a
2766,1383,catO5_1383.fits,2030-09-25 13:49:48.297937,GW300925b
505,252,catO5_252.fits,2030-09-26 09:11:50.181305,GW300926a
2848,1424,catO5_1424.fits,2030-09-27 07:47:51.315091,GW300927a
3809,1904,catO5_1904.fits,2030-09-27 13:35:58.860243,GW300927b
780,390,catO5_390.fits,2030-09-28 07:23:12.055148,GW300928a
1442,721,catO5_721.fits,2030-09-28 14:53:27.301142,GW300928b
4396,2198,catO5_2198.fits,2030-09-28 21:49:23.552459,GW300928c
1811,905,catO5_905.fits,2030-09-29 08:24:11.654574,GW300929a
2689,1344,catO5_1344.fits,2030-09-29 10:53:23.820898,GW300929b
658,329,catO5_329.fits,2030-09-29 22:56:42.686102,GW300929c
4190,2095,catO5_2095.fits,2030-09-30 11:37:35.766858,GW300930a
785,392,catO5_392.fits,2030-09-30 23:11:16.122889,GW300930b
2336,1168,catO5_1168.fits,2030-09-30 23:37:20.813862,GW300930c
1393,696,catO5_696.fits,2030-10-02 23:05:53.793003,GW301002a
3924,1962,catO5_1962.fits,2030-10-03 08:48:12.793309,GW301003a
957,478,catO5_478.fits,2030-10-03 18:13:44.581949,GW301003b
3403,1701,catO5_1701.fits,2030-10-03 20:42:03.495182,GW301003c
2595,1297,catO5_1297.fits,2030-10-05 04:38:18.687757,GW301005a
1976,988,catO5_988.fits,2030-10-06 05:39:02.280102,GW301006a
3074,1537,catO5_1537.fits,2030-10-06 07:07:59.569419,GW301006b
191,95,catO5_95.fits,2030-10-07 00:33:40.513540,GW301007a
993,496,catO5_496.fits,2030-10-07 05:37:42.553093,GW301007b
687,343,catO5_343.fits,2030-10-07 18:10:59.831281,GW301007c
2370,1185,catO5_1185.fits,2030-10-08 09:59:13.410224,GW301008a
1498,749,catO5_749.fits,2030-10-08 10:07:36.468451,GW301008b
525,262,catO5_262.fits,2030-10-08 16:27:16.651436,GW301008c
512,256,catO5_256.fits,2030-10-08 21:21:04.841915,GW301008d
1202,601,catO5_601.fits,2030-10-09 00:39:12.636479,GW301009a
3328,1664,catO5_1664.fits,2030-10-10 13:47:38.242079,GW301010a
3593,1796,catO5_1796.fits,2030-10-10 14:12:57.806643,GW301010b
3653,1826,catO5_1826.fits,2030-10-11 17:39:04.796153,GW301011a
577,288,catO5_288.fits,2030-10-11 22:19:16.405134,GW301011b
2346,1173,catO5_1173.fits,2030-10-12 08:21:17.828405,GW301012a
156,78,catO5_78.fits,2030-10-12 09:13:05.666747,GW301012b
1414,707,catO5_707.fits,2030-10-12 10:23:09.433048,GW301012c
2283,1141,catO5_1141.fits,2030-10-13 02:44:11.020402,GW301013a
140,70,catO5_70.fits,2030-10-13 03:21:41.291904,GW301013b
45,22,catO5_22.fits,2030-10-13 05:42:13.478177,GW301013c
4098,2049,catO5_2049.fits,2030-10-13 10:48:43.096701,GW301013d
4188,2094,catO5_2094.fits,2030-10-13 17:20:47.902686,GW301013e
2505,1252,catO5_1252.fits,2030-10-13 19:27:05.125327,GW301013f
3195,1597,catO5_1597.fits,2030-10-13 23:05:21.136961,GW301013g
1879,939,catO5_939.fits,2030-10-14 00:09:30.436221,GW301014a
3522,1761,catO5_1761.fits,2030-10-14 11:47:05.273275,GW301014b
483,241,catO5_241.fits,2030-10-14 22:03:16.641367,GW301014c
3904,1952,catO5_1952.fits,2030-10-15 08:33:33.957045,GW301015a
2431,1215,catO5_1215.fits,2030-10-16 08:27:05.020856,GW301016a
225,112,catO5_112.fits,2030-10-16 14:47:34.110862,GW301016b
1815,907,catO5_907.fits,2030-10-16 21:44:48.250308,GW301016c
626,313,catO5_313.fits,2030-10-16 22:05:10.454582,GW301016d
1993,996,catO5_996.fits,2030-10-17 15:52:08.956275,GW301017a
95,47,catO5_47.fits,2030-10-17 22:59:48.639455,GW301017b
1723,861,catO5_861.fits,2030-10-18 01:56:57.578360,GW301018a
252,126,catO5_126.fits,2030-10-19 01:17:54.488231,GW301019a
1365,682,catO5_682.fits,2030-10-19 12:01:37.365983,GW301019b
3476,1738,catO5_1738.fits,2030-10-19 15:20:33.580046,GW301019c
3937,1968,catO5_1968.fits,2030-10-21 05:32:36.203934,GW301021a
1297,648,catO5_648.fits,2030-10-21 08:38:48.665608,GW301021b
3517,1758,catO5_1758.fits,2030-10-21 15:13:25.734889,GW301021c
2649,1324,catO5_1324.fits,2030-10-22 08:58:29.684306,GW301022a
1542,771,catO5_771.fits,2030-10-22 17:51:48.099977,GW301022b
736,368,catO5_368.fits,2030-10-23 03:24:37.908319,GW301023a
4,2,catO5_2.fits,2030-10-23 20:31:18.446189,GW301023b
4059,2029,catO5_2029.fits,2030-10-24 06:02:22.119262,GW301024a
3433,1716,catO5_1716.fits,2030-10-24 09:46:42.226226,GW301024b
2564,1282,catO5_1282.fits,2030-10-24 14:01:13.789547,GW301024c
1900,950,catO5_950.fits,2030-10-24 14:21:08.919821,GW301024d
149,74,catO5_74.fits,2030-10-24 14:36:46.509060,GW301024e
1568,784,catO5_784.fits,2030-10-24 15:36:46.952243,GW301024f
1716,858,catO5_858.fits,2030-10-24 17:35:44.076455,GW301024g
2586,1293,catO5_1293.fits,2030-10-24 20:46:53.860725,GW301024h
3818,1909,catO5_1909.fits,2030-10-25 19:28:52.767195,GW301025a
2739,1369,catO5_1369.fits,2030-10-26 10:17:31.979013,GW301026a
1376,688,catO5_688.fits,2030-10-26 11:08:04.790444,GW301026b
534,267,catO5_267.fits,2030-10-26 18:51:17.462055,GW301026c
2107,1053,catO5_1053.fits,2030-10-27 16:25:38.880408,GW301027a
33,16,catO5_16.fits,2030-10-28 05:19:41.247295,GW301028a
1124,562,catO5_562.fits,2030-10-28 20:48:16.378636,GW301028b
3564,1782,catO5_1782.fits,2030-10-29 02:45:55.216535,GW301029a
596,298,catO5_298.fits,2030-10-29 02:52:34.381424,GW301029b
1176,588,catO5_588.fits,2030-10-29 19:51:57.785891,GW301029c
2046,1023,catO5_1023.fits,2030-10-29 20:31:37.082045,GW301029d
2668,1334,catO5_1334.fits,2030-10-31 02:17:12.436040,GW301031a
4504,2252,catO5_2252.fits,2030-10-31 12:57:55.335002,GW301031b
3545,1772,catO5_1772.fits,2030-10-31 19:51:54.202890,GW301031c
2051,1025,catO5_1025.fits,2030-11-01 09:09:57.499799,GW301101a
2172,1086,catO5_1086.fits,2030-11-01 15:32:53.847844,GW301101b
1277,638,catO5_638.fits,2030-11-02 13:19:39.552865,GW301102a
1785,892,catO5_892.fits,2030-11-02 21:37:46.206208,GW301102b
646,323,catO5_323.fits,2030-11-03 09:25:00.362689,GW301103a
704,352,catO5_352.fits,2030-11-03 12:26:00.237610,GW301103b
2605,1302,catO5_1302.fits,2030-11-03 21:43:33.527660,GW301103c
1970,985,catO5_985.fits,2030-11-04 06:05:03.462221,GW301104a
3708,1854,catO5_1854.fits,2030-11-04 11:34:55.543002,GW301104b
3236,1618,catO5_1618.fits,2030-11-05 23:17:20.678534,GW301105a
1382,691,catO5_691.fits,2030-11-06 11:12:06.199624,GW301106a
2832,1416,catO5_1416.fits,2030-11-07 07:38:36.925617,GW301107a
3586,1793,catO5_1793.fits,2030-11-08 00:18:31.219337,GW301108a
2676,1338,catO5_1338.fits,2030-11-08 00:43:44.573849,GW301108b
2814,1407,catO5_1407.fits,2030-11-08 06:22:24.434660,GW301108c
1983,991,catO5_991.fits,2030-11-08 09:28:16.068972,GW301108d
2769,1384,catO5_1384.fits,2030-11-08 16:30:02.597463,GW301108e
115,57,catO5_57.fits,2030-11-09 03:47:25.948196,GW301109a
2169,1084,catO5_1084.fits,2030-11-09 04:48:24.128372,GW301109b
650,325,catO5_325.fits,2030-11-09 09:44:52.602322,GW301109c
1629,814,catO5_814.fits,2030-11-11 01:41:45.447795,GW301111a
1394,697,catO5_697.fits,2030-11-11 15:17:32.830363,GW301111b
1714,857,catO5_857.fits,2030-11-12 10:14:48.962952,GW301112a
1361,680,catO5_680.fits,2030-11-12 12:11:16.924900,GW301112b
3752,1876,catO5_1876.fits,2030-11-12 23:08:24.862850,GW301112c
2174,1087,catO5_1087.fits,2030-11-13 05:14:04.464024,GW301113a
1938,969,catO5_969.fits,2030-11-13 05:18:50.970132,GW301113b
2969,1484,catO5_1484.fits,2030-11-13 19:35:21.562736,GW301113c
2291,1145,catO5_1145.fits,2030-11-14 02:45:04.575484,GW301114a
1378,689,catO5_689.fits,2030-11-14 18:53:29.491277,GW301114b
2912,1456,catO5_1456.fits,2030-11-15 04:05:17.973608,GW301115a
2699,1349,catO5_1349.fits,2030-11-15 14:07:53.781270,GW301115b
1172,586,catO5_586.fits,2030-11-15 21:43:32.753198,GW301115c
1963,981,catO5_981.fits,2030-11-17 15:34:54.073506,GW301117a
2323,1161,catO5_1161.fits,2030-11-18 02:15:05.526256,GW301118a
1181,590,catO5_590.fits,2030-11-20 01:52:19.795225,GW301120a
3867,1933,catO5_1933.fits,2030-11-20 20:11:47.411253,GW301120b
4160,2080,catO5_2080.fits,2030-11-20 21:26:04.570761,GW301120c
4565,2282,catO5_2282.fits,2030-11-21 17:44:36.228479,GW301121a
4502,2251,catO5_2251.fits,2030-11-22 14:56:46.304146,GW301122a
3848,1924,catO5_1924.fits,2030-11-22 15:44:04.493332,GW301122b
204,102,catO5_102.fits,2030-11-23 23:39:02.073801,GW301123a
3,1,catO5_1.fits,2030-11-24 03:46:18.357376,GW301124a
3311,1655,catO5_1655.fits,2030-11-24 08:52:52.622371,GW301124b
1433,716,catO5_716.fits,2030-11-24 11:09:30.164438,GW301124c
3556,1778,catO5_1778.fits,2030-11-24 23:48:55.396279,GW301124d
1257,628,catO5_628.fits,2030-11-26 01:11:32.531951,GW301126a
2561,1280,catO5_1280.fits,2030-11-26 09:37:27.582410,GW301126b
4004,2002,catO5_2002.fits,2030-11-26 13:27:12.586451,GW301126c
2010,1005,catO5_1005.fits,2030-11-26 23:18:35.270807,GW301126d
2019,1009,catO5_1009.fits,2030-11-27 08:50:30.068049,GW301127a
1902,951,catO5_951.fits,2030-11-27 21:15:40.100132,GW301127b
1726,863,catO5_863.fits,2030-11-28 02:09:04.077340,GW301128a
244,122,catO5_122.fits,2030-11-28 05:59:49.652873,GW301128b
4478,2239,catO5_2239.fits,2030-11-29 02:04:21.264001,GW301129a
1493,746,catO5_746.fits,2030-11-30 16:41:55.415779,GW301130a
4468,2234,catO5_2234.fits,2030-12-01 13:25:51.940966,GW301201a
1185,592,catO5_592.fits,2030-12-01 19:04:47.519062,GW301201b
1462,731,catO5_731.fits,2030-12-02 04:03:54.181217,GW301202a
2792,1396,catO5_1396.fits,2030-12-03 06:28:17.521328,GW301203a
1883,941,catO5_941.fits,2030-12-03 21:43:15.238236,GW301203b
3583,1791,catO5_1791.fits,2030-12-04 18:56:45.477319,GW301204a
2559,1279,catO5_1279.fits,2030-12-04 23:46:35.976466,GW301204b
1522,761,catO5_761.fits,2030-12-05 14:35:05.389570,GW301205a
3023,1511,catO5_1511.fits,2030-12-06 02:31:49.181485,GW301206a
4556,2278,catO5_2278.fits,2030-12-06 13:05:45.684349,GW301206b
3919,1959,catO5_1959.fits,2030-12-06 19:36:56.698329,GW301206c
1232,616,catO5_616.fits,2030-12-07 04:04:06.659962,GW301207a
671,335,catO5_335.fits,2030-12-07 12:21:34.054970,GW301207b
3870,1935,catO5_1935.fits,2030-12-07 14:29:07.254816,GW301207c
3319,1659,catO5_1659.fits,2030-12-07 16:14:21.901090,GW301207d
1426,713,catO5_713.fits,2030-12-07 17:15:21.505270,GW301207e
714,357,catO5_357.fits,2030-12-08 03:38:43.485068,GW301208a
3361,1680,catO5_1680.fits,2030-12-09 03:32:00.180593,GW301209a
1291,645,catO5_645.fits,2030-12-09 21:25:17.706990,GW301209b
3995,1997,catO5_1997.fits,2030-12-09 22:17:57.971846,GW301209c
2966,1483,catO5_1483.fits,2030-12-11 02:54:14.193614,GW301211a
2752,1376,catO5_1376.fits,2030-12-11 11:13:21.070767,GW301211b
3782,1891,catO5_1891.fits,2030-12-11 12:10:26.618299,GW301211c
3108,1554,catO5_1554.fits,2030-12-12 03:28:25.289097,GW301212a
3672,1836,catO5_1836.fits,2030-12-12 03:31:23.400916,GW301212b
4453,2226,catO5_2226.fits,2030-12-12 17:16:05.796384,GW301212c
2550,1275,catO5_1275.fits,2030-12-13 01:31:59.445443,GW301213a
439,219,catO5_219.fits,2030-12-13 19:56:21.013563,GW301213b
4250,2125,catO5_2125.fits,2030-12-14 01:17:31.952631,GW301214a
1237,618,catO5_618.fits,2030-12-14 10:01:38.776079,GW301214b
3609,1804,catO5_1804.fits,2030-12-14 10:11:45.331395,GW301214c
582,291,catO5_291.fits,2030-12-14 14:24:02.134964,GW301214d
3103,1551,catO5_1551.fits,2030-12-15 04:03:18.663604,GW301215a
1203,601,catO5_601.fits,2030-12-16 16:01:37.874965,GW301216a
4372,2186,catO5_2186.fits,2030-12-16 16:06:14.437919,GW301216b
478,239,catO5_239.fits,2030-12-16 18:34:08.451322,GW301216c
1326,663,catO5_663.fits,2030-12-17 08:38:50.367855,GW301217a
3906,1953,catO5_1953.fits,2030-12-17 13:27:55.870318,GW301217b
1839,919,catO5_919.fits,2030-12-17 19:55:30.386708,GW301217c
1556,778,catO5_778.fits,2030-12-19 00:36:06.454194,GW301219a
2746,1373,catO5_1373.fits,2030-12-19 05:05:30.612313,GW301219b
4402,2201,catO5_2201.fits,2030-12-19 08:35:47.346763,GW301219c
2849,1424,catO5_1424.fits,2030-12-19 12:34:53.900463,GW301219d
4506,2253,catO5_2253.fits,2030-12-20 19:56:31.978706,GW301220a
1390,695,catO5_695.fits,2030-12-21 02:22:08.168388,GW301221a
1824,912,catO5_912.fits,2030-12-21 08:21:06.372323,GW301221b
2930,1465,catO5_1465.fits,2030-12-21 09:27:38.501279,GW301221c
983,491,catO5_491.fits,2030-12-21 11:15:00.774007,GW301221d
1446,723,catO5_723.fits,2030-12-21 14:14:50.621035,GW301221e
1813,906,catO5_906.fits,2030-12-22 04:21:33.919397,GW301222a
1074,537,catO5_537.fits,2030-12-22 06:27:33.465869,GW301222b
2400,1200,catO5_1200.fits,2030-12-22 09:59:49.762221,GW301222c
3127,1563,catO5_1563.fits,2030-12-22 12:46:01.502025,GW301222d
1327,663,catO5_663.fits,2030-12-22 12:55:04.298320,GW301222e
2801,1400,catO5_1400.fits,2030-12-23 03:57:17.505388,GW301223a
128,64,catO5_64.fits,2030-12-23 05:21:46.014319,GW301223b
2771,1385,catO5_1385.fits,2030-12-23 07:57:05.183138,GW301223c
1755,877,catO5_877.fits,2030-12-23 15:57:07.186584,GW301223d
2954,1477,catO5_1477.fits,2030-12-24 07:43:11.063638,GW301224a
2663,1331,catO5_1331.fits,2030-12-24 21:45:00.580211,GW301224b
1548,774,catO5_774.fits,2030-12-25 03:22:58.375952,GW301225a
2793,1396,catO5_1396.fits,2030-12-27 09:21:29.104977,GW301227a
2938,1469,catO5_1469.fits,2030-12-27 18:52:01.166977,GW301227b
3463,1731,catO5_1731.fits,2030-12-28 05:17:15.347502,GW301228a
3679,1839,catO5_1839.fits,2030-12-28 15:22:05.600362,GW301228b
1713,856,catO5_856.fits,2030-12-29 09:27:13.913990,GW301229a
3632,1816,catO5_1816.fits,2030-12-29 09:46:34.985403,GW301229b
267,133,catO5_133.fits,2030-12-29 20:09:07.482227,GW301229c
2154,1077,catO5_1077.fits,2030-12-29 23:16:12.599650,GW301229d
3700,1850,catO5_1850.fits,2030-12-31 05:06:55.030316,GW301231a
3249,1624,catO5_1624.fits,2030-12-31 19:36:19.123037,GW301231b
631,315,catO5_315.fits,2030-12-31 22:57:21.232786,GW301231c
4074,2037,catO5_2037.fits,2031-01-01 23:54:41.553987,GW310101a
2002,1001,catO5_1001.fits,2031-01-02 00:24:51.605311,GW310102a
3043,1521,catO5_1521.fits,2031-01-02 06:19:15.003363,GW310102b
862,431,catO5_431.fits,2031-01-03 07:21:25.405307,GW310103a
2316,1158,catO5_1158.fits,2031-01-03 17:15:15.837037,GW310103b
4537,2268,catO5_2268.fits,2031-01-03 19:21:15.132719,GW310103c
3869,1934,catO5_1934.fits,2031-01-03 23:12:46.417021,GW310103d
2934,1467,catO5_1467.fits,2031-01-04 19:25:32.392183,GW310104a
3608,1804,catO5_1804.fits,2031-01-04 20:54:41.494888,GW310104b
2161,1080,catO5_1080.fits,2031-01-07 01:38:52.819679,GW310107a
3162,1581,catO5_1581.fits,2031-01-07 03:56:35.256963,GW310107b
4486,2243,catO5_2243.fits,2031-01-08 12:58:50.798007,GW310108a
4444,2222,catO5_2222.fits,2031-01-08 20:06:46.382315,GW310108b
3638,1819,catO5_1819.fits,2031-01-09 18:17:27.466352,GW310109a
3602,1801,catO5_1801.fits,2031-01-09 23:46:36.144066,GW310109b
2682,1341,catO5_1341.fits,2031-01-10 02:06:17.302525,GW310110a
1213,606,catO5_606.fits,2031-01-10 14:10:51.569173,GW310110b
3741,1870,catO5_1870.fits,2031-01-11 15:27:57.439488,GW310111a
161,80,catO5_80.fits,2031-01-11 17:22:22.975872,GW310111b
415,207,catO5_207.fits,2031-01-12 03:21:37.080506,GW310112a
1509,754,catO5_754.fits,2031-01-12 13:31:45.084160,GW310112b
2060,1030,catO5_1030.fits,2031-01-13 13:38:27.151093,GW310113a
4367,2183,catO5_2183.fits,2031-01-13 17:12:26.651300,GW310113b
3933,1966,catO5_1966.fits,2031-01-14 06:19:03.856143,GW310114a
1046,523,catO5_523.fits,2031-01-14 09:37:30.069304,GW310114b
2077,1038,catO5_1038.fits,2031-01-15 06:18:24.454809,GW310115a
3437,1718,catO5_1718.fits,2031-01-15 16:54:44.867721,GW310115b
4326,2163,catO5_2163.fits,2031-01-15 23:22:15.668875,GW310115c
2170,1085,catO5_1085.fits,2031-01-16 05:48:16.646750,GW310116a
2492,1246,catO5_1246.fits,2031-01-16 21:31:55.412484,GW310116b
4110,2055,catO5_2055.fits,2031-01-17 05:42:14.313089,GW310117a
2031,1015,catO5_1015.fits,2031-01-17 17:35:44.312834,GW310117b
2135,1067,catO5_1067.fits,2031-01-18 02:07:37.542916,GW310118a
4591,2295,catO5_2295.fits,2031-01-18 10:39:31.263888,GW310118b
4027,2013,catO5_2013.fits,2031-01-18 14:14:45.085070,GW310118c
4203,2101,catO5_2101.fits,2031-01-18 19:53:54.995335,GW310118d
709,354,catO5_354.fits,2031-01-19 22:04:43.026174,GW310119a
1812,906,catO5_906.fits,2031-01-20 11:16:51.422839,GW310120a
1531,765,catO5_765.fits,2031-01-20 11:41:11.431304,GW310120b
2833,1416,catO5_1416.fits,2031-01-20 23:00:52.340839,GW310120c
2214,1107,catO5_1107.fits,2031-01-21 03:00:42.622637,GW310121a
3829,1914,catO5_1914.fits,2031-01-23 15:15:05.989196,GW310123a
3152,1576,catO5_1576.fits,2031-01-23 18:17:16.843544,GW310123b
627,313,catO5_313.fits,2031-01-24 08:07:11.849694,GW310124a
3205,1602,catO5_1602.fits,2031-01-25 09:18:54.937593,GW310125a
3876,1938,catO5_1938.fits,2031-01-25 20:10:19.279224,GW310125b
3720,1860,catO5_1860.fits,2031-01-27 05:11:00.468275,GW310127a
2376,1188,catO5_1188.fits,2031-01-27 16:23:32.942185,GW310127b
2949,1474,catO5_1474.fits,2031-01-27 16:27:53.319638,GW310127c
1949,974,catO5_974.fits,2031-01-27 17:47:31.987757,GW310127d
1740,870,catO5_870.fits,2031-01-27 18:58:55.306496,GW310127e
2056,1028,catO5_1028.fits,2031-01-28 04:34:11.766706,GW310128a
1520,760,catO5_760.fits,2031-01-28 11:04:47.254192,GW310128b
4225,2112,catO5_2112.fits,2031-01-28 11:18:23.795260,GW310128c
4457,2228,catO5_2228.fits,2031-01-28 19:29:18.700384,GW310128d
3527,1763,catO5_1763.fits,2031-01-28 20:59:27.571862,GW310128e
425,212,catO5_212.fits,2031-01-30 14:41:09.475080,GW310130a
4399,2199,catO5_2199.fits,2031-01-31 01:03:24.892785,GW310131a
2049,1024,catO5_1024.fits,2031-01-31 18:26:33.047696,GW310131b
3444,1722,catO5_1722.fits,2031-02-01 05:03:30.246866,GW310201a
2721,1360,catO5_1360.fits,2031-02-01 19:33:29.679300,GW310201b
966,483,catO5_483.fits,2031-02-02 15:16:39.664185,GW310202a
353,176,catO5_176.fits,2031-02-03 00:56:26.894891,GW310203a
3661,1830,catO5_1830.fits,2031-02-03 12:08:28.337058,GW310203b
4458,2229,catO5_2229.fits,2031-02-04 03:32:11.676291,GW310204a
3455,1727,catO5_1727.fits,2031-02-04 09:03:45.716803,GW310204b
2234,1117,catO5_1117.fits,2031-02-04 11:44:21.194115,GW310204c
767,383,catO5_383.fits,2031-02-05 05:05:27.198868,GW310205a
3239,1619,catO5_1619.fits,2031-02-05 07:02:12.780891,GW310205b
4267,2133,catO5_2133.fits,2031-02-05 17:51:29.575880,GW310205c
3825,1912,catO5_1912.fits,2031-02-05 21:10:54.440559,GW310205d
3459,1729,catO5_1729.fits,2031-02-05 21:17:20.309079,GW310205e
2828,1414,catO5_1414.fits,2031-02-06 10:01:38.209456,GW310206a
354,177,catO5_177.fits,2031-02-06 14:53:56.282968,GW310206b
684,342,catO5_342.fits,2031-02-06 20:36:18.011425,GW310206c
3082,1541,catO5_1541.fits,2031-02-07 01:18:14.842702,GW310207a
2791,1395,catO5_1395.fits,2031-02-09 02:15:45.847050,GW310209a
1518,759,catO5_759.fits,2031-02-09 14:51:43.341232,GW310209b
3946,1973,catO5_1973.fits,2031-02-10 12:02:26.118504,GW310210a
2349,1174,catO5_1174.fits,2031-02-10 20:33:34.946554,GW310210b
718,359,catO5_359.fits,2031-02-11 17:14:48.897709,GW310211a
1113,556,catO5_556.fits,2031-02-12 02:46:15.573297,GW310212a
2382,1191,catO5_1191.fits,2031-02-12 04:04:23.444767,GW310212b
3691,1845,catO5_1845.fits,2031-02-12 10:46:11.048806,GW310212c
4585,2292,catO5_2292.fits,2031-02-13 15:46:18.497506,GW310213a
2270,1135,catO5_1135.fits,2031-02-14 04:36:59.972487,GW310214a
1024,512,catO5_512.fits,2031-02-14 16:09:11.039171,GW310214b
2927,1463,catO5_1463.fits,2031-02-15 00:27:39.136218,GW310215a
790,395,catO5_395.fits,2031-02-16 19:12:48.166521,GW310216a
296,148,catO5_148.fits,2031-02-18 07:30:30.178605,GW310218a
1688,844,catO5_844.fits,2031-02-18 15:52:47.160055,GW310218b
2007,1003,catO5_1003.fits,2031-02-18 22:32:34.662941,GW310218c
4171,2085,catO5_2085.fits,2031-02-19 01:41:16.453095,GW310219a
3477,1738,catO5_1738.fits,2031-02-19 20:00:12.439313,GW310219b
3345,1672,catO5_1672.fits,2031-02-20 01:38:56.135397,GW310220a
1978,989,catO5_989.fits,2031-02-21 03:08:51.243634,GW310221a
4172,2086,catO5_2086.fits,2031-02-21 07:24:56.570458,GW310221b
2615,1307,catO5_1307.fits,2031-02-23 06:14:19.838451,GW310223a
1737,868,catO5_868.fits,2031-02-23 14:33:02.244442,GW310223b
3419,1709,catO5_1709.fits,2031-02-25 00:20:24.033823,GW310225a
3227,1613,catO5_1613.fits,2031-02-25 01:43:07.279495,GW310225b
2223,1111,catO5_1111.fits,2031-02-25 01:52:20.929476,GW310225c
3394,1697,catO5_1697.fits,2031-02-25 02:11:06.875573,GW310225d
2115,1057,catO5_1057.fits,2031-02-25 02:25:47.224845,GW310225e
4276,2138,catO5_2138.fits,2031-02-26 01:24:53.710570,GW310226a
2001,1000,catO5_1000.fits,2031-02-26 04:24:41.391182,GW310226b
3810,1905,catO5_1905.fits,2031-02-26 11:28:57.240049,GW310226c
2869,1434,catO5_1434.fits,2031-02-26 12:25:11.762884,GW310226d
535,267,catO5_267.fits,2031-02-27 17:38:10.880240,GW310227a
76,38,catO5_38.fits,2031-02-27 19:58:45.133485,GW310227b
454,227,catO5_227.fits,2031-02-28 13:20:19.583789,GW310228a
369,184,catO5_184.fits,2031-02-28 14:46:24.252937,GW310228b
2727,1363,catO5_1363.fits,2031-02-28 18:17:23.547649,GW310228c
2715,1357,catO5_1357.fits,2031-02-28 19:46:36.004709,GW310228d
2854,1427,catO5_1427.fits,2031-03-01 02:51:22.569964,GW310301a
1244,622,catO5_622.fits,2031-03-04 20:29:05.500274,GW310304a
2666,1333,catO5_1333.fits,2031-03-08 09:22:54.842155,GW310308a
2443,1221,catO5_1221.fits,2031-03-08 20:47:42.632788,GW310308b
3606,1803,catO5_1803.fits,2031-03-08 21:46:46.077574,GW310308c
1521,760,catO5_760.fits,2031-03-08 23:20:51.278289,GW310308d
909,454,catO5_454.fits,2031-03-09 04:41:29.600883,GW310309a
1007,503,catO5_503.fits,2031-03-11 02:53:17.815195,GW310311a
4147,2073,catO5_2073.fits,2031-03-11 05:30:40.462969,GW310311b
3595,1797,catO5_1797.fits,2031-03-12 05:37:57.919616,GW310312a
4596,2298,catO5_2298.fits,2031-03-12 10:09:49.643597,GW310312b
1330,665,catO5_665.fits,2031-03-14 05:16:22.149405,GW310314a
2022,1011,catO5_1011.fits,2031-03-14 06:59:58.755785,GW310314b
2260,1130,catO5_1130.fits,2031-03-14 09:03:02.843119,GW310314c
3244,1622,catO5_1622.fits,2031-03-15 02:51:53.389158,GW310315a
492,246,catO5_246.fits,2031-03-15 04:57:50.835125,GW310315b
2027,1013,catO5_1013.fits,2031-03-15 18:23:00.181123,GW310315c
752,376,catO5_376.fits,2031-03-16 23:25:02.189389,GW310316a
3557,1778,catO5_1778.fits,2031-03-17 04:48:51.107269,GW310317a
2334,1167,catO5_1167.fits,2031-03-17 09:50:46.702122,GW310317b
2508,1254,catO5_1254.fits,2031-03-17 10:39:45.989270,GW310317c
4500,2250,catO5_2250.fits,2031-03-17 15:00:45.989613,GW310317d
166,83,catO5_83.fits,2031-03-18 04:13:28.496882,GW310318a
1533,766,catO5_766.fits,2031-03-18 23:42:23.829855,GW310318b
3750,1875,catO5_1875.fits,2031-03-19 01:15:37.013808,GW310319a
4281,2140,catO5_2140.fits,2031-03-19 15:30:32.505702,GW310319b
171,85,catO5_85.fits,2031-03-20 20:06:09.015857,GW310320a
3731,1865,catO5_1865.fits,2031-03-21 11:34:40.276755,GW310321a
378,189,catO5_189.fits,2031-03-21 20:49:01.937241,GW310321b
2516,1258,catO5_1258.fits,2031-03-22 06:12:10.038250,GW310322a
3944,1972,catO5_1972.fits,2031-03-22 13:44:42.848445,GW310322b
384,192,catO5_192.fits,2031-03-23 09:27:18.738244,GW310323a
2592,1296,catO5_1296.fits,2031-03-26 01:48:47.936608,GW310326a
601,300,catO5_300.fits,2031-03-26 07:30:25.656429,GW310326b
2033,1016,catO5_1016.fits,2031-03-26 20:07:20.361782,GW310326c
407,203,catO5_203.fits,2031-03-27 23:07:46.761609,GW310327a
642,321,catO5_321.fits,2031-03-28 09:02:29.579937,GW310328a
3618,1809,catO5_1809.fits,2031-03-28 09:19:28.585998,GW310328b
763,381,catO5_381.fits,2031-03-28 16:52:31.507026,GW310328c
447,223,catO5_223.fits,2031-03-30 00:34:24.274045,GW310330a
2915,1457,catO5_1457.fits,2031-03-30 14:27:21.689595,GW310330b
3197,1598,catO5_1598.fits,2031-03-31 00:17:49.571676,GW310331a
482,241,catO5_241.fits,2031-03-31 14:05:29.303522,GW310331b
2032,1016,catO5_1016.fits,2031-04-01 08:10:29.336052,GW310401a
4187,2093,catO5_2093.fits,2031-04-02 02:21:01.304894,GW310402a
1773,886,catO5_886.fits,2031-04-02 04:44:47.859899,GW310402b
2497,1248,catO5_1248.fits,2031-04-02 18:44:14.757365,GW310402c
406,203,catO5_203.fits,2031-04-02 21:42:14.949319,GW310402d
3649,1824,catO5_1824.fits,2031-04-03 00:59:03.307039,GW310403a
1750,875,catO5_875.fits,2031-04-03 02:51:38.764414,GW310403b
120,60,catO5_60.fits,2031-04-04 00:53:19.575300,GW310404a
1248,624,catO5_624.fits,2031-04-04 14:55:43.638381,GW310404b
3337,1668,catO5_1668.fits,2031-04-04 21:51:11.004218,GW310404c
3061,1530,catO5_1530.fits,2031-04-05 20:23:53.259246,GW310405a
1123,561,catO5_561.fits,2031-04-06 01:36:57.730461,GW310406a
3770,1885,catO5_1885.fits,2031-04-07 17:27:11.722601,GW310407a
825,412,catO5_412.fits,2031-04-07 20:01:14.474227,GW310407b
1116,558,catO5_558.fits,2031-04-07 21:40:16.884695,GW310407c
12,6,catO5_6.fits,2031-04-08 10:34:58.966938,GW310408a
3378,1689,catO5_1689.fits,2031-04-08 23:27:53.051565,GW310408b
281,140,catO5_140.fits,2031-04-09 04:29:45.768287,GW310409a
1399,699,catO5_699.fits,2031-04-09 17:47:24.515771,GW310409b
4083,2041,catO5_2041.fits,2031-04-10 02:20:23.360513,GW310410a
4052,2026,catO5_2026.fits,2031-04-10 02:27:14.355091,GW310410b
946,473,catO5_473.fits,2031-04-10 04:10:27.250460,GW310410c
2006,1003,catO5_1003.fits,2031-04-10 07:41:58.671530,GW310410d
3548,1774,catO5_1774.fits,2031-04-10 21:45:18.846370,GW310410e
138,69,catO5_69.fits,2031-04-11 16:39:09.663556,GW310411a
3159,1579,catO5_1579.fits,2031-04-11 23:41:21.292718,GW310411b
4320,2160,catO5_2160.fits,2031-04-12 09:34:06.621268,GW310412a
3245,1622,catO5_1622.fits,2031-04-12 14:22:36.182734,GW310412b
3977,1988,catO5_1988.fits,2031-04-13 01:39:04.312658,GW310413a
961,480,catO5_480.fits,2031-04-13 05:26:19.783887,GW310413b
24,12,catO5_12.fits,2031-04-13 08:24:45.340694,GW310413c
1338,669,catO5_669.fits,2031-04-13 10:14:49.162379,GW310413d
2344,1172,catO5_1172.fits,2031-04-13 13:55:51.002847,GW310413e
1584,792,catO5_792.fits,2031-04-14 09:13:00.501905,GW310414a
4303,2151,catO5_2151.fits,2031-04-16 05:31:04.074954,GW310416a
302,151,catO5_151.fits,2031-04-16 05:51:58.326789,GW310416b
1693,846,catO5_846.fits,2031-04-16 13:23:58.442271,GW310416c
1664,832,catO5_832.fits,2031-04-17 02:37:51.614790,GW310417a
4219,2109,catO5_2109.fits,2031-04-17 05:52:32.428144,GW310417b
2939,1469,catO5_1469.fits,2031-04-17 17:10:11.040131,GW310417c
2455,1227,catO5_1227.fits,2031-04-17 18:48:41.994235,GW310417d
4140,2070,catO5_2070.fits,2031-04-17 21:51:31.948936,GW310417e
4374,2187,catO5_2187.fits,2031-04-18 11:04:33.802252,GW310418a
3985,1992,catO5_1992.fits,2031-04-19 04:54:09.095224,GW310419a
758,379,catO5_379.fits,2031-04-19 06:56:56.921975,GW310419b
277,138,catO5_138.fits,2031-04-19 12:31:42.655497,GW310419c
2186,1093,catO5_1093.fits,2031-04-19 22:22:25.913298,GW310419d
2599,1299,catO5_1299.fits,2031-04-20 04:45:22.085715,GW310420a
516,258,catO5_258.fits,2031-04-21 01:52:05.723639,GW310421a
3670,1835,catO5_1835.fits,2031-04-21 03:47:32.482009,GW310421b
4090,2045,catO5_2045.fits,2031-04-21 07:09:10.280355,GW310421c
2281,1140,catO5_1140.fits,2031-04-21 09:11:03.074434,GW310421d
3235,1617,catO5_1617.fits,2031-04-21 12:24:24.666774,GW310421e
1527,763,catO5_763.fits,2031-04-22 13:15:34.380083,GW310422a
3535,1767,catO5_1767.fits,2031-04-23 10:39:46.197036,GW310423a
285,142,catO5_142.fits,2031-04-23 18:51:12.991405,GW310423b
2259,1129,catO5_1129.fits,2031-04-23 19:01:35.750602,GW310423c
2758,1379,catO5_1379.fits,2031-04-24 09:28:36.173533,GW310424a
23,11,catO5_11.fits,2031-04-24 11:11:59.544926,GW310424b
19,9,catO5_9.fits,2031-04-24 16:09:33.632940,GW310424c
2576,1288,catO5_1288.fits,2031-04-25 10:24:45.453346,GW310425a
37,18,catO5_18.fits,2031-04-26 04:10:29.374307,GW310426a
1617,808,catO5_808.fits,2031-04-26 07:32:17.296380,GW310426b
2403,1201,catO5_1201.fits,2031-04-26 10:35:12.172933,GW310426c
2078,1039,catO5_1039.fits,2031-04-26 17:59:53.531009,GW310426d
678,339,catO5_339.fits,2031-04-26 23:39:51.443649,GW310426e
1206,603,catO5_603.fits,2031-04-27 04:56:03.280102,GW310427a
4600,2300,catO5_2300.fits,2031-04-27 08:35:17.200738,GW310427b
4184,2092,catO5_2092.fits,2031-04-27 16:49:02.115516,GW310427c
573,286,catO5_286.fits,2031-04-27 23:09:18.399039,GW310427d
1530,765,catO5_765.fits,2031-04-28 01:54:30.402587,GW310428a
1052,526,catO5_526.fits,2031-04-28 21:02:08.202593,GW310428b
1413,706,catO5_706.fits,2031-04-28 23:50:54.044508,GW310428c
4295,2147,catO5_2147.fits,2031-04-29 15:02:46.800860,GW310429a
1540,770,catO5_770.fits,2031-04-29 22:16:29.666404,GW310429b
3923,1961,catO5_1961.fits,2031-04-30 04:59:06.872638,GW310430a
1294,647,catO5_647.fits,2031-04-30 17:00:44.295195,GW310430b
3844,1922,catO5_1922.fits,2031-04-30 21:19:21.568782,GW310430c
2201,1100,catO5_1100.fits,2031-04-30 23:31:51.948967,GW310430d
1893,946,catO5_946.fits,2031-05-01 04:12:13.292134,GW310501a
66,33,catO5_33.fits,2031-05-01 05:41:23.837629,GW310501b
188,94,catO5_94.fits,2031-05-01 13:28:32.142669,GW310501c
4369,2184,catO5_2184.fits,2031-05-01 18:09:48.670598,GW310501d
1469,734,catO5_734.fits,2031-05-02 09:24:43.402679,GW310502a
567,283,catO5_283.fits,2031-05-02 17:54:01.641237,GW310502b
2711,1355,catO5_1355.fits,2031-05-02 22:21:17.682226,GW310502c
391,195,catO5_195.fits,2031-05-03 21:44:09.996149,GW310503a
3398,1699,catO5_1699.fits,2031-05-04 02:51:08.210903,GW310504a
2018,1009,catO5_1009.fits,2031-05-04 09:15:28.519846,GW310504b
1218,609,catO5_609.fits,2031-05-04 15:17:40.143668,GW310504c
272,136,catO5_136.fits,2031-05-05 21:24:09.250450,GW310505a
1412,706,catO5_706.fits,2031-05-06 02:46:13.872215,GW310506a
566,283,catO5_283.fits,2031-05-06 03:52:24.424959,GW310506b
1362,681,catO5_681.fits,2031-05-06 11:31:32.363662,GW310506c
442,221,catO5_221.fits,2031-05-06 23:51:54.694952,GW310506d
711,355,catO5_355.fits,2031-05-07 00:00:41.682333,GW310507a
2694,1347,catO5_1347.fits,2031-05-07 07:26:00.639115,GW310507b
4366,2183,catO5_2183.fits,2031-05-07 11:24:58.885557,GW310507c
4034,2017,catO5_2017.fits,2031-05-08 11:58:15.715188,GW310508a
1349,674,catO5_674.fits,2031-05-09 04:06:42.870203,GW310509a
2318,1159,catO5_1159.fits,2031-05-09 06:22:20.117820,GW310509b
4373,2186,catO5_2186.fits,2031-05-10 02:20:49.368974,GW310510a
565,282,catO5_282.fits,2031-05-10 02:43:26.123731,GW310510b
288,144,catO5_144.fits,2031-05-11 04:47:12.718614,GW310511a
806,403,catO5_403.fits,2031-05-11 13:59:44.651430,GW310511b
4218,2109,catO5_2109.fits,2031-05-12 01:58:39.405912,GW310512a
2040,1020,catO5_1020.fits,2031-05-12 22:12:52.575049,GW310512b
3188,1594,catO5_1594.fits,2031-05-13 06:55:43.926775,GW310513a
611,305,catO5_305.fits,2031-05-14 12:45:15.339209,GW310514a
2618,1309,catO5_1309.fits,2031-05-16 07:30:14.846313,GW310516a
3761,1880,catO5_1880.fits,2031-05-18 13:21:07.003301,GW310518a
2081,1040,catO5_1040.fits,2031-05-18 16:58:39.374310,GW310518b
3062,1531,catO5_1531.fits,2031-05-19 03:11:41.674863,GW310519a
632,316,catO5_316.fits,2031-05-22 15:40:12.518253,GW310522a
984,492,catO5_492.fits,2031-05-23 05:48:49.923095,GW310523a
3408,1704,catO5_1704.fits,2031-05-24 04:58:13.976221,GW310524a
1278,639,catO5_639.fits,2031-05-24 11:24:55.060123,GW310524b
50,25,catO5_25.fits,2031-05-24 18:18:46.167672,GW310524c
4258,2129,catO5_2129.fits,2031-05-24 21:21:48.340727,GW310524d
3287,1643,catO5_1643.fits,2031-05-26 16:53:22.089779,GW310526a
4601,2300,catO5_2300.fits,2031-05-27 19:58:41.580535,GW310527a
4456,2228,catO5_2228.fits,2031-05-28 05:24:06.386931,GW310528a
789,394,catO5_394.fits,2031-05-28 17:03:22.798348,GW310528b
3767,1883,catO5_1883.fits,2031-05-29 03:01:24.905146,GW310529a
2558,1279,catO5_1279.fits,2031-05-29 15:11:24.629771,GW310529b
0,0,catO5_0.fits,2031-05-29 16:04:35.388433,GW310529c
1363,681,catO5_681.fits,2031-05-31 00:03:08.783583,GW310531a
2199,1099,catO5_1099.fits,2031-06-01 21:17:00.299342,GW310601a
1407,703,catO5_703.fits,2031-06-02 03:13:37.611974,GW310602a
3294,1647,catO5_1647.fits,2031-06-02 13:21:54.061331,GW310602b
1475,737,catO5_737.fits,2031-06-02 18:10:28.399253,GW310602c
587,293,catO5_293.fits,2031-06-02 22:25:07.265602,GW310602d
3225,1612,catO5_1612.fits,2031-06-03 20:34:46.815677,GW310603a
3092,1546,catO5_1546.fits,2031-06-05 13:50:07.816202,GW310605a
3247,1623,catO5_1623.fits,2031-06-07 01:52:24.975533,GW310607a
3797,1898,catO5_1898.fits,2031-06-07 07:40:31.742434,GW310607b
3542,1771,catO5_1771.fits,2031-06-09 02:57:47.406028,GW310609a
372,186,catO5_186.fits,2031-06-09 09:37:54.033980,GW310609b
3567,1783,catO5_1783.fits,2031-06-10 01:33:30.347988,GW310610a
405,202,catO5_202.fits,2031-06-11 09:52:36.777242,GW310611a
2614,1307,catO5_1307.fits,2031-06-12 19:15:24.711528,GW310612a
3897,1948,catO5_1948.fits,2031-06-12 20:26:02.572399,GW310612b
3978,1989,catO5_1989.fits,2031-06-13 00:10:58.915628,GW310613a
889,444,catO5_444.fits,2031-06-13 03:33:58.590653,GW310613b
643,321,catO5_321.fits,2031-06-13 20:41:41.695625,GW310613c
1265,632,catO5_632.fits,2031-06-14 06:20:32.316550,GW310614a
2254,1127,catO5_1127.fits,2031-06-14 13:20:55.384086,GW310614b
978,489,catO5_489.fits,2031-06-14 16:50:17.883236,GW310614c
2369,1184,catO5_1184.fits,2031-06-16 02:31:32.452583,GW310616a
1916,958,catO5_958.fits,2031-06-16 19:39:50.962616,GW310616b
3164,1582,catO5_1582.fits,2031-06-18 01:42:16.038827,GW310618a
3947,1973,catO5_1973.fits,2031-06-18 11:12:49.587817,GW310618b
438,219,catO5_219.fits,2031-06-19 17:55:41.409458,GW310619a
4445,2222,catO5_2222.fits,2031-06-19 22:13:20.136294,GW310619b
1887,943,catO5_943.fits,2031-06-20 01:22:54.359821,GW310620a
1101,550,catO5_550.fits,2031-06-20 03:06:05.792293,GW310620b
2624,1312,catO5_1312.fits,2031-06-20 03:22:26.261847,GW310620c
4521,2260,catO5_2260.fits,2031-06-20 10:51:51.408430,GW310620d
1960,980,catO5_980.fits,2031-06-20 14:27:06.513356,GW310620e
3734,1867,catO5_1867.fits,2031-06-20 19:30:03.429526,GW310620f
2491,1245,catO5_1245.fits,2031-06-20 22:01:02.970296,GW310620g
3186,1593,catO5_1593.fits,2031-06-21 14:54:43.957030,GW310621a
218,109,catO5_109.fits,2031-06-21 21:51:49.991300,GW310621b
2250,1125,catO5_1125.fits,2031-06-22 07:57:20.408625,GW310622a
3716,1858,catO5_1858.fits,2031-06-22 13:46:52.626621,GW310622b
307,153,catO5_153.fits,2031-06-23 15:33:19.017897,GW310623a
381,190,catO5_190.fits,2031-06-23 19:04:15.932277,GW310623b
3056,1528,catO5_1528.fits,2031-06-24 00:35:53.798267,GW310624a
2267,1133,catO5_1133.fits,2031-06-24 03:43:42.860385,GW310624b
924,462,catO5_462.fits,2031-06-25 05:25:55.590775,GW310625a
4498,2249,catO5_2249.fits,2031-06-25 17:27:38.192263,GW310625b
2322,1161,catO5_1161.fits,2031-06-25 22:10:59.516363,GW310625c
2306,1153,catO5_1153.fits,2031-06-28 00:12:48.219193,GW310628a
975,487,catO5_487.fits,2031-06-28 10:56:14.659780,GW310628b
3033,1516,catO5_1516.fits,2031-06-29 02:43:56.790926,GW310629a
3619,1809,catO5_1809.fits,2031-06-30 20:21:49.899050,GW310630a
2189,1094,catO5_1094.fits,2031-07-01 23:28:38.293481,GW310701a
756,378,catO5_378.fits,2031-07-02 10:04:54.850961,GW310702a
1317,658,catO5_658.fits,2031-07-03 10:54:05.776583,GW310703a
1823,911,catO5_911.fits,2031-07-03 13:20:40.012405,GW310703b
1967,983,catO5_983.fits,2031-07-04 06:39:15.259386,GW310704a
3930,1965,catO5_1965.fits,2031-07-04 23:53:11.736467,GW310704b
3779,1889,catO5_1889.fits,2031-07-05 09:27:28.471898,GW310705a
1151,575,catO5_575.fits,2031-07-05 13:23:21.284768,GW310705b
828,414,catO5_414.fits,2031-07-05 16:42:57.611578,GW310705c
2805,1402,catO5_1402.fits,2031-07-06 06:14:44.298722,GW310706a
3998,1999,catO5_1999.fits,2031-07-06 17:16:46.568078,GW310706b
1195,597,catO5_597.fits,2031-07-06 22:35:46.733830,GW310706c
555,277,catO5_277.fits,2031-07-07 08:09:47.707190,GW310707a
4517,2258,catO5_2258.fits,2031-07-07 17:47:20.211618,GW310707b
4564,2282,catO5_2282.fits,2031-07-07 23:36:11.175817,GW310707c
2613,1306,catO5_1306.fits,2031-07-08 06:21:46.112346,GW310708a
2810,1405,catO5_1405.fits,2031-07-08 16:57:07.070971,GW310708b
1364,682,catO5_682.fits,2031-07-10 12:31:03.554699,GW310710a
4450,2225,catO5_2225.fits,2031-07-11 00:46:23.388091,GW310711a
2718,1359,catO5_1359.fits,2031-07-12 11:38:11.021768,GW310712a
1332,666,catO5_666.fits,2031-07-13 17:54:22.066108,GW310713a
4414,2207,catO5_2207.fits,2031-07-14 21:40:34.820101,GW310714a
1922,961,catO5_961.fits,2031-07-16 14:24:50.843995,GW310716a
2130,1065,catO5_1065.fits,2031-07-17 04:33:25.781324,GW310717a
2604,1302,catO5_1302.fits,2031-07-17 10:48:31.661868,GW310717b
834,417,catO5_417.fits,2031-07-17 22:33:09.069062,GW310717c
1756,878,catO5_878.fits,2031-07-18 07:04:31.255357,GW310718a
1422,711,catO5_711.fits,2031-07-19 00:43:14.710829,GW310719a
768,384,catO5_384.fits,2031-07-20 07:39:13.517288,GW310720a
532,266,catO5_266.fits,2031-07-23 00:48:31.848440,GW310723a
189,94,catO5_94.fits,2031-07-23 02:21:02.773536,GW310723b
2138,1069,catO5_1069.fits,2031-07-24 02:00:39.030811,GW310724a
4432,2216,catO5_2216.fits,2031-07-24 18:55:58.332806,GW310724b
2889,1444,catO5_1444.fits,2031-07-24 20:31:39.188301,GW310724c
945,472,catO5_472.fits,2031-07-24 23:14:28.654809,GW310724d
457,228,catO5_228.fits,2031-07-27 12:14:32.809980,GW310727a
3954,1977,catO5_1977.fits,2031-07-28 23:34:00.062816,GW310728a
2405,1202,catO5_1202.fits,2031-07-29 08:08:48.357957,GW310729a
1799,899,catO5_899.fits,2031-07-30 10:54:05.673013,GW310730a
2194,1097,catO5_1097.fits,2031-08-01 09:39:57.841127,GW310801a
3422,1711,catO5_1711.fits,2031-08-02 04:27:02.399470,GW310802a
2075,1037,catO5_1037.fits,2031-08-02 07:43:00.105200,GW310802b
653,326,catO5_326.fits,2031-08-02 10:37:49.236712,GW310802c
3014,1507,catO5_1507.fits,2031-08-03 13:06:01.042178,GW310803a
4465,2232,catO5_2232.fits,2031-08-03 18:42:59.829229,GW310803b
2034,1017,catO5_1017.fits,2031-08-04 03:40:00.905670,GW310804a
1188,594,catO5_594.fits,2031-08-04 21:57:46.788045,GW310804b
3464,1732,catO5_1732.fits,2031-08-05 02:16:31.843010,GW310805a
4150,2075,catO5_2075.fits,2031-08-05 09:02:27.681147,GW310805b
3416,1708,catO5_1708.fits,2031-08-06 21:34:11.412860,GW310806a
4177,2088,catO5_2088.fits,2031-08-06 22:46:15.565577,GW310806b
3819,1909,catO5_1909.fits,2031-08-06 22:55:21.110295,GW310806c
175,87,catO5_87.fits,2031-08-07 03:42:30.377645,GW310807a
545,272,catO5_272.fits,2031-08-07 19:37:50.878186,GW310807b
3359,1679,catO5_1679.fits,2031-08-08 07:20:14.571731,GW310808a
2995,1497,catO5_1497.fits,2031-08-08 08:23:30.201454,GW310808b
4522,2261,catO5_2261.fits,2031-08-08 11:30:52.398089,GW310808c
2009,1004,catO5_1004.fits,2031-08-08 15:53:56.145004,GW310808d
3598,1799,catO5_1799.fits,2031-08-09 04:07:49.292323,GW310809a
2765,1382,catO5_1382.fits,2031-08-09 08:00:27.972175,GW310809b
3607,1803,catO5_1803.fits,2031-08-09 10:11:48.603943,GW310809c
2590,1295,catO5_1295.fits,2031-08-09 20:42:04.624460,GW310809d
1932,966,catO5_966.fits,2031-08-10 23:04:18.911001,GW310810a
3449,1724,catO5_1724.fits,2031-08-11 08:32:22.068162,GW310811a
3053,1526,catO5_1526.fits,2031-08-11 10:57:16.820572,GW310811b
4389,2194,catO5_2194.fits,2031-08-11 18:40:52.227086,GW310811c
562,281,catO5_281.fits,2031-08-12 06:26:59.260993,GW310812a
1831,915,catO5_915.fits,2031-08-12 13:55:34.321015,GW310812b
3859,1929,catO5_1929.fits,2031-08-12 16:32:50.937040,GW310812c
2423,1211,catO5_1211.fits,2031-08-14 04:14:00.121131,GW310814a
108,54,catO5_54.fits,2031-08-15 12:02:33.068726,GW310815a
2368,1184,catO5_1184.fits,2031-08-16 18:39:07.593747,GW310816a
2880,1440,catO5_1440.fits,2031-08-17 09:17:50.570058,GW310817a
3808,1904,catO5_1904.fits,2031-08-17 23:24:20.230846,GW310817b
836,418,catO5_418.fits,2031-08-18 13:32:54.462611,GW310818a
2660,1330,catO5_1330.fits,2031-08-18 14:32:52.857773,GW310818b
2514,1257,catO5_1257.fits,2031-08-20 02:30:26.454924,GW310820a
146,73,catO5_73.fits,2031-08-20 14:10:46.920270,GW310820b
3958,1979,catO5_1979.fits,2031-08-20 18:16:51.370017,GW310820c
256,128,catO5_128.fits,2031-08-21 07:03:51.273849,GW310821a
884,442,catO5_442.fits,2031-08-21 09:04:22.382620,GW310821b
3756,1878,catO5_1878.fits,2031-08-21 20:15:11.974304,GW310821c
4381,2190,catO5_2190.fits,2031-08-22 23:38:57.834325,GW310822a
3729,1864,catO5_1864.fits,2031-08-23 13:59:47.881200,GW310823a
937,468,catO5_468.fits,2031-08-23 15:35:06.808607,GW310823b
2295,1147,catO5_1147.fits,2031-08-24 03:58:33.679031,GW310824a
1770,885,catO5_885.fits,2031-08-24 08:56:55.966479,GW310824b
3554,1777,catO5_1777.fits,2031-08-24 19:41:57.715911,GW310824c
3966,1983,catO5_1983.fits,2031-08-25 19:08:16.957748,GW310825a
2542,1271,catO5_1271.fits,2031-08-28 00:25:07.191078,GW310828a
770,385,catO5_385.fits,2031-08-28 02:49:18.039237,GW310828b
613,306,catO5_306.fits,2031-08-28 12:32:29.922871,GW310828c
4023,2011,catO5_2011.fits,2031-08-29 17:27:53.791211,GW310829a
2658,1329,catO5_1329.fits,2031-08-29 19:28:20.549952,GW310829b
3625,1812,catO5_1812.fits,2031-08-30 21:05:02.144361,GW310830a
3875,1937,catO5_1937.fits,2031-08-30 21:13:26.728311,GW310830b
2669,1334,catO5_1334.fits,2031-08-31 02:56:47.529304,GW310831a
423,211,catO5_211.fits,2031-08-31 04:46:03.154967,GW310831b
1240,620,catO5_620.fits,2031-08-31 08:53:48.488221,GW310831c
172,86,catO5_86.fits,2031-08-31 19:07:25.267302,GW310831d
2129,1064,catO5_1064.fits,2031-08-31 20:31:39.903374,GW310831e
706,353,catO5_353.fits,2031-09-01 00:04:28.959202,GW310901a
3417,1708,catO5_1708.fits,2031-09-01 06:11:38.234714,GW310901b
52,26,catO5_26.fits,2031-09-01 22:48:51.490560,GW310901c
4610,2305,catO5_2305.fits,2031-09-02 00:24:50.052907,GW310902a
3291,1645,catO5_1645.fits,2031-09-02 01:52:25.340269,GW310902b
3901,1950,catO5_1950.fits,2031-09-02 16:08:05.535593,GW310902c
1474,737,catO5_737.fits,2031-09-03 02:22:20.020972,GW310903a
2856,1428,catO5_1428.fits,2031-09-03 04:45:10.691191,GW310903b
2600,1300,catO5_1300.fits,2031-09-03 14:37:04.467792,GW310903c
1515,757,catO5_757.fits,2031-09-03 18:54:23.479964,GW310903d
4174,2087,catO5_2087.fits,2031-09-04 10:01:02.507752,GW310904a
1166,583,catO5_583.fits,2031-09-07 02:13:06.880294,GW310907a
848,424,catO5_424.fits,2031-09-07 05:55:16.589386,GW310907b
352,176,catO5_176.fits,2031-09-07 15:32:04.222239,GW310907c
3664,1832,catO5_1832.fits,2031-09-07 15:37:18.648969,GW310907d
3474,1737,catO5_1737.fits,2031-09-07 23:48:56.922450,GW310907e
1931,965,catO5_965.fits,2031-09-10 06:29:04.634297,GW310910a
3669,1834,catO5_1834.fits,2031-09-10 21:52:16.653394,GW310910b
2545,1272,catO5_1272.fits,2031-09-11 17:32:53.878525,GW310911a
526,263,catO5_263.fits,2031-09-12 04:07:10.994923,GW310912a
2215,1107,catO5_1107.fits,2031-09-12 09:58:45.365753,GW310912b
581,290,catO5_290.fits,2031-09-12 11:12:00.773934,GW310912c
3339,1669,catO5_1669.fits,2031-09-12 11:35:32.172322,GW310912d
3381,1690,catO5_1690.fits,2031-09-13 11:19:13.787543,GW310913a
3142,1571,catO5_1571.fits,2031-09-15 15:30:07.552883,GW310915a
60,30,catO5_30.fits,2031-09-16 03:54:35.037797,GW310916a
2857,1428,catO5_1428.fits,2031-09-16 15:37:16.225326,GW310916b
672,336,catO5_336.fits,2031-09-17 11:24:55.943169,GW310917a
4047,2023,catO5_2023.fits,2031-09-17 19:02:22.949790,GW310917b
1350,675,catO5_675.fits,2031-09-18 16:36:39.100485,GW310918a
1219,609,catO5_609.fits,2031-09-19 20:56:40.363308,GW310919a
1872,936,catO5_936.fits,2031-09-21 05:12:42.866508,GW310921a
2636,1318,catO5_1318.fits,2031-09-21 05:27:19.323488,GW310921b
2629,1314,catO5_1314.fits,2031-09-22 00:26:41.938476,GW310922a
1208,604,catO5_604.fits,2031-09-22 12:45:14.576507,GW310922b
1367,683,catO5_683.fits,2031-09-24 07:01:48.366966,GW310924a
4313,2156,catO5_2156.fits,2031-09-24 08:30:48.149164,GW310924b
3316,1658,catO5_1658.fits,2031-09-24 08:47:52.048489,GW310924c
2541,1270,catO5_1270.fits,2031-09-24 12:59:01.511408,GW310924d
509,254,catO5_254.fits,2031-09-25 12:59:59.877193,GW310925a
4002,2001,catO5_2001.fits,2031-09-26 01:53:46.088707,GW310926a
269,134,catO5_134.fits,2031-09-26 05:03:05.477095,GW310926b
2357,1178,catO5_1178.fits,2031-09-26 11:58:33.749066,GW310926c
134,67,catO5_67.fits,2031-09-26 16:09:40.729564,GW310926d
2289,1144,catO5_1144.fits,2031-09-26 17:25:18.841491,GW310926e
1058,529,catO5_529.fits,2031-09-28 16:09:39.860699,GW310928a
4120,2060,catO5_2060.fits,2031-09-28 22:59:31.553810,GW310928b
1059,529,catO5_529.fits,2031-09-29 08:06:08.381803,GW310929a
4119,2059,catO5_2059.fits,2031-09-29 19:21:41.227429,GW310929b
2416,1208,catO5_1208.fits,2031-10-01 11:14:31.708623,GW311001a
2716,1358,catO5_1358.fits,2031-10-01 16:43:08.273853,GW311001b
1991,995,catO5_995.fits,2031-10-02 01:25:15.289749,GW311002a
480,240,catO5_240.fits,2031-10-03 03:09:59.906664,GW311003a
4255,2127,catO5_2127.fits,2031-10-03 16:12:25.715994,GW311003b
3208,1604,catO5_1604.fits,2031-10-04 06:43:17.521499,GW311004a
3495,1747,catO5_1747.fits,2031-10-05 09:27:12.521494,GW311005a
2262,1131,catO5_1131.fits,2031-10-05 15:43:29.421250,GW311005b
2635,1317,catO5_1317.fits,2031-10-06 06:23:12.749868,GW311006a
3967,1983,catO5_1983.fits,2031-10-06 08:24:22.413865,GW311006b
888,444,catO5_444.fits,2031-10-06 18:07:52.638319,GW311006c
4073,2036,catO5_2036.fits,2031-10-06 19:37:46.558845,GW311006d
4079,2039,catO5_2039.fits,2031-10-07 01:34:43.662393,GW311007a
2013,1006,catO5_1006.fits,2031-10-08 04:15:11.411415,GW311008a
2023,1011,catO5_1011.fits,2031-10-08 05:32:47.341725,GW311008b
2804,1402,catO5_1402.fits,2031-10-08 06:00:42.702057,GW311008c
905,452,catO5_452.fits,2031-10-08 06:41:43.259710,GW311008d
3170,1585,catO5_1585.fits,2031-10-08 09:17:54.625673,GW311008e
3352,1676,catO5_1676.fits,2031-10-08 19:30:27.094920,GW311008f
620,310,catO5_310.fits,2031-10-09 04:37:46.086057,GW311009a
413,206,catO5_206.fits,2031-10-09 06:43:30.037118,GW311009b
4193,2096,catO5_2096.fits,2031-10-10 04:15:38.278426,GW311010a
41,20,catO5_20.fits,2031-10-10 06:06:16.647610,GW311010b
121,60,catO5_60.fits,2031-10-10 14:31:05.244016,GW311010c
742,371,catO5_371.fits,2031-10-11 10:30:34.284998,GW311011a
769,384,catO5_384.fits,2031-10-11 14:51:07.019377,GW311011b
3363,1681,catO5_1681.fits,2031-10-12 10:25:50.617128,GW311012a
3986,1993,catO5_1993.fits,2031-10-13 14:38:40.759772,GW311013a
2461,1230,catO5_1230.fits,2031-10-13 16:46:30.137298,GW311013b
878,439,catO5_439.fits,2031-10-14 08:49:25.822749,GW311014a
4067,2033,catO5_2033.fits,2031-10-16 05:27:28.033477,GW311016a
1637,818,catO5_818.fits,2031-10-16 13:37:03.635244,GW311016b
3530,1765,catO5_1765.fits,2031-10-16 22:10:03.619316,GW311016c
3178,1589,catO5_1589.fits,2031-10-16 23:24:17.965436,GW311016d
314,157,catO5_157.fits,2031-10-17 12:42:32.054601,GW311017a
2288,1144,catO5_1144.fits,2031-10-19 06:15:31.147928,GW311019a
1173,586,catO5_586.fits,2031-10-19 23:47:32.052798,GW311019b
3089,1544,catO5_1544.fits,2031-10-20 04:48:58.049883,GW311020a
2815,1407,catO5_1407.fits,2031-10-21 04:24:19.437134,GW311021a
2798,1399,catO5_1399.fits,2031-10-21 05:29:56.267792,GW311021b
2552,1276,catO5_1276.fits,2031-10-21 22:56:16.991700,GW311021c
3374,1687,catO5_1687.fits,2031-10-22 01:11:57.080091,GW311022a
1003,501,catO5_501.fits,2031-10-22 05:47:46.142895,GW311022b
370,185,catO5_185.fits,2031-10-22 18:20:04.183408,GW311022c
4533,2266,catO5_2266.fits,2031-10-23 00:34:29.155249,GW311023a
4365,2182,catO5_2182.fits,2031-10-23 19:25:59.046897,GW311023b
4344,2172,catO5_2172.fits,2031-10-24 06:13:58.547525,GW311024a
2378,1189,catO5_1189.fits,2031-10-24 20:58:08.964888,GW311024b
2745,1372,catO5_1372.fits,2031-10-25 04:52:08.360856,GW311025a
3354,1677,catO5_1677.fits,2031-10-25 18:14:45.076247,GW311025b
1450,725,catO5_725.fits,2031-10-25 22:47:13.923212,GW311025c
1425,712,catO5_712.fits,2031-10-26 06:07:07.953868,GW311026a
3887,1943,catO5_1943.fits,2031-10-27 00:47:03.967339,GW311027a
3385,1692,catO5_1692.fits,2031-10-27 07:06:27.871584,GW311027b
3198,1599,catO5_1599.fits,2031-10-27 11:20:41.788029,GW311027c
3769,1884,catO5_1884.fits,2031-10-28 04:24:12.350296,GW311028a
2670,1335,catO5_1335.fits,2031-10-28 12:44:13.756362,GW311028b
1194,597,catO5_597.fits,2031-10-28 22:54:24.114249,GW311028c
4572,2286,catO5_2286.fits,2031-10-30 17:15:54.628432,GW311030a
206,103,catO5_103.fits,2031-10-30 18:40:31.134480,GW311030b
409,204,catO5_204.fits,2031-10-31 07:20:27.241397,GW311031a
1089,544,catO5_544.fits,2031-10-31 16:34:13.397289,GW311031b
547,273,catO5_273.fits,2031-10-31 17:55:07.231325,GW311031c
795,397,catO5_397.fits,2031-11-02 03:06:30.340279,GW311102a
3970,1985,catO5_1985.fits,2031-11-05 20:42:07.839062,GW311105a
814,407,catO5_407.fits,2031-11-06 12:45:23.003166,GW311106a
1867,933,catO5_933.fits,2031-11-06 13:07:25.162416,GW311106b
1266,633,catO5_633.fits,2031-11-06 18:40:03.927054,GW311106c
148,74,catO5_74.fits,2031-11-08 01:02:00.154491,GW311108a
2150,1075,catO5_1075.fits,2031-11-08 23:58:12.186211,GW311108b
4026,2013,catO5_2013.fits,2031-11-09 23:57:40.545618,GW311109a
1479,739,catO5_739.fits,2031-11-10 04:23:15.153973,GW311110a
3098,1549,catO5_1549.fits,2031-11-10 17:56:19.361624,GW311110b
900,450,catO5_450.fits,2031-11-11 05:35:59.348187,GW311111a
485,242,catO5_242.fits,2031-11-11 06:54:43.123770,GW311111b
2809,1404,catO5_1404.fits,2031-11-12 05:21:48.685319,GW311112a
985,492,catO5_492.fits,2031-11-13 09:32:40.845461,GW311113a
1672,836,catO5_836.fits,2031-11-15 09:58:20.687064,GW311115a
1247,623,catO5_623.fits,2031-11-15 12:47:30.833902,GW311115b
3165,1582,catO5_1582.fits,2031-11-15 16:48:00.234352,GW311115c
3155,1577,catO5_1577.fits,2031-11-15 22:54:42.416885,GW311115d
1258,629,catO5_629.fits,2031-11-16 06:52:48.064143,GW311116a
3714,1857,catO5_1857.fits,2031-11-17 06:20:05.521177,GW311117a
2498,1249,catO5_1249.fits,2031-11-17 06:42:22.903746,GW311117b
1783,891,catO5_891.fits,2031-11-17 13:55:09.769738,GW311117c
2821,1410,catO5_1410.fits,2031-11-18 04:59:56.402662,GW311118a
1136,568,catO5_568.fits,2031-11-18 22:33:32.538577,GW311118b
3106,1553,catO5_1553.fits,2031-11-19 18:53:13.712507,GW311119a
4386,2193,catO5_2193.fits,2031-11-20 14:59:53.617167,GW311120a
2572,1286,catO5_1286.fits,2031-11-20 22:39:15.715878,GW311120b
2084,1042,catO5_1042.fits,2031-11-21 11:30:51.306139,GW311121a
1876,938,catO5_938.fits,2031-11-21 14:20:29.798952,GW311121b
4021,2010,catO5_2010.fits,2031-11-21 21:25:27.224338,GW311121c
1856,928,catO5_928.fits,2031-11-22 05:39:27.099149,GW311122a
1608,804,catO5_804.fits,2031-11-22 12:10:52.642127,GW311122b
3276,1638,catO5_1638.fits,2031-11-23 05:45:49.033557,GW311123a
553,276,catO5_276.fits,2031-11-23 22:45:43.593979,GW311123b
351,175,catO5_175.fits,2031-11-23 23:27:19.359788,GW311123c
1191,595,catO5_595.fits,2031-11-26 00:03:51.382583,GW311126a
3093,1546,catO5_1546.fits,2031-11-26 05:51:15.809034,GW311126b
1941,970,catO5_970.fits,2031-11-26 06:16:29.478894,GW311126c
3955,1977,catO5_1977.fits,2031-11-26 10:02:42.897378,GW311126d
2796,1398,catO5_1398.fits,2031-11-29 19:01:06.907928,GW311129a
903,451,catO5_451.fits,2031-11-30 21:56:37.956951,GW311130a
463,231,catO5_231.fits,2031-12-01 19:08:41.193295,GW311201a
4029,2014,catO5_2014.fits,2031-12-02 06:03:53.382045,GW311202a
418,209,catO5_209.fits,2031-12-04 05:11:57.734369,GW311204a
2955,1477,catO5_1477.fits,2031-12-04 14:41:52.867756,GW311204b
1966,983,catO5_983.fits,2031-12-04 16:49:48.697168,GW311204c
4071,2035,catO5_2035.fits,2031-12-05 18:17:50.374987,GW311205a
1011,505,catO5_505.fits,2031-12-06 15:11:13.798352,GW311206a
1912,956,catO5_956.fits,2031-12-06 17:06:59.502779,GW311206b
944,472,catO5_472.fits,2031-12-07 22:15:53.570657,GW311207a
1968,984,catO5_984.fits,2031-12-10 15:08:27.287817,GW311210a
85,42,catO5_42.fits,2031-12-10 17:11:46.346031,GW311210b
3514,1757,catO5_1757.fits,2031-12-11 10:24:21.075462,GW311211a
2104,1052,catO5_1052.fits,2031-12-12 05:02:11.093025,GW311212a
1512,756,catO5_756.fits,2031-12-14 01:37:14.392989,GW311214a
1067,533,catO5_533.fits,2031-12-14 04:49:30.053024,GW311214b
2760,1380,catO5_1380.fits,2031-12-14 12:07:58.213117,GW311214c
4169,2084,catO5_2084.fits,2031-12-14 16:24:39.398198,GW311214d
639,319,catO5_319.fits,2031-12-15 23:58:36.048324,GW311215a
1772,886,catO5_886.fits,2031-12-17 08:01:25.945456,GW311217a
4332,2166,catO5_2166.fits,2031-12-18 13:14:21.226871,GW311218a
4490,2245,catO5_2245.fits,2031-12-18 22:34:41.325984,GW311218b
366,183,catO5_183.fits,2031-12-19 04:58:12.576974,GW311219a
2701,1350,catO5_1350.fits,2031-12-19 07:36:06.435793,GW311219b
1088,544,catO5_544.fits,2031-12-20 04:37:25.137548,GW311220a
3280,1640,catO5_1640.fits,2031-12-20 21:46:36.881179,GW311220b
4454,2227,catO5_2227.fits,2031-12-21 08:59:32.147277,GW311221a
1167,583,catO5_583.fits,2031-12-22 01:42:58.918919,GW311222a
287,143,catO5_143.fits,2031-12-22 10:01:35.379854,GW311222b
2967,1483,catO5_1483.fits,2031-12-22 13:10:02.532101,GW311222c
196,98,catO5_98.fits,2031-12-22 14:49:39.386251,GW311222d
1712,856,catO5_856.fits,2031-12-22 14:55:35.119765,GW311222e
4108,2054,catO5_2054.fits,2031-12-22 22:22:09.730998,GW311222f
205,102,catO5_102.fits,2031-12-22 22:49:38.933661,GW311222g
608,304,catO5_304.fits,2031-12-23 13:57:44.211260,GW311223a
925,462,catO5_462.fits,2031-12-23 19:21:11.322994,GW311223b
4471,2235,catO5_2235.fits,2031-12-24 14:06:02.365159,GW311224a
3543,1771,catO5_1771.fits,2031-12-25 14:03:32.224133,GW311225a
3122,1561,catO5_1561.fits,2031-12-26 07:59:37.306418,GW311226a
2736,1368,catO5_1368.fits,2031-12-26 10:50:06.261559,GW311226b
2734,1367,catO5_1367.fits,2031-12-27 10:51:27.876306,GW311227a
1859,929,catO5_929.fits,2031-12-28 23:08:55.149997,GW311228a
3610,1805,catO5_1805.fits,2031-12-29 10:03:21.798495,GW311229a
1619,809,catO5_809.fits,2031-12-30 15:04:27.177780,GW311230a
1014,507,catO5_507.fits,2031-12-30 18:31:17.034959,GW311230b
990,495,catO5_495.fits,2031-12-30 19:52:31.103249,GW311230c
569,284,catO5_284.fits,2031-12-31 03:13:39.657839,GW311231a
4376,2188,catO5_2188.fits,2031-12-31 10:50:23.966004,GW311231b
517,258,catO5_258.fits,2031-12-31 17:52:45.236163,GW311231c
4539,2269,catO5_2269.fits,2032-01-01 13:21:44.117193,GW320101a
4426,2213,catO5_2213.fits,2032-01-01 14:52:41.409818,GW320101b
1295,647,catO5_647.fits,2032-01-02 00:34:23.915984,GW320102a
2650,1325,catO5_1325.fits,2032-01-02 17:23:09.825235,GW320102b
3050,1525,catO5_1525.fits,2032-01-04 04:39:50.016836,GW320104a
3346,1673,catO5_1673.fits,2032-01-05 06:03:22.750206,GW320105a
3318,1659,catO5_1659.fits,2032-01-06 02:58:35.389178,GW320106a
118,59,catO5_59.fits,2032-01-07 05:51:16.158128,GW320107a
707,353,catO5_353.fits,2032-01-07 08:26:45.805964,GW320107b
28,14,catO5_14.fits,2032-01-07 11:57:14.748502,GW320107c
871,435,catO5_435.fits,2032-01-08 01:54:27.609116,GW320108a
3634,1817,catO5_1817.fits,2032-01-08 07:05:05.208451,GW320108b
3921,1960,catO5_1960.fits,2032-01-08 19:48:57.847001,GW320108c
16,8,catO5_8.fits,2032-01-09 20:37:26.973253,GW320109a
4353,2176,catO5_2176.fits,2032-01-09 22:18:25.627295,GW320109b
1084,542,catO5_542.fits,2032-01-10 04:54:56.153619,GW320110a
2066,1033,catO5_1033.fits,2032-01-11 04:35:00.509338,GW320111a
2560,1280,catO5_1280.fits,2032-01-11 08:39:53.204171,GW320111b
1626,813,catO5_813.fits,2032-01-13 00:06:55.509145,GW320113a
2943,1471,catO5_1471.fits,2032-01-13 13:29:10.920348,GW320113b
340,170,catO5_170.fits,2032-01-13 21:34:34.171379,GW320113c
3143,1571,catO5_1571.fits,2032-01-14 19:16:39.020677,GW320114a
67,33,catO5_33.fits,2032-01-14 21:36:04.906431,GW320114b
3913,1956,catO5_1956.fits,2032-01-15 03:09:45.428364,GW320115a
1596,798,catO5_798.fits,2032-01-15 04:34:34.409583,GW320115b
1375,687,catO5_687.fits,2032-01-15 06:00:23.510536,GW320115c
531,265,catO5_265.fits,2032-01-17 07:07:37.610511,GW320117a
147,73,catO5_73.fits,2032-01-18 12:30:18.408691,GW320118a
2562,1281,catO5_1281.fits,2032-01-18 20:57:09.529077,GW320118b
2304,1152,catO5_1152.fits,2032-01-19 04:34:31.252721,GW320119a
3312,1656,catO5_1656.fits,2032-01-19 04:52:37.067065,GW320119b
2143,1071,catO5_1071.fits,2032-01-19 20:52:15.465995,GW320119c
762,381,catO5_381.fits,2032-01-20 03:23:50.418864,GW320120a
1357,678,catO5_678.fits,2032-01-22 04:30:59.403558,GW320122a
2781,1390,catO5_1390.fits,2032-01-23 00:03:33.801027,GW320123a
1984,992,catO5_992.fits,2032-01-23 09:43:29.328810,GW320123b
1110,555,catO5_555.fits,2032-01-24 01:46:22.517199,GW320124a
164,82,catO5_82.fits,2032-01-24 04:13:00.864311,GW320124b
2167,1083,catO5_1083.fits,2032-01-24 16:24:19.766892,GW320124c
152,76,catO5_76.fits,2032-01-24 17:37:27.077754,GW320124d
3878,1939,catO5_1939.fits,2032-01-25 10:47:19.910007,GW320125a
3893,1946,catO5_1946.fits,2032-01-25 16:59:02.666866,GW320125b
683,341,catO5_341.fits,2032-01-25 22:39:08.361159,GW320125c
1631,815,catO5_815.fits,2032-01-26 05:07:20.786084,GW320126a
3479,1739,catO5_1739.fits,2032-01-27 06:47:53.563606,GW320127a
2392,1196,catO5_1196.fits,2032-01-28 01:19:04.466561,GW320128a
4361,2180,catO5_2180.fits,2032-01-28 16:24:40.198074,GW320128b
1654,827,catO5_827.fits,2032-01-30 00:31:38.740991,GW320130a
702,351,catO5_351.fits,2032-01-31 02:26:51.354195,GW320131a
2528,1264,catO5_1264.fits,2032-01-31 03:55:42.086637,GW320131b
2136,1068,catO5_1068.fits,2032-01-31 04:13:10.819423,GW320131c
735,367,catO5_367.fits,2032-01-31 12:40:53.632644,GW320131d
536,268,catO5_268.fits,2032-01-31 18:00:35.593222,GW320131e
2538,1269,catO5_1269.fits,2032-02-01 00:07:05.525400,GW320201a
2457,1228,catO5_1228.fits,2032-02-01 05:19:27.887989,GW320201b
1710,855,catO5_855.fits,2032-02-01 07:24:41.165770,GW320201c
42,21,catO5_21.fits,2032-02-02 02:17:07.206485,GW320202a
2209,1104,catO5_1104.fits,2032-02-02 09:50:01.493647,GW320202b
361,180,catO5_180.fits,2032-02-02 12:48:21.478764,GW320202c
102,51,catO5_51.fits,2032-02-03 19:48:28.813961,GW320203a
4043,2021,catO5_2021.fits,2032-02-03 23:54:16.318043,GW320203b
3116,1558,catO5_1558.fits,2032-02-04 11:53:17.168365,GW320204a
376,188,catO5_188.fits,2032-02-06 12:03:51.745008,GW320206a
2950,1475,catO5_1475.fits,2032-02-06 15:13:14.734616,GW320206b
2285,1142,catO5_1142.fits,2032-02-06 18:00:05.598599,GW320206c
271,135,catO5_135.fits,2032-02-07 08:34:24.933947,GW320207a
4220,2110,catO5_2110.fits,2032-02-08 07:22:59.761751,GW320208a
3656,1828,catO5_1828.fits,2032-02-08 11:28:04.202415,GW320208b
1481,740,catO5_740.fits,2032-02-09 08:22:19.210435,GW320209a
933,466,catO5_466.fits,2032-02-09 08:53:16.248187,GW320209b
3544,1772,catO5_1772.fits,2032-02-09 23:14:05.283540,GW320209c
1547,773,catO5_773.fits,2032-02-11 07:40:11.656103,GW320211a
2546,1273,catO5_1273.fits,2032-02-11 21:15:24.615820,GW320211b
3130,1565,catO5_1565.fits,2032-02-12 01:00:18.401005,GW320212a
3105,1552,catO5_1552.fits,2032-02-12 07:24:28.427833,GW320212b
4234,2117,catO5_2117.fits,2032-02-13 01:40:07.628254,GW320213a
3353,1676,catO5_1676.fits,2032-02-13 09:37:00.401572,GW320213b
1238,619,catO5_619.fits,2032-02-13 21:24:56.157507,GW320213c
4232,2116,catO5_2116.fits,2032-02-14 07:13:50.178709,GW320214a
2703,1351,catO5_1351.fits,2032-02-14 12:22:17.796295,GW320214b
1106,553,catO5_553.fits,2032-02-14 15:15:48.308979,GW320214c
844,422,catO5_422.fits,2032-02-15 13:47:14.221138,GW320215a
2909,1454,catO5_1454.fits,2032-02-15 17:23:10.502085,GW320215b
1066,533,catO5_533.fits,2032-02-15 20:21:10.107017,GW320215c
4116,2058,catO5_2058.fits,2032-02-16 10:05:38.785973,GW320216a
22,11,catO5_11.fits,2032-02-16 15:15:42.157751,GW320216b
1828,914,catO5_914.fits,2032-02-18 02:21:10.171912,GW320218a
2429,1214,catO5_1214.fits,2032-02-19 09:57:11.366126,GW320219a
1620,810,catO5_810.fits,2032-02-19 11:09:38.449685,GW320219b
179,89,catO5_89.fits,2032-02-19 13:14:27.320261,GW320219c
1535,767,catO5_767.fits,2032-02-21 02:39:56.267547,GW320221a
741,370,catO5_370.fits,2032-02-21 14:31:12.426101,GW320221b
4491,2245,catO5_2245.fits,2032-02-21 18:13:25.608483,GW320221c
141,70,catO5_70.fits,2032-02-22 00:11:59.704592,GW320222a
4307,2153,catO5_2153.fits,2032-02-22 18:14:56.140147,GW320222b
2410,1205,catO5_1205.fits,2032-02-23 04:34:11.491762,GW320223a
2284,1142,catO5_1142.fits,2032-02-23 16:36:12.233629,GW320223b
3436,1718,catO5_1718.fits,2032-02-24 05:42:18.276134,GW320224a
1449,724,catO5_724.fits,2032-02-26 06:08:15.118444,GW320226a
3140,1570,catO5_1570.fits,2032-02-26 13:14:28.870128,GW320226b
4061,2030,catO5_2030.fits,2032-02-28 01:33:25.646446,GW320228a
4095,2047,catO5_2047.fits,2032-02-28 22:40:05.512666,GW320228b
3064,1532,catO5_1532.fits,2032-02-28 23:12:47.697842,GW320228c
1709,854,catO5_854.fits,2032-02-29 03:58:01.594846,GW320229a
295,147,catO5_147.fits,2032-02-29 22:14:54.932678,GW320229b
422,211,catO5_211.fits,2032-03-01 17:07:12.464170,GW320301a
169,84,catO5_84.fits,2032-03-01 19:17:56.885099,GW320301b
879,439,catO5_439.fits,2032-03-02 19:21:41.681327,GW320302a
950,475,catO5_475.fits,2032-03-03 18:49:13.700027,GW320303a
708,354,catO5_354.fits,2032-03-03 19:28:20.789681,GW320303b
4243,2121,catO5_2121.fits,2032-03-03 21:36:21.970261,GW320303c
799,399,catO5_399.fits,2032-03-03 23:15:27.943080,GW320303d
1108,554,catO5_554.fits,2032-03-05 00:57:55.967092,GW320305a
1251,625,catO5_625.fits,2032-03-05 11:05:28.075411,GW320305b
912,456,catO5_456.fits,2032-03-05 23:20:11.440076,GW320305c
4158,2079,catO5_2079.fits,2032-03-06 11:23:02.407592,GW320306a
604,302,catO5_302.fits,2032-03-06 13:08:06.877937,GW320306b
1000,500,catO5_500.fits,2032-03-06 13:12:17.763282,GW320306c
4569,2284,catO5_2284.fits,2032-03-06 14:48:19.131831,GW320306d
1027,513,catO5_513.fits,2032-03-06 19:39:05.359337,GW320306e
1697,848,catO5_848.fits,2032-03-07 06:48:41.922482,GW320307a
3541,1770,catO5_1770.fits,2032-03-07 22:37:23.483679,GW320307b
543,271,catO5_271.fits,2032-03-10 02:53:06.393467,GW320310a
2236,1118,catO5_1118.fits,2032-03-10 17:17:09.647945,GW320310b
4088,2044,catO5_2044.fits,2032-03-10 22:42:03.203510,GW320310c
2784,1392,catO5_1392.fits,2032-03-10 23:55:51.391361,GW320310d
935,467,catO5_467.fits,2032-03-11 09:01:14.098933,GW320311a
2850,1425,catO5_1425.fits,2032-03-12 01:55:58.896724,GW320312a
2888,1444,catO5_1444.fits,2032-03-12 09:40:58.830611,GW320312b
1945,972,catO5_972.fits,2032-03-13 16:19:46.628616,GW320313a
1690,845,catO5_845.fits,2032-03-15 07:40:32.676783,GW320315a
2529,1264,catO5_1264.fits,2032-03-15 09:23:28.942138,GW320315b
615,307,catO5_307.fits,2032-03-16 06:14:23.473914,GW320316a
1878,939,catO5_939.fits,2032-03-18 01:53:32.999414,GW320318a
3723,1861,catO5_1861.fits,2032-03-18 22:56:33.827139,GW320318b
922,461,catO5_461.fits,2032-03-19 18:01:14.150817,GW320319a
2210,1105,catO5_1105.fits,2032-03-20 01:21:40.469644,GW320320a
3242,1621,catO5_1621.fits,2032-03-21 15:20:49.811402,GW320321a
2043,1021,catO5_1021.fits,2032-03-21 18:54:57.226148,GW320321b
3402,1701,catO5_1701.fits,2032-03-21 19:01:39.863627,GW320321c
1353,676,catO5_676.fits,2032-03-23 02:17:39.706664,GW320323a
1781,890,catO5_890.fits,2032-03-23 05:47:22.936216,GW320323b
858,429,catO5_429.fits,2032-03-23 13:25:33.359454,GW320323c
3959,1979,catO5_1979.fits,2032-03-24 01:25:04.964413,GW320324a
90,45,catO5_45.fits,2032-03-24 08:18:32.523827,GW320324b
2420,1210,catO5_1210.fits,2032-03-25 12:36:29.945479,GW320325a
3617,1808,catO5_1808.fits,2032-03-26 04:07:59.097574,GW320326a
3263,1631,catO5_1631.fits,2032-03-26 07:07:09.753815,GW320326b
740,370,catO5_370.fits,2032-03-26 17:50:04.757091,GW320326c
1404,702,catO5_702.fits,2032-03-26 22:24:28.818969,GW320326d
1677,838,catO5_838.fits,2032-03-27 04:13:59.207290,GW320327a
628,314,catO5_314.fits,2032-03-27 05:01:27.825014,GW320327b
4130,2065,catO5_2065.fits,2032-03-27 14:03:05.185076,GW320327c
4201,2100,catO5_2100.fits,2032-03-27 15:27:04.260740,GW320327d
3748,1874,catO5_1874.fits,2032-03-28 07:07:49.862827,GW320328a
2737,1368,catO5_1368.fits,2032-03-28 07:32:15.196082,GW320328b
2789,1394,catO5_1394.fits,2032-03-28 13:52:04.590801,GW320328c
2537,1268,catO5_1268.fits,2032-03-30 19:59:04.381962,GW320330a
1410,705,catO5_705.fits,2032-03-31 12:55:23.645649,GW320331a
4103,2051,catO5_2051.fits,2032-04-02 22:25:14.137026,GW320402a
4018,2009,catO5_2009.fits,2032-04-03 08:51:07.351114,GW320403a
3269,1634,catO5_1634.fits,2032-04-03 17:54:10.861351,GW320403b
1759,879,catO5_879.fits,2032-04-04 15:27:44.684607,GW320404a
3232,1616,catO5_1616.fits,2032-04-04 15:50:33.870559,GW320404b
3326,1663,catO5_1663.fits,2032-04-05 18:29:58.367886,GW320405a
4155,2077,catO5_2077.fits,2032-04-06 03:34:32.442491,GW320406a
1281,640,catO5_640.fits,2032-04-06 05:29:23.137494,GW320406b
4096,2048,catO5_2048.fits,2032-04-07 09:05:10.565003,GW320407a
3391,1695,catO5_1695.fits,2032-04-07 19:07:00.774935,GW320407b
4020,2010,catO5_2010.fits,2032-04-07 19:35:47.556723,GW320407c
3843,1921,catO5_1921.fits,2032-04-08 14:38:42.794706,GW320408a
4077,2038,catO5_2038.fits,2032-04-09 07:15:21.593651,GW320409a
1703,851,catO5_851.fits,2032-04-10 14:45:43.237568,GW320410a
2958,1479,catO5_1479.fits,2032-04-10 20:38:49.536895,GW320410b
4149,2074,catO5_2074.fits,2032-04-10 22:52:51.503961,GW320410c
2258,1129,catO5_1129.fits,2032-04-11 19:19:18.186410,GW320411a
308,154,catO5_154.fits,2032-04-12 09:49:16.265725,GW320412a
1854,927,catO5_927.fits,2032-04-13 05:21:19.579685,GW320413a
1444,722,catO5_722.fits,2032-04-13 12:51:35.531904,GW320413b
3666,1833,catO5_1833.fits,2032-04-14 09:46:34.221122,GW320414a
3373,1686,catO5_1686.fits,2032-04-14 18:54:15.512451,GW320414b
1860,930,catO5_930.fits,2032-04-15 11:22:53.392893,GW320415a
2235,1117,catO5_1117.fits,2032-04-15 17:09:09.302234,GW320415b
3902,1951,catO5_1951.fits,2032-04-15 19:11:59.685307,GW320415c
2935,1467,catO5_1467.fits,2032-04-16 00:04:22.817572,GW320416a
1870,935,catO5_935.fits,2032-04-17 13:48:35.739731,GW320417a
4126,2063,catO5_2063.fits,2032-04-18 06:09:53.392475,GW320418a
1685,842,catO5_842.fits,2032-04-18 23:58:11.278673,GW320418b
1305,652,catO5_652.fits,2032-04-20 07:56:49.294815,GW320420a
4118,2059,catO5_2059.fits,2032-04-20 12:23:17.500661,GW320420b
1819,909,catO5_909.fits,2032-04-20 23:06:23.801007,GW320420c
249,124,catO5_124.fits,2032-04-22 03:55:52.018926,GW320422a
3975,1987,catO5_1987.fits,2032-04-22 09:09:47.709465,GW320422b
778,389,catO5_389.fits,2032-04-22 09:45:56.329756,GW320422c
1491,745,catO5_745.fits,2032-04-23 05:41:45.060846,GW320423a
3899,1949,catO5_1949.fits,2032-04-23 10:15:04.711988,GW320423b
1652,826,catO5_826.fits,2032-04-24 05:41:06.521459,GW320424a
3117,1558,catO5_1558.fits,2032-04-24 19:36:28.646249,GW320424b
1647,823,catO5_823.fits,2032-04-24 23:16:52.940811,GW320424c
622,311,catO5_311.fits,2032-04-25 17:36:10.825199,GW320425a
3211,1605,catO5_1605.fits,2032-04-25 19:17:21.232164,GW320425b
1477,738,catO5_738.fits,2032-04-26 03:11:00.961924,GW320426a
793,396,catO5_396.fits,2032-04-26 06:59:32.820709,GW320426b
1227,613,catO5_613.fits,2032-04-26 17:54:11.131177,GW320426c
1485,742,catO5_742.fits,2032-04-27 19:27:12.533990,GW320427a
1288,644,catO5_644.fits,2032-04-27 23:19:47.744568,GW320427b
2951,1475,catO5_1475.fits,2032-04-27 23:27:47.059273,GW320427c
494,247,catO5_247.fits,2032-04-28 04:20:40.450937,GW320428a
575,287,catO5_287.fits,2032-04-28 07:59:48.594532,GW320428b
2610,1305,catO5_1305.fits,2032-04-30 11:54:13.539828,GW320430a
3167,1583,catO5_1583.fits,2032-05-02 01:13:27.004359,GW320502a
3751,1875,catO5_1875.fits,2032-05-02 06:50:10.361490,GW320502b
2320,1160,catO5_1160.fits,2032-05-02 20:03:30.074611,GW320502c
1537,768,catO5_768.fits,2032-05-03 13:06:27.673090,GW320503a
2926,1463,catO5_1463.fits,2032-05-03 18:21:03.505667,GW320503b
4568,2284,catO5_2284.fits,2032-05-04 09:27:35.811653,GW320504a
1031,515,catO5_515.fits,2032-05-06 09:58:55.816988,GW320506a
2602,1301,catO5_1301.fits,2032-05-06 13:47:54.372661,GW320506b
3133,1566,catO5_1566.fits,2032-05-06 20:48:43.909880,GW320506c
2866,1433,catO5_1433.fits,2032-05-06 22:17:28.074986,GW320506d
30,15,catO5_15.fits,2032-05-07 19:00:35.591608,GW320507a
4164,2082,catO5_2082.fits,2032-05-08 03:04:13.836334,GW320508a
1224,612,catO5_612.fits,2032-05-08 19:12:41.176786,GW320508b
4335,2167,catO5_2167.fits,2032-05-08 21:11:59.601433,GW320508c
2076,1038,catO5_1038.fits,2032-05-09 19:41:21.195883,GW320509a
1252,626,catO5_626.fits,2032-05-09 23:26:26.510714,GW320509b
1131,565,catO5_565.fits,2032-05-10 14:46:41.437814,GW320510a
194,97,catO5_97.fits,2032-05-11 21:53:28.897606,GW320511a
4159,2079,catO5_2079.fits,2032-05-12 01:24:17.667813,GW320512a
2309,1154,catO5_1154.fits,2032-05-12 05:42:00.139067,GW320512b
2678,1339,catO5_1339.fits,2032-05-13 02:05:19.818181,GW320513a
2340,1170,catO5_1170.fits,2032-05-13 10:14:34.792658,GW320513b
371,185,catO5_185.fits,2032-05-14 07:37:21.000905,GW320514a
4328,2164,catO5_2164.fits,2032-05-14 15:27:18.447656,GW320514b
1706,853,catO5_853.fits,2032-05-15 12:51:19.572611,GW320515a
3650,1825,catO5_1825.fits,2032-05-16 00:41:01.385484,GW320516a
651,325,catO5_325.fits,2032-05-16 01:48:45.636626,GW320516b
3176,1588,catO5_1588.fits,2032-05-16 10:06:08.041881,GW320516c
3282,1641,catO5_1641.fits,2032-05-16 13:18:52.107096,GW320516d
1436,718,catO5_718.fits,2032-05-16 15:03:41.140108,GW320516e
2839,1419,catO5_1419.fits,2032-05-17 02:04:03.186970,GW320517a
3443,1721,catO5_1721.fits,2032-05-17 04:39:35.816233,GW320517b
1419,709,catO5_709.fits,2032-05-17 11:39:01.223080,GW320517c
2738,1369,catO5_1369.fits,2032-05-17 11:43:39.241383,GW320517d
552,276,catO5_276.fits,2032-05-18 02:13:54.504982,GW320518a
4009,2004,catO5_2004.fits,2032-05-19 23:18:19.356328,GW320519a
2959,1479,catO5_1479.fits,2032-05-20 09:13:26.203838,GW320520a
1495,747,catO5_747.fits,2032-05-20 10:07:45.749186,GW320520b
39,19,catO5_19.fits,2032-05-20 18:00:20.845169,GW320520c
3183,1591,catO5_1591.fits,2032-05-21 05:20:01.433348,GW320521a
261,130,catO5_130.fits,2032-05-21 12:08:47.023921,GW320521b
1156,578,catO5_578.fits,2032-05-22 02:49:35.888632,GW320522a
1159,579,catO5_579.fits,2032-05-22 07:21:01.501385,GW320522b
1632,816,catO5_816.fits,2032-05-22 11:11:56.641101,GW320522c
4515,2257,catO5_2257.fits,2032-05-22 13:51:44.527809,GW320522d
1746,873,catO5_873.fits,2032-05-23 03:36:03.446750,GW320523a
3968,1984,catO5_1984.fits,2032-05-23 21:05:04.950359,GW320523b
1300,650,catO5_650.fits,2032-05-24 19:41:53.636253,GW320524a
774,387,catO5_387.fits,2032-05-26 06:45:01.968424,GW320526a
2026,1013,catO5_1013.fits,2032-05-27 06:19:05.325071,GW320527a
1852,926,catO5_926.fits,2032-05-27 09:41:35.073893,GW320527b
470,235,catO5_235.fits,2032-05-27 15:58:10.316908,GW320527c
4301,2150,catO5_2150.fits,2032-05-27 22:38:44.809771,GW320527d
4437,2218,catO5_2218.fits,2032-05-28 20:42:22.081195,GW320528a
3683,1841,catO5_1841.fits,2032-05-29 10:54:01.996836,GW320529a
4229,2114,catO5_2114.fits,2032-05-29 19:15:10.540254,GW320529b
1323,661,catO5_661.fits,2032-05-29 22:58:59.474022,GW320529c
1037,518,catO5_518.fits,2032-05-30 00:49:46.767132,GW320530a
634,317,catO5_317.fits,2032-05-30 02:52:20.727892,GW320530b
2835,1417,catO5_1417.fits,2032-05-30 11:39:28.356988,GW320530c
3871,1935,catO5_1935.fits,2032-05-31 12:54:13.529873,GW320531a
2363,1181,catO5_1181.fits,2032-05-31 15:45:10.452849,GW320531b
2384,1192,catO5_1192.fits,2032-05-31 17:43:24.848034,GW320531c
1215,607,catO5_607.fits,2032-06-01 11:48:26.489150,GW320601a
2726,1363,catO5_1363.fits,2032-06-01 16:59:43.099651,GW320601b
473,236,catO5_236.fits,2032-06-01 19:57:56.256254,GW320601c
3641,1820,catO5_1820.fits,2032-06-01 21:03:33.344834,GW320601d
942,471,catO5_471.fits,2032-06-01 21:26:59.637571,GW320601e
1354,677,catO5_677.fits,2032-06-02 18:37:46.348959,GW320602a
2536,1268,catO5_1268.fits,2032-06-03 01:47:16.669127,GW320603a
1656,828,catO5_828.fits,2032-06-03 02:38:34.404519,GW320603b
2282,1141,catO5_1141.fits,2032-06-03 08:18:41.745170,GW320603c
1743,871,catO5_871.fits,2032-06-03 22:14:49.486264,GW320603d
3935,1967,catO5_1967.fits,2032-06-05 07:51:33.034114,GW320605a
3048,1524,catO5_1524.fits,2032-06-05 15:34:11.264226,GW320605b
4441,2220,catO5_2220.fits,2032-06-06 03:30:43.592962,GW320606a
4251,2125,catO5_2125.fits,2032-06-06 12:03:13.183285,GW320606b
1849,924,catO5_924.fits,2032-06-07 11:15:48.721591,GW320607a
938,469,catO5_469.fits,2032-06-08 03:18:41.511741,GW320608a
3647,1823,catO5_1823.fits,2032-06-08 11:50:54.922846,GW320608b
199,99,catO5_99.fits,2032-06-08 21:21:35.626330,GW320608c
2426,1213,catO5_1213.fits,2032-06-10 02:06:00.416736,GW320610a
2724,1362,catO5_1362.fits,2032-06-10 04:53:55.130759,GW320610b
3765,1882,catO5_1882.fits,2032-06-11 22:31:06.595561,GW320611a
2554,1277,catO5_1277.fits,2032-06-13 02:28:09.953499,GW320613a
2488,1244,catO5_1244.fits,2032-06-13 10:11:45.000318,GW320613b
2674,1337,catO5_1337.fits,2032-06-13 13:25:10.150254,GW320613c
3877,1938,catO5_1938.fits,2032-06-13 16:46:54.439645,GW320613d
2452,1226,catO5_1226.fits,2032-06-14 15:43:35.340430,GW320614a
4247,2123,catO5_2123.fits,2032-06-14 16:34:50.755944,GW320614b
471,235,catO5_235.fits,2032-06-14 18:38:14.067083,GW320614c
417,208,catO5_208.fits,2032-06-15 07:53:50.899892,GW320615a
3694,1847,catO5_1847.fits,2032-06-15 12:52:30.600917,GW320615b
2268,1134,catO5_1134.fits,2032-06-15 15:48:11.259362,GW320615c
13,6,catO5_6.fits,2032-06-16 03:48:39.031560,GW320616a
1768,884,catO5_884.fits,2032-06-16 06:26:03.737943,GW320616b
2388,1194,catO5_1194.fits,2032-06-16 22:28:21.673808,GW320616c
1906,953,catO5_953.fits,2032-06-18 09:42:23.931070,GW320618a
3025,1512,catO5_1512.fits,2032-06-19 05:12:50.231369,GW320619a
2389,1194,catO5_1194.fits,2032-06-19 05:29:57.465864,GW320619b
1698,849,catO5_849.fits,2032-06-19 06:21:29.183294,GW320619c
2754,1377,catO5_1377.fits,2032-06-20 00:30:21.076808,GW320620a
4514,2257,catO5_2257.fits,2032-06-20 01:04:52.942054,GW320620b
915,457,catO5_457.fits,2032-06-20 01:07:44.303201,GW320620c
1193,596,catO5_596.fits,2032-06-20 01:49:39.979138,GW320620d
1948,974,catO5_974.fits,2032-06-20 18:26:19.854520,GW320620e
107,53,catO5_53.fits,2032-06-21 03:32:38.123585,GW320621a
47,23,catO5_23.fits,2032-06-21 20:29:08.877086,GW320621b
2071,1035,catO5_1035.fits,2032-06-21 22:34:02.463090,GW320621c
3395,1697,catO5_1697.fits,2032-06-22 14:30:12.804673,GW320622a
3187,1593,catO5_1593.fits,2032-06-23 00:54:10.310737,GW320623a
3889,1944,catO5_1944.fits,2032-06-23 15:01:45.530390,GW320623b
3300,1650,catO5_1650.fits,2032-06-23 15:56:53.750667,GW320623c
3272,1636,catO5_1636.fits,2032-06-24 01:33:55.730705,GW320624a
2149,1074,catO5_1074.fits,2032-06-24 09:25:02.793417,GW320624b
2936,1468,catO5_1468.fits,2032-06-24 17:10:50.168543,GW320624c
1853,926,catO5_926.fits,2032-06-24 18:28:47.050852,GW320624d
1489,744,catO5_744.fits,2032-06-26 01:02:21.603480,GW320626a
1801,900,catO5_900.fits,2032-06-26 02:41:40.204988,GW320626b
4161,2080,catO5_2080.fits,2032-06-26 02:48:04.305199,GW320626c
3604,1802,catO5_1802.fits,2032-06-26 08:33:05.961969,GW320626d
928,464,catO5_464.fits,2032-06-27 12:28:50.470986,GW320627a
4266,2133,catO5_2133.fits,2032-06-28 05:46:12.528095,GW320628a
3783,1891,catO5_1891.fits,2032-06-29 02:18:02.900267,GW320629a
4256,2128,catO5_2128.fits,2032-06-29 03:43:53.091679,GW320629b
320,160,catO5_160.fits,2032-06-29 08:13:19.620673,GW320629c
2672,1336,catO5_1336.fits,2032-06-29 19:54:32.635446,GW320629d
1529,764,catO5_764.fits,2032-06-30 06:54:48.997481,GW320630a
2446,1223,catO5_1223.fits,2032-07-03 03:30:51.095131,GW320703a
2165,1082,catO5_1082.fits,2032-07-03 06:54:10.044728,GW320703b
4114,2057,catO5_2057.fits,2032-07-03 10:21:19.409301,GW320703c
1500,750,catO5_750.fits,2032-07-04 00:53:11.433575,GW320704a
437,218,catO5_218.fits,2032-07-05 18:53:52.472422,GW320705a
2653,1326,catO5_1326.fits,2032-07-06 09:43:24.854859,GW320706a
3994,1997,catO5_1997.fits,2032-07-06 23:23:34.712999,GW320706b
4308,2154,catO5_2154.fits,2032-07-07 20:01:42.537925,GW320707a
1539,769,catO5_769.fits,2032-07-08 02:07:56.884173,GW320708a
2587,1293,catO5_1293.fits,2032-07-08 04:22:46.970704,GW320708b
908,454,catO5_454.fits,2032-07-08 13:59:49.439633,GW320708c
1835,917,catO5_917.fits,2032-07-08 18:28:14.674093,GW320708d
1322,661,catO5_661.fits,2032-07-09 12:31:49.326319,GW320709a
1443,721,catO5_721.fits,2032-07-09 12:59:58.140643,GW320709b
2042,1021,catO5_1021.fits,2032-07-09 20:44:50.089079,GW320709c
2308,1154,catO5_1154.fits,2032-07-09 22:33:46.408308,GW320709d
1763,881,catO5_881.fits,2032-07-09 23:51:07.758045,GW320709e
4407,2203,catO5_2203.fits,2032-07-10 18:51:32.066996,GW320710a
1905,952,catO5_952.fits,2032-07-11 07:14:05.554905,GW320711a
4270,2135,catO5_2135.fits,2032-07-12 03:41:44.051236,GW320712a
1687,843,catO5_843.fits,2032-07-14 19:36:13.912478,GW320714a
2175,1087,catO5_1087.fits,2032-07-15 19:06:02.768111,GW320715a
2818,1409,catO5_1409.fits,2032-07-16 08:38:19.512815,GW320716a
4092,2046,catO5_2046.fits,2032-07-16 10:40:28.051020,GW320716b
4603,2301,catO5_2301.fits,2032-07-17 00:53:16.605875,GW320717a
2090,1045,catO5_1045.fits,2032-07-17 01:45:08.737195,GW320717b
3920,1960,catO5_1960.fits,2032-07-17 02:56:05.335967,GW320717c
1157,578,catO5_578.fits,2032-07-17 07:50:13.623569,GW320717d
3858,1929,catO5_1929.fits,2032-07-17 20:04:02.769885,GW320717e
1302,651,catO5_651.fits,2032-07-18 06:57:48.128003,GW320718a
2756,1378,catO5_1378.fits,2032-07-18 09:47:40.267088,GW320718b
1580,790,catO5_790.fits,2032-07-18 12:42:59.099415,GW320718c
264,132,catO5_132.fits,2032-07-18 15:00:39.917022,GW320718d
2941,1470,catO5_1470.fits,2032-07-19 04:23:01.261447,GW320719a
4283,2141,catO5_2141.fits,2032-07-19 07:57:00.978646,GW320719b
764,382,catO5_382.fits,2032-07-19 12:13:34.289158,GW320719c
1587,793,catO5_793.fits,2032-07-20 17:19:44.199455,GW320720a
3737,1868,catO5_1868.fits,2032-07-20 17:56:21.534197,GW320720b
3785,1892,catO5_1892.fits,2032-07-21 00:31:38.425342,GW320721a
4435,2217,catO5_2217.fits,2032-07-21 03:05:53.070381,GW320721b
4360,2180,catO5_2180.fits,2032-07-21 04:07:52.325794,GW320721c
1453,726,catO5_726.fits,2032-07-21 19:32:05.666259,GW320721d
1004,502,catO5_502.fits,2032-07-22 22:44:07.981189,GW320722a
2387,1193,catO5_1193.fits,2032-07-23 03:01:41.752996,GW320723a
426,213,catO5_213.fits,2032-07-23 03:12:55.705325,GW320723b
3826,1913,catO5_1913.fits,2032-07-24 00:39:18.032377,GW320724a
3289,1644,catO5_1644.fits,2032-07-25 02:51:13.319495,GW320725a
1865,932,catO5_932.fits,2032-07-25 15:34:58.656565,GW320725b
1585,792,catO5_792.fits,2032-07-26 03:16:48.116975,GW320726a
1242,621,catO5_621.fits,2032-07-26 05:08:58.851612,GW320726b
3174,1587,catO5_1587.fits,2032-07-26 12:33:14.848243,GW320726c
2555,1277,catO5_1277.fits,2032-07-27 00:10:30.557629,GW320727a
8,4,catO5_4.fits,2032-07-27 03:54:00.623792,GW320727b
1524,762,catO5_762.fits,2032-07-27 20:46:51.590157,GW320727c
3550,1775,catO5_1775.fits,2032-07-28 00:41:34.937359,GW320728a
2358,1179,catO5_1179.fits,2032-07-28 19:28:45.519807,GW320728b
4609,2304,catO5_2304.fits,2032-07-29 05:44:31.805312,GW320729a
71,35,catO5_35.fits,2032-07-30 02:42:19.048247,GW320730a
2645,1322,catO5_1322.fits,2032-07-30 23:35:40.017656,GW320730b
2881,1440,catO5_1440.fits,2032-07-31 07:51:39.846635,GW320731a
927,463,catO5_463.fits,2032-07-31 14:00:04.962192,GW320731b
1523,761,catO5_761.fits,2032-07-31 16:14:10.211721,GW320731c
518,259,catO5_259.fits,2032-08-01 18:26:29.344937,GW320801a
2442,1221,catO5_1221.fits,2032-08-01 18:43:27.375859,GW320801b
2261,1130,catO5_1130.fits,2032-08-01 20:05:10.380972,GW320801c
1283,641,catO5_641.fits,2032-08-01 21:46:42.510253,GW320801d
495,247,catO5_247.fits,2032-08-02 12:41:00.066816,GW320802a
3880,1940,catO5_1940.fits,2032-08-02 16:41:08.282733,GW320802b
1956,978,catO5_978.fits,2032-08-03 16:16:17.329140,GW320803a
3605,1802,catO5_1802.fits,2032-08-04 06:38:12.155983,GW320804a
1796,898,catO5_898.fits,2032-08-05 03:44:04.709158,GW320805a
2588,1294,catO5_1294.fits,2032-08-07 10:15:52.903547,GW320807a
4252,2126,catO5_2126.fits,2032-08-07 17:55:57.300180,GW320807b
1293,646,catO5_646.fits,2032-08-08 20:38:14.156984,GW320808a
3804,1902,catO5_1902.fits,2032-08-08 21:41:56.593073,GW320808b
3757,1878,catO5_1878.fits,2032-08-09 02:26:26.547034,GW320809a
1682,841,catO5_841.fits,2032-08-09 03:53:54.488370,GW320809b
2978,1489,catO5_1489.fits,2032-08-10 23:35:59.440911,GW320810a
3149,1574,catO5_1574.fits,2032-08-12 03:34:49.344100,GW320812a
1965,982,catO5_982.fits,2032-08-12 19:58:20.481815,GW320812b
1154,577,catO5_577.fits,2032-08-13 09:51:02.779646,GW320813a
4418,2209,catO5_2209.fits,2032-08-13 13:00:11.760242,GW320813b
783,391,catO5_391.fits,2032-08-13 18:59:57.966092,GW320813c
971,485,catO5_485.fits,2032-08-13 20:58:02.690678,GW320813d
559,279,catO5_279.fits,2032-08-13 21:07:10.917075,GW320813e
849,424,catO5_424.fits,2032-08-14 01:28:20.852749,GW320814a
3801,1900,catO5_1900.fits,2032-08-14 16:27:51.722178,GW320814b
180,90,catO5_90.fits,2032-08-15 03:38:24.148769,GW320815a
3389,1694,catO5_1694.fits,2032-08-16 15:52:06.815396,GW320816a
1745,872,catO5_872.fits,2032-08-18 00:09:06.396421,GW320818a
4588,2294,catO5_2294.fits,2032-08-18 08:39:53.189363,GW320818b
859,429,catO5_429.fits,2032-08-19 00:08:57.347003,GW320819a
2693,1346,catO5_1346.fits,2032-08-20 16:01:22.389010,GW320820a
109,54,catO5_54.fits,2032-08-20 17:18:44.910507,GW320820b
506,253,catO5_253.fits,2032-08-21 08:12:28.386028,GW320821a
4305,2152,catO5_2152.fits,2032-08-24 06:49:54.337967,GW320824a
4056,2028,catO5_2028.fits,2032-08-24 14:06:48.556916,GW320824b
1009,504,catO5_504.fits,2032-08-24 15:01:36.663315,GW320824c
974,487,catO5_487.fits,2032-08-26 02:24:43.695887,GW320826a
3794,1897,catO5_1897.fits,2032-08-26 07:13:23.165086,GW320826b
3655,1827,catO5_1827.fits,2032-08-26 22:48:15.913507,GW320826c
2,1,catO5_1.fits,2032-08-27 06:08:35.584748,GW320827a
4337,2168,catO5_2168.fits,2032-08-28 07:16:09.019709,GW320828a
1636,818,catO5_818.fits,2032-08-28 08:37:12.192778,GW320828b
4141,2070,catO5_2070.fits,2032-08-29 15:05:38.094438,GW320829a
1898,949,catO5_949.fits,2032-08-29 17:25:53.748419,GW320829b
1427,713,catO5_713.fits,2032-08-29 23:38:14.532774,GW320829c
410,205,catO5_205.fits,2032-08-30 03:37:49.947400,GW320830a
4605,2302,catO5_2302.fits,2032-08-31 07:37:03.491716,GW320831a
4226,2113,catO5_2113.fits,2032-09-01 12:41:50.938454,GW320901a
103,51,catO5_51.fits,2032-09-03 03:25:25.795095,GW320903a
1719,859,catO5_859.fits,2032-09-03 13:09:48.529332,GW320903b
782,391,catO5_391.fits,2032-09-04 15:53:42.729407,GW320904a
864,432,catO5_432.fits,2032-09-05 00:04:02.270538,GW320905a
863,431,catO5_431.fits,2032-09-06 17:04:32.650622,GW320906a
715,357,catO5_357.fits,2032-09-06 19:21:54.332590,GW320906b
2692,1346,catO5_1346.fits,2032-09-07 14:01:39.519259,GW320907a
519,259,catO5_259.fits,2032-09-09 03:18:11.208137,GW320909a
1979,989,catO5_989.fits,2032-09-09 06:16:24.870188,GW320909b
2944,1472,catO5_1472.fits,2032-09-09 18:37:05.459270,GW320909c
1467,733,catO5_733.fits,2032-09-10 08:25:23.688299,GW320910a
4590,2295,catO5_2295.fits,2032-09-11 09:07:31.059873,GW320911a
3940,1970,catO5_1970.fits,2032-09-11 16:48:37.677669,GW320911b
1733,866,catO5_866.fits,2032-09-12 01:26:59.498061,GW320912a
2140,1070,catO5_1070.fits,2032-09-14 14:32:05.931709,GW320914a
2069,1034,catO5_1034.fits,2032-09-14 22:02:09.878800,GW320914b
2890,1445,catO5_1445.fits,2032-09-16 22:09:22.045877,GW320916a
1030,515,catO5_515.fits,2032-09-17 20:40:13.557998,GW320917a
4182,2091,catO5_2091.fits,2032-09-18 03:55:38.955740,GW320918a
3139,1569,catO5_1569.fits,2032-09-18 09:38:09.174753,GW320918b
3687,1843,catO5_1843.fits,2032-09-19 14:04:45.320236,GW320919a
1961,980,catO5_980.fits,2032-09-20 00:58:24.326722,GW320920a
387,193,catO5_193.fits,2032-09-20 04:15:37.274960,GW320920b
1889,944,catO5_944.fits,2032-09-21 15:18:20.777551,GW320921a
1904,952,catO5_952.fits,2032-09-21 21:11:07.871083,GW320921b
700,350,catO5_350.fits,2032-09-23 06:34:43.601812,GW320923a
135,67,catO5_67.fits,2032-09-23 18:12:09.497776,GW320923b
1871,935,catO5_935.fits,2032-09-24 08:53:22.592734,GW320924a
3698,1849,catO5_1849.fits,2032-09-24 22:03:55.206162,GW320924b
1903,951,catO5_951.fits,2032-09-25 03:26:07.199570,GW320925a
2844,1422,catO5_1422.fits,2032-09-25 07:56:32.965900,GW320925b
3368,1684,catO5_1684.fits,2032-09-25 15:20:36.469649,GW320925c
1863,931,catO5_931.fits,2032-09-26 05:41:54.515353,GW320926a
2342,1171,catO5_1171.fits,2032-09-26 08:59:21.549395,GW320926b
3081,1540,catO5_1540.fits,2032-09-27 05:31:10.805509,GW320927a
3241,1620,catO5_1620.fits,2032-09-28 22:28:27.519988,GW320928a
1149,574,catO5_574.fits,2032-09-30 09:08:42.295748,GW320930a
3305,1652,catO5_1652.fits,2032-09-30 21:28:42.007225,GW320930b
1272,636,catO5_636.fits,2032-10-01 13:43:20.545216,GW321001a
259,129,catO5_129.fits,2032-10-02 12:07:06.107913,GW321002a
3325,1662,catO5_1662.fits,2032-10-04 03:37:55.328623,GW321004a
2164,1082,catO5_1082.fits,2032-10-05 04:40:23.859719,GW321005a
3910,1955,catO5_1955.fits,2032-10-06 00:09:56.068044,GW321006a
2257,1128,catO5_1128.fits,2032-10-08 06:17:09.620362,GW321008a
3383,1691,catO5_1691.fits,2032-10-09 05:51:51.481580,GW321009a
3840,1920,catO5_1920.fits,2032-10-09 10:36:41.314203,GW321009b
3816,1908,catO5_1908.fits,2032-10-09 16:08:12.828034,GW321009c
2272,1136,catO5_1136.fits,2032-10-09 17:09:18.064691,GW321009d
4022,2011,catO5_2011.fits,2032-10-09 22:23:38.824903,GW321009e
2596,1298,catO5_1298.fits,2032-10-10 09:01:10.412869,GW321010a
1289,644,catO5_644.fits,2032-10-11 13:31:27.292746,GW321011a
2062,1031,catO5_1031.fits,2032-10-12 05:42:22.647137,GW321012a
3576,1788,catO5_1788.fits,2032-10-12 06:40:10.303922,GW321012b
2212,1106,catO5_1106.fits,2032-10-12 12:33:52.954141,GW321012c
4581,2290,catO5_2290.fits,2032-10-13 06:21:11.332065,GW321013a
96,48,catO5_48.fits,2032-10-13 10:39:41.231626,GW321013b
2041,1020,catO5_1020.fits,2032-10-14 10:54:51.522404,GW321014a
1873,936,catO5_936.fits,2032-10-14 22:29:19.049585,GW321014b
448,224,catO5_224.fits,2032-10-15 00:14:59.904112,GW321015a
3101,1550,catO5_1550.fits,2032-10-16 07:35:45.328444,GW321016a
4497,2248,catO5_2248.fits,2032-10-17 02:38:51.886401,GW321017a
4322,2161,catO5_2161.fits,2032-10-17 10:05:00.283958,GW321017b
4194,2097,catO5_2097.fits,2032-10-17 18:33:31.143713,GW321017c
1158,579,catO5_579.fits,2032-10-18 12:55:35.227741,GW321018a
2662,1331,catO5_1331.fits,2032-10-19 03:11:44.331384,GW321019a
394,197,catO5_197.fits,2032-10-19 06:19:46.382239,GW321019b
3332,1666,catO5_1666.fits,2032-10-19 09:29:42.616615,GW321019c
3051,1525,catO5_1525.fits,2032-10-20 08:09:20.069830,GW321020a
4421,2210,catO5_2210.fits,2032-10-20 09:42:18.479864,GW321020b
4447,2223,catO5_2223.fits,2032-10-20 09:59:46.041443,GW321020c
4567,2283,catO5_2283.fits,2032-10-20 20:17:12.422319,GW321020d
1082,541,catO5_541.fits,2032-10-22 05:31:26.842373,GW321022a
1098,549,catO5_549.fits,2032-10-24 14:01:05.278923,GW321024a
1398,699,catO5_699.fits,2032-10-24 23:36:30.021077,GW321024b
3414,1707,catO5_1707.fits,2032-10-25 08:24:48.514945,GW321025a
2233,1116,catO5_1116.fits,2032-10-25 10:57:18.544161,GW321025b
766,383,catO5_383.fits,2032-10-26 03:10:37.214052,GW321026a
2099,1049,catO5_1049.fits,2032-10-26 13:19:06.144552,GW321026b
3017,1508,catO5_1508.fits,2032-10-26 18:09:56.949202,GW321026c
1078,539,catO5_539.fits,2032-10-26 22:19:50.516939,GW321026d
1210,605,catO5_605.fits,2032-10-26 22:30:30.612601,GW321026e
3580,1790,catO5_1790.fits,2032-10-27 02:10:48.806762,GW321027a
4316,2158,catO5_2158.fits,2032-10-27 04:55:16.313397,GW321027b
2082,1041,catO5_1041.fits,2032-10-27 09:36:47.581242,GW321027c
882,441,catO5_441.fits,2032-10-28 04:02:36.098027,GW321028a
4244,2122,catO5_2122.fits,2032-10-28 17:03:30.081140,GW321028b
2525,1262,catO5_1262.fits,2032-10-28 21:17:54.298789,GW321028c
2091,1045,catO5_1045.fits,2032-10-28 23:01:01.869774,GW321028d
4580,2290,catO5_2290.fits,2032-10-29 07:30:27.429140,GW321029a
4242,2121,catO5_2121.fits,2032-10-30 04:19:40.586303,GW321030a
2606,1303,catO5_1303.fits,2032-10-30 06:54:21.654807,GW321030b
4394,2197,catO5_2197.fits,2032-11-04 02:39:14.225755,GW321104a
3911,1955,catO5_1955.fits,2032-11-04 05:47:54.623145,GW321104b
4306,2153,catO5_2153.fits,2032-11-04 14:55:10.273841,GW321104c
4144,2072,catO5_2072.fits,2032-11-07 14:10:13.813956,GW321107a
1635,817,catO5_817.fits,2032-11-07 20:07:44.013532,GW321107b
3780,1890,catO5_1890.fits,2032-11-08 02:59:29.893927,GW321108a
698,349,catO5_349.fits,2032-11-08 07:22:00.494127,GW321108b
624,312,catO5_312.fits,2032-11-08 23:40:49.805220,GW321108c
1803,901,catO5_901.fits,2032-11-09 07:42:09.901621,GW321109a
2121,1060,catO5_1060.fits,2032-11-09 17:55:44.816657,GW321109b
1228,614,catO5_614.fits,2032-11-10 03:15:15.063977,GW321110a
3285,1642,catO5_1642.fits,2032-11-10 04:09:17.699160,GW321110b
754,377,catO5_377.fits,2032-11-12 12:50:34.031166,GW321112a
2294,1147,catO5_1147.fits,2032-11-13 07:51:19.984034,GW321113a
2137,1068,catO5_1068.fits,2032-11-14 03:06:16.608693,GW321114a
648,324,catO5_324.fits,2032-11-15 01:11:33.506445,GW321115a
3565,1782,catO5_1782.fits,2032-11-16 06:28:06.822158,GW321116a
1336,668,catO5_668.fits,2032-11-17 02:53:16.629097,GW321117a
3836,1918,catO5_1918.fits,2032-11-17 22:06:34.502713,GW321117b
3896,1948,catO5_1948.fits,2032-11-18 05:54:08.997960,GW321118a
1486,743,catO5_743.fits,2032-11-18 15:23:31.180522,GW321118b
3037,1518,catO5_1518.fits,2032-11-19 21:30:17.583024,GW321119a
1053,526,catO5_526.fits,2032-11-20 09:57:33.072351,GW321120a
104,52,catO5_52.fits,2032-11-20 16:08:19.915957,GW321120b
744,372,catO5_372.fits,2032-11-21 07:52:52.109966,GW321121a
224,112,catO5_112.fits,2032-11-21 12:04:08.641803,GW321121b
546,273,catO5_273.fits,2032-11-21 15:36:52.634978,GW321121c
560,280,catO5_280.fits,2032-11-22 15:44:54.512844,GW321122a
4384,2192,catO5_2192.fits,2032-11-22 15:57:42.481071,GW321122b
4151,2075,catO5_2075.fits,2032-11-23 01:16:10.536579,GW321123a
380,190,catO5_190.fits,2032-11-23 12:02:17.247340,GW321123b
2817,1408,catO5_1408.fits,2032-11-23 13:58:49.045340,GW321123c
1325,662,catO5_662.fits,2032-11-23 22:36:38.961712,GW321123d
4560,2280,catO5_2280.fits,2032-11-25 04:35:36.706884,GW321125a
64,32,catO5_32.fits,2032-11-25 14:13:32.717186,GW321125b
3675,1837,catO5_1837.fits,2032-11-25 20:11:42.393142,GW321125c
2302,1151,catO5_1151.fits,2032-11-26 00:32:12.835197,GW321126a
3297,1648,catO5_1648.fits,2032-11-26 12:34:21.855806,GW321126b
1667,833,catO5_833.fits,2032-11-26 16:55:18.784977,GW321126c
1285,642,catO5_642.fits,2032-11-27 02:17:31.921216,GW321127a
2616,1308,catO5_1308.fits,2032-11-28 15:53:48.495329,GW321128a
4474,2237,catO5_2237.fits,2032-11-28 23:57:19.467158,GW321128b
1201,600,catO5_600.fits,2032-11-30 04:44:15.522634,GW321130a
4534,2267,catO5_2267.fits,2032-11-30 06:59:41.003676,GW321130b
1885,942,catO5_942.fits,2032-11-30 08:45:30.024180,GW321130c
2628,1314,catO5_1314.fits,2032-11-30 09:16:23.936337,GW321130d
775,387,catO5_387.fits,2032-11-30 14:52:46.420755,GW321130e
4279,2139,catO5_2139.fits,2032-11-30 18:47:14.350310,GW321130f
2203,1101,catO5_1101.fits,2032-12-01 11:32:33.449758,GW321201a
2162,1081,catO5_1081.fits,2032-12-02 09:15:26.716366,GW321202a
3260,1630,catO5_1630.fits,2032-12-02 11:19:14.375934,GW321202b
55,27,catO5_27.fits,2032-12-02 16:47:52.869956,GW321202c
1355,677,catO5_677.fits,2032-12-02 22:50:12.487868,GW321202d
3982,1991,catO5_1991.fits,2032-12-03 22:23:55.099594,GW321203a
2945,1472,catO5_1472.fits,2032-12-04 06:37:19.111580,GW321204a
2353,1176,catO5_1176.fits,2032-12-04 18:57:31.602917,GW321204b
1973,986,catO5_986.fits,2032-12-04 20:23:07.998038,GW321204c
3520,1760,catO5_1760.fits,2032-12-05 12:47:28.463042,GW321205a
872,436,catO5_436.fits,2032-12-05 17:42:15.997085,GW321205b
677,338,catO5_338.fits,2032-12-06 22:34:32.419668,GW321206a
4323,2161,catO5_2161.fits,2032-12-06 23:15:25.389829,GW321206b
3136,1568,catO5_1568.fits,2032-12-07 09:15:13.212803,GW321207a
660,330,catO5_330.fits,2032-12-07 14:18:23.195273,GW321207b
781,390,catO5_390.fits,2032-12-08 02:49:45.738897,GW321208a
3485,1742,catO5_1742.fits,2032-12-08 19:41:46.699672,GW321208b
2910,1455,catO5_1455.fits,2032-12-08 20:23:49.995993,GW321208c
1129,564,catO5_564.fits,2032-12-10 04:49:31.721592,GW321210a
3584,1792,catO5_1792.fits,2032-12-10 22:51:27.911976,GW321210b
753,376,catO5_376.fits,2032-12-11 07:43:12.027451,GW321211a
1930,965,catO5_965.fits,2032-12-11 23:53:56.831007,GW321211b
344,172,catO5_172.fits,2032-12-12 17:41:01.459807,GW321212a
688,344,catO5_344.fits,2032-12-14 08:16:48.505026,GW321214a
798,399,catO5_399.fits,2032-12-14 12:20:06.964551,GW321214b
910,455,catO5_455.fits,2032-12-15 14:09:21.282270,GW321215a
1821,910,catO5_910.fits,2032-12-15 18:32:51.336646,GW321215b
2609,1304,catO5_1304.fits,2032-12-16 08:16:03.613250,GW321216a
3571,1785,catO5_1785.fits,2032-12-16 12:12:10.044751,GW321216b
3866,1933,catO5_1933.fits,2032-12-16 16:01:18.859895,GW321216c
3540,1770,catO5_1770.fits,2032-12-17 06:33:07.701250,GW321217a
743,371,catO5_371.fits,2032-12-17 11:28:11.224086,GW321217b
336,168,catO5_168.fits,2032-12-18 16:57:32.615165,GW321218a
1229,614,catO5_614.fits,2032-12-18 19:32:13.851042,GW321218b
72,36,catO5_36.fits,2032-12-18 22:46:48.269767,GW321218c
3622,1811,catO5_1811.fits,2032-12-19 07:51:28.373714,GW321219a
3201,1600,catO5_1600.fits,2032-12-20 10:26:31.602918,GW321220a
640,320,catO5_320.fits,2032-12-22 21:35:51.145914,GW321222a
3865,1932,catO5_1932.fits,2032-12-23 02:53:08.700021,GW321223a
3636,1818,catO5_1818.fits,2032-12-23 09:25:22.338899,GW321223b
2079,1039,catO5_1039.fits,2032-12-23 15:31:03.956966,GW321223c
936,468,catO5_468.fits,2032-12-24 04:25:34.426709,GW321224a
160,80,catO5_80.fits,2032-12-24 22:48:32.623968,GW321224b
1133,566,catO5_566.fits,2032-12-25 00:51:56.747350,GW321225a
3949,1974,catO5_1974.fits,2032-12-25 12:54:28.376616,GW321225b
4039,2019,catO5_2019.fits,2032-12-25 13:42:58.403334,GW321225c
3364,1682,catO5_1682.fits,2032-12-25 20:29:51.651986,GW321225d
1700,850,catO5_850.fits,2032-12-26 02:15:26.090961,GW321226a
153,76,catO5_76.fits,2032-12-26 08:38:25.157709,GW321226b
4037,2018,catO5_2018.fits,2032-12-26 12:35:09.953274,GW321226c
3029,1514,catO5_1514.fits,2032-12-27 00:28:42.685863,GW321227a
4180,2090,catO5_2090.fits,2032-12-27 06:33:02.279278,GW321227b
2393,1196,catO5_1196.fits,2032-12-28 09:03:00.946967,GW321228a
299,149,catO5_149.fits,2032-12-28 19:35:28.241940,GW321228b
3076,1538,catO5_1538.fits,2032-12-28 20:51:02.713952,GW321228c
3192,1596,catO5_1596.fits,2032-12-31 09:30:08.233491,GW321231a
3907,1953,catO5_1953.fits,2032-12-31 11:46:02.086779,GW321231b
2373,1186,catO5_1186.fits,2033-01-01 10:44:14.435357,GW330101a
324,162,catO5_162.fits,2033-01-01 19:44:13.130173,GW330101b
3582,1791,catO5_1791.fits,2033-01-02 19:00:26.939099,GW330102a
294,147,catO5_147.fits,2033-01-03 05:01:50.276673,GW330103a
1456,728,catO5_728.fits,2033-01-03 10:09:34.066439,GW330103b
3340,1670,catO5_1670.fits,2033-01-03 16:38:29.364347,GW330103c
3612,1806,catO5_1806.fits,2033-01-04 02:18:09.119832,GW330104a
958,479,catO5_479.fits,2033-01-05 01:38:48.461173,GW330105a
540,270,catO5_270.fits,2033-01-05 02:00:03.666301,GW330105b
3253,1626,catO5_1626.fits,2033-01-05 06:56:24.881328,GW330105c
3042,1521,catO5_1521.fits,2033-01-05 21:33:38.747292,GW330105d
1562,781,catO5_781.fits,2033-01-08 06:01:24.029005,GW330108a
829,414,catO5_414.fits,2033-01-09 02:22:18.022276,GW330109a
3324,1662,catO5_1662.fits,2033-01-09 09:57:14.470503,GW330109b
4265,2132,catO5_2132.fits,2033-01-09 12:43:21.477411,GW330109c
2003,1001,catO5_1001.fits,2033-01-10 00:58:53.750935,GW330110a
1573,786,catO5_786.fits,2033-01-10 04:49:03.763539,GW330110b
2841,1420,catO5_1420.fits,2033-01-10 06:41:21.730385,GW330110c
1150,575,catO5_575.fits,2033-01-11 03:38:45.377440,GW330111a
1483,741,catO5_741.fits,2033-01-11 07:19:01.731282,GW330111b
2878,1439,catO5_1439.fits,2033-01-12 04:56:00.033774,GW330112a
2786,1393,catO5_1393.fits,2033-01-12 06:48:03.567134,GW330112b
3747,1873,catO5_1873.fits,2033-01-12 15:51:16.661907,GW330112c
1148,574,catO5_574.fits,2033-01-12 16:39:16.062907,GW330112d
1420,710,catO5_710.fits,2033-01-12 17:51:41.643406,GW330112e
2685,1342,catO5_1342.fits,2033-01-13 08:36:09.944953,GW330113a
1455,727,catO5_727.fits,2033-01-13 11:15:06.799470,GW330113b
3538,1769,catO5_1769.fits,2033-01-14 11:22:10.175175,GW330114a
1328,664,catO5_664.fits,2033-01-14 19:36:19.656597,GW330114b
4129,2064,catO5_2064.fits,2033-01-15 01:42:28.620736,GW330115a
2819,1409,catO5_1409.fits,2033-01-15 11:38:06.448283,GW330115b
1092,546,catO5_546.fits,2033-01-15 12:09:01.959414,GW330115c
4062,2031,catO5_2031.fits,2033-01-15 12:15:53.015076,GW330115d
4357,2178,catO5_2178.fits,2033-01-15 16:15:49.882584,GW330115e
2112,1056,catO5_1056.fits,2033-01-15 23:33:12.521793,GW330115f
3112,1556,catO5_1556.fits,2033-01-17 03:21:31.568649,GW330117a
1793,896,catO5_896.fits,2033-01-18 01:48:04.256439,GW330118a
3914,1957,catO5_1957.fits,2033-01-18 11:09:09.652134,GW330118b
1576,788,catO5_788.fits,2033-01-18 15:36:27.229650,GW330118c
4550,2275,catO5_2275.fits,2033-01-18 20:45:36.576941,GW330118d
578,289,catO5_289.fits,2033-01-18 23:31:39.989443,GW330118e
1010,505,catO5_505.fits,2033-01-19 21:15:55.372154,GW330119a
1343,671,catO5_671.fits,2033-01-20 11:35:16.342552,GW330120a
2963,1481,catO5_1481.fits,2033-01-20 15:40:40.304906,GW330120b
3104,1552,catO5_1552.fits,2033-01-21 16:51:35.783099,GW330121a
2504,1252,catO5_1252.fits,2033-01-21 18:38:28.868769,GW330121b
776,388,catO5_388.fits,2033-01-23 23:00:47.691576,GW330123a
3049,1524,catO5_1524.fits,2033-01-25 05:37:43.839833,GW330125a
2211,1105,catO5_1105.fits,2033-01-25 16:23:51.259829,GW330125b
2036,1018,catO5_1018.fits,2033-01-25 21:09:36.145995,GW330125c
4013,2006,catO5_2006.fits,2033-01-26 06:22:11.362182,GW330126a
3628,1814,catO5_1814.fits,2033-01-26 10:29:21.112211,GW330126b
3123,1561,catO5_1561.fits,2033-01-27 06:36:24.750826,GW330127a
4559,2279,catO5_2279.fits,2033-01-27 16:04:14.999481,GW330127b
3917,1958,catO5_1958.fits,2033-01-28 07:40:30.605605,GW330128a
446,223,catO5_223.fits,2033-01-28 11:00:57.135270,GW330128b
3864,1932,catO5_1932.fits,2033-01-28 20:51:39.118773,GW330128c
1077,538,catO5_538.fits,2033-01-29 12:15:18.186605,GW330129a
3686,1843,catO5_1843.fits,2033-01-30 14:47:19.287995,GW330130a
62,31,catO5_31.fits,2033-01-31 16:57:31.413967,GW330131a
3908,1954,catO5_1954.fits,2033-02-01 11:51:19.713844,GW330201a
2463,1231,catO5_1231.fits,2033-02-02 08:27:36.271728,GW330202a
4294,2147,catO5_2147.fits,2033-02-04 13:33:32.499021,GW330204a
3613,1806,catO5_1806.fits,2033-02-04 15:41:55.646765,GW330204b
2777,1388,catO5_1388.fits,2033-02-05 04:40:46.022104,GW330205a
1263,631,catO5_631.fits,2033-02-05 21:31:02.706722,GW330205b
1471,735,catO5_735.fits,2033-02-06 10:57:08.325622,GW330206a
853,426,catO5_426.fits,2033-02-07 15:43:50.608185,GW330207a
2749,1374,catO5_1374.fits,2033-02-07 19:37:54.705690,GW330207b
312,156,catO5_156.fits,2033-02-09 08:12:58.109033,GW330209a
556,278,catO5_278.fits,2033-02-10 03:56:23.887235,GW330210a
1857,928,catO5_928.fits,2033-02-10 12:57:45.493531,GW330210b
524,262,catO5_262.fits,2033-02-11 00:55:06.189130,GW330211a
159,79,catO5_79.fits,2033-02-11 08:41:22.517212,GW330211b
1942,971,catO5_971.fits,2033-02-11 12:28:25.649133,GW330211c
2998,1499,catO5_1499.fits,2033-02-11 19:44:59.422466,GW330211d
31,15,catO5_15.fits,2033-02-11 22:20:34.478175,GW330211e
286,143,catO5_143.fits,2033-02-13 10:33:49.716136,GW330213a
2690,1345,catO5_1345.fits,2033-02-13 22:10:32.390346,GW330213b
3266,1633,catO5_1633.fits,2033-02-15 14:35:50.181813,GW330215a
1526,763,catO5_763.fits,2033-02-15 21:20:09.190292,GW330215b
2980,1490,catO5_1490.fits,2033-02-16 04:23:15.122251,GW330216a
675,337,catO5_337.fits,2033-02-16 15:21:41.358338,GW330216b
124,62,catO5_62.fits,2033-02-16 15:38:28.159899,GW330216c
2471,1235,catO5_1235.fits,2033-02-16 16:37:38.394667,GW330216d
1107,553,catO5_553.fits,2033-02-17 09:28:33.741819,GW330217a
1090,545,catO5_545.fits,2033-02-17 13:19:54.213117,GW330217b
4555,2277,catO5_2277.fits,2033-02-18 00:57:13.889567,GW330218a
43,21,catO5_21.fits,2033-02-18 01:11:35.848790,GW330218b
2661,1330,catO5_1330.fits,2033-02-18 02:07:55.607751,GW330218c
1329,664,catO5_664.fits,2033-02-18 13:13:45.022598,GW330218d
202,101,catO5_101.fits,2033-02-19 18:01:47.051182,GW330219a
1847,923,catO5_923.fits,2033-02-21 03:15:41.782759,GW330221a
2286,1143,catO5_1143.fits,2033-02-21 12:40:35.241440,GW330221b
3518,1759,catO5_1759.fits,2033-02-21 14:19:21.125175,GW330221c
1057,528,catO5_528.fits,2033-02-21 22:38:30.994505,GW330221d
97,48,catO5_48.fits,2033-02-22 03:13:46.877519,GW330222a
618,309,catO5_309.fits,2033-02-23 06:49:13.795322,GW330223a
3090,1545,catO5_1545.fits,2033-02-23 11:38:21.960625,GW330223b
4280,2140,catO5_2140.fits,2033-02-23 20:45:29.909905,GW330223c
1603,801,catO5_801.fits,2033-02-25 08:33:17.443909,GW330225a
2432,1216,catO5_1216.fits,2033-02-25 15:45:23.942674,GW330225b
3553,1776,catO5_1776.fits,2033-02-25 16:47:04.737810,GW330225c
3358,1679,catO5_1679.fits,2033-02-27 00:10:31.899302,GW330227a
3996,1998,catO5_1998.fits,2033-02-27 03:52:51.855901,GW330227b
4152,2076,catO5_2076.fits,2033-02-27 18:17:07.538253,GW330227c
2899,1449,catO5_1449.fits,2033-02-28 16:51:05.575914,GW330228a
1065,532,catO5_532.fits,2033-03-01 02:50:23.782280,GW330301a
3599,1799,catO5_1799.fits,2033-03-01 07:31:23.968998,GW330301b
2407,1203,catO5_1203.fits,2033-03-01 08:59:04.662635,GW330301c
1111,555,catO5_555.fits,2033-03-01 19:03:57.329417,GW330301d
3938,1969,catO5_1969.fits,2033-03-02 04:41:33.988338,GW330302a
652,326,catO5_326.fits,2033-03-02 08:51:29.471375,GW330302b
3338,1669,catO5_1669.fits,2033-03-02 09:26:00.442039,GW330302c
4532,2266,catO5_2266.fits,2033-03-03 01:07:35.496160,GW330303a
4042,2021,catO5_2021.fits,2033-03-03 16:57:32.467644,GW330303b
4561,2280,catO5_2280.fits,2033-03-04 09:10:35.854906,GW330304a
2970,1485,catO5_1485.fits,2033-03-04 20:06:20.628425,GW330304b
4383,2191,catO5_2191.fits,2033-03-04 21:11:45.489393,GW330304c
1115,557,catO5_557.fits,2033-03-05 09:57:08.446231,GW330305a
2948,1474,catO5_1474.fits,2033-03-06 02:50:33.577801,GW330306a
690,345,catO5_345.fits,2033-03-07 06:24:58.156415,GW330307a
2292,1146,catO5_1146.fits,2033-03-07 06:39:15.257245,GW330307b
4526,2263,catO5_2263.fits,2033-03-07 07:47:06.943951,GW330307c
2657,1328,catO5_1328.fits,2033-03-07 15:59:40.205770,GW330307d
874,437,catO5_437.fits,2033-03-08 06:49:26.196263,GW330308a
15,7,catO5_7.fits,2033-03-08 16:18:35.003871,GW330308b
784,392,catO5_392.fits,2033-03-09 04:55:10.514662,GW330309a
3080,1540,catO5_1540.fits,2033-03-09 06:11:27.289351,GW330309b
1179,589,catO5_589.fits,2033-03-09 10:39:01.172180,GW330309c
1069,534,catO5_534.fits,2033-03-09 18:37:15.792844,GW330309d
38,19,catO5_19.fits,2033-03-10 02:22:06.512138,GW330310a
4318,2159,catO5_2159.fits,2033-03-10 08:51:13.635506,GW330310b
812,406,catO5_406.fits,2033-03-10 15:21:42.698880,GW330310c
3736,1868,catO5_1868.fits,2033-03-10 17:15:45.515402,GW330310d
2248,1124,catO5_1124.fits,2033-03-11 09:28:58.656635,GW330311a
3322,1661,catO5_1661.fits,2033-03-11 15:32:37.431981,GW330311b
242,121,catO5_121.fits,2033-03-11 21:16:16.613175,GW330311c
4205,2102,catO5_2102.fits,2033-03-12 11:08:41.462267,GW330312a
91,45,catO5_45.fits,2033-03-12 13:50:50.006481,GW330312b
1132,566,catO5_566.fits,2033-03-12 16:16:01.603546,GW330312c
3891,1945,catO5_1945.fits,2033-03-14 21:19:41.390285,GW330314a
2900,1450,catO5_1450.fits,2033-03-16 07:18:44.531952,GW330316a
4579,2289,catO5_2289.fits,2033-03-16 12:37:34.989305,GW330316b
2134,1067,catO5_1067.fits,2033-03-16 18:22:03.991373,GW330316c
3005,1502,catO5_1502.fits,2033-03-17 15:33:06.469253,GW330317a
1012,506,catO5_506.fits,2033-03-17 22:08:13.517156,GW330317b
856,428,catO5_428.fits,2033-03-18 01:47:55.148847,GW330318a
3138,1569,catO5_1569.fits,2033-03-18 12:58:16.916479,GW330318b
4040,2020,catO5_2020.fits,2033-03-19 01:26:38.328461,GW330319a
3799,1899,catO5_1899.fits,2033-03-19 13:45:23.082808,GW330319b
2647,1323,catO5_1323.fits,2033-03-20 00:38:16.275874,GW330320a
3237,1618,catO5_1618.fits,2033-03-20 03:00:32.559694,GW330320b
2182,1091,catO5_1091.fits,2033-03-21 14:11:40.777268,GW330321a
1351,675,catO5_675.fits,2033-03-22 04:51:52.070792,GW330322a
2591,1295,catO5_1295.fits,2033-03-22 13:18:14.187650,GW330322b
2225,1112,catO5_1112.fits,2033-03-22 20:53:58.200168,GW330322c
94,47,catO5_47.fits,2033-03-23 02:53:31.608456,GW330323a
2929,1464,catO5_1464.fits,2033-03-23 03:02:17.552384,GW330323b
1430,715,catO5_715.fits,2033-03-25 03:15:27.799906,GW330325a
3369,1684,catO5_1684.fits,2033-03-25 06:38:17.779887,GW330325b
2803,1401,catO5_1401.fits,2033-03-25 11:08:36.177937,GW330325c
1405,702,catO5_702.fits,2033-03-25 12:49:09.010838,GW330325d
190,95,catO5_95.fits,2033-03-25 16:41:18.638662,GW330325e
1020,510,catO5_510.fits,2033-03-27 17:01:54.777364,GW330327a
3574,1787,catO5_1787.fits,2033-03-28 14:36:52.967555,GW330328a
201,100,catO5_100.fits,2033-03-29 12:27:25.919387,GW330329a
3744,1872,catO5_1872.fits,2033-03-29 18:41:00.421338,GW330329b
2845,1422,catO5_1422.fits,2033-03-29 19:35:34.624537,GW330329c
2838,1419,catO5_1419.fits,2033-03-29 23:00:09.725477,GW330329d
1678,839,catO5_839.fits,2033-03-30 11:31:59.861946,GW330330a
3209,1604,catO5_1604.fits,2033-03-31 00:09:34.346764,GW330331a
1454,727,catO5_727.fits,2033-03-31 09:27:42.150340,GW330331b
434,217,catO5_217.fits,2033-03-31 22:49:08.901996,GW330331c
4068,2034,catO5_2034.fits,2033-04-01 01:23:20.204255,GW330401a
1395,697,catO5_697.fits,2033-04-01 02:26:47.595023,GW330401b
260,130,catO5_130.fits,2033-04-02 01:43:59.101498,GW330402a
1234,617,catO5_617.fits,2033-04-02 21:50:50.265119,GW330402b
4350,2175,catO5_2175.fits,2033-04-02 21:59:14.983913,GW330402c
3918,1959,catO5_1959.fits,2033-04-03 09:06:36.394217,GW330403a
4175,2087,catO5_2087.fits,2033-04-04 08:50:49.113097,GW330404a
747,373,catO5_373.fits,2033-04-04 13:37:04.207992,GW330404b
2014,1007,catO5_1007.fits,2033-04-04 22:39:23.943264,GW330404c
1145,572,catO5_572.fits,2033-04-05 07:00:06.505223,GW330405a
2902,1451,catO5_1451.fits,2033-04-05 17:46:03.839493,GW330405b
3016,1508,catO5_1508.fits,2033-04-05 20:31:49.291280,GW330405c
2425,1212,catO5_1212.fits,2033-04-06 00:15:14.394436,GW330406a
1434,717,catO5_717.fits,2033-04-07 15:51:52.464320,GW330407a
625,312,catO5_312.fits,2033-04-08 01:05:15.740173,GW330408a
40,20,catO5_20.fits,2033-04-08 02:00:21.090626,GW330408b
821,410,catO5_410.fits,2033-04-09 03:03:31.767741,GW330409a
132,66,catO5_66.fits,2033-04-09 06:58:22.060312,GW330409b
150,75,catO5_75.fits,2033-04-09 15:59:25.192343,GW330409c
4507,2253,catO5_2253.fits,2033-04-09 23:21:11.873483,GW330409d
248,124,catO5_124.fits,2033-04-10 21:01:43.583016,GW330410a
2195,1097,catO5_1097.fits,2033-04-11 03:59:13.430341,GW330411a
4273,2136,catO5_2136.fits,2033-04-12 16:44:25.535685,GW330412a
3772,1886,catO5_1886.fits,2033-04-12 23:53:27.812948,GW330412b
3759,1879,catO5_1879.fits,2033-04-15 01:33:29.673523,GW330415a
3963,1981,catO5_1981.fits,2033-04-15 20:16:46.928313,GW330415b
101,50,catO5_50.fits,2033-04-16 04:45:22.952347,GW330416a
1301,650,catO5_650.fits,2033-04-17 21:05:27.482133,GW330417a
4613,2306,catO5_2306.fits,2033-04-18 04:15:16.912640,GW330418a
4403,2201,catO5_2201.fits,2033-04-18 09:19:55.531269,GW330418b
4379,2189,catO5_2189.fits,2033-04-19 12:46:02.762907,GW330419a
1683,841,catO5_841.fits,2033-04-19 19:24:04.829617,GW330419b
4173,2086,catO5_2086.fits,2033-04-20 08:41:34.027277,GW330420a
3572,1786,catO5_1786.fits,2033-04-20 10:32:25.962102,GW330420b
4488,2244,catO5_2244.fits,2033-04-21 21:37:58.983006,GW330421a
4380,2190,catO5_2190.fits,2033-04-21 21:48:03.920262,GW330421b
701,350,catO5_350.fits,2033-04-23 16:54:06.405203,GW330423a
436,218,catO5_218.fits,2033-04-24 12:37:28.818215,GW330424a
3856,1928,catO5_1928.fits,2033-04-24 18:38:45.264396,GW330424b
2381,1190,catO5_1190.fits,2033-04-26 01:44:37.129771,GW330426a
804,402,catO5_402.fits,2033-04-26 04:56:10.855835,GW330426b
2228,1114,catO5_1114.fits,2033-04-26 06:13:55.601007,GW330426c
996,498,catO5_498.fits,2033-04-26 16:39:45.384437,GW330426d
3102,1551,catO5_1551.fits,2033-04-27 18:57:39.009396,GW330427a
3392,1696,catO5_1696.fits,2033-04-28 01:15:06.403995,GW330428a
1424,712,catO5_712.fits,2033-04-28 17:51:43.475554,GW330428b
1615,807,catO5_807.fits,2033-04-28 18:36:21.128825,GW330428c
2972,1486,catO5_1486.fits,2033-04-28 21:27:32.631147,GW330428d
813,406,catO5_406.fits,2033-04-29 08:15:10.588992,GW330429a
319,159,catO5_159.fits,2033-04-30 04:47:23.504958,GW330430a
4131,2065,catO5_2065.fits,2033-04-30 14:07:30.307716,GW330430b
2398,1199,catO5_1199.fits,2033-05-01 01:46:56.566987,GW330501a
2310,1155,catO5_1155.fits,2033-05-01 22:00:46.157154,GW330501b
3099,1549,catO5_1549.fits,2033-05-02 00:32:57.077356,GW330502a
2884,1442,catO5_1442.fits,2033-05-02 05:31:32.471044,GW330502b
3738,1869,catO5_1869.fits,2033-05-02 12:44:35.123749,GW330502c
2768,1384,catO5_1384.fits,2033-05-02 13:12:42.726086,GW330502d
1076,538,catO5_538.fits,2033-05-03 13:49:29.062563,GW330503a
2177,1088,catO5_1088.fits,2033-05-03 15:35:32.628550,GW330503b
1702,851,catO5_851.fits,2033-05-04 08:54:39.002694,GW330504a
1502,751,catO5_751.fits,2033-05-05 08:15:05.927247,GW330505a
750,375,catO5_375.fits,2033-05-05 13:49:22.927150,GW330505b
1758,879,catO5_879.fits,2033-05-05 15:42:05.397785,GW330505c
633,316,catO5_316.fits,2033-05-07 09:09:00.415667,GW330507a
3172,1586,catO5_1586.fits,2033-05-09 22:47:37.676737,GW330509a
4599,2299,catO5_2299.fits,2033-05-10 03:58:50.893471,GW330510a
435,217,catO5_217.fits,2033-05-11 14:36:16.833561,GW330511a
332,166,catO5_166.fits,2033-05-12 08:47:27.026613,GW330512a
3803,1901,catO5_1901.fits,2033-05-12 14:16:14.778049,GW330512b
2092,1046,catO5_1046.fits,2033-05-13 05:14:10.352390,GW330513a
4382,2191,catO5_2191.fits,2033-05-13 12:33:34.560756,GW330513b
3182,1591,catO5_1591.fits,2033-05-14 03:22:02.054384,GW330514a
3847,1923,catO5_1923.fits,2033-05-14 07:10:29.925089,GW330514b
2982,1491,catO5_1491.fits,2033-05-15 00:03:48.746660,GW330515a
3335,1667,catO5_1667.fits,2033-05-16 07:54:21.024652,GW330516a
2467,1233,catO5_1233.fits,2033-05-16 08:34:46.664526,GW330516b
4329,2164,catO5_2164.fits,2033-05-17 01:09:50.037942,GW330517a
401,200,catO5_200.fits,2033-05-17 02:13:44.540497,GW330517b
461,230,catO5_230.fits,2033-05-18 00:27:51.089965,GW330518a
4227,2113,catO5_2113.fits,2033-05-18 02:41:04.148457,GW330518b
693,346,catO5_346.fits,2033-05-19 15:49:36.653199,GW330519a
4566,2283,catO5_2283.fits,2033-05-20 06:21:30.906925,GW330520a
831,415,catO5_415.fits,2033-05-20 10:02:06.639772,GW330520b
133,66,catO5_66.fits,2033-05-20 12:48:48.666380,GW330520c
3121,1560,catO5_1560.fits,2033-05-21 03:53:33.954043,GW330521a
1543,771,catO5_771.fits,2033-05-21 10:00:04.154572,GW330521b
2329,1164,catO5_1164.fits,2033-05-21 20:47:52.750308,GW330521c
3614,1807,catO5_1807.fits,2033-05-22 06:08:29.051778,GW330522a
731,365,catO5_365.fits,2033-05-22 18:19:08.984998,GW330522b
3916,1958,catO5_1958.fits,2033-05-23 02:12:35.850199,GW330523a
1480,740,catO5_740.fits,2033-05-23 23:48:25.152094,GW330523b
453,226,catO5_226.fits,2033-05-25 06:04:08.077200,GW330525a
955,477,catO5_477.fits,2033-05-25 13:11:27.271103,GW330525b
4412,2206,catO5_2206.fits,2033-05-25 19:22:04.031690,GW330525c
724,362,catO5_362.fits,2033-05-26 00:43:45.236027,GW330526a
4519,2259,catO5_2259.fits,2033-05-26 10:02:09.566090,GW330526b
1581,790,catO5_790.fits,2033-05-27 08:38:07.701189,GW330527a
3484,1742,catO5_1742.fits,2033-05-27 08:55:38.528272,GW330527b
3111,1555,catO5_1555.fits,2033-05-28 20:00:22.257697,GW330528a
2495,1247,catO5_1247.fits,2033-05-28 20:50:19.367065,GW330528b
1567,783,catO5_783.fits,2033-05-29 10:35:37.972553,GW330529a
300,150,catO5_150.fits,2033-05-29 13:56:04.059781,GW330529b
1152,576,catO5_576.fits,2033-05-29 19:02:30.546648,GW330529c
2439,1219,catO5_1219.fits,2033-05-30 00:22:21.153512,GW330530a
2882,1441,catO5_1441.fits,2033-05-30 02:19:55.607703,GW330530b
4390,2195,catO5_2195.fits,2033-05-30 04:53:50.194168,GW330530c
2181,1090,catO5_1090.fits,2033-05-30 08:20:25.711532,GW330530d
939,469,catO5_469.fits,2033-05-30 20:20:23.716182,GW330530e
772,386,catO5_386.fits,2033-05-30 21:25:04.751116,GW330530f
2861,1430,catO5_1430.fits,2033-05-31 08:02:16.423616,GW330531a
2485,1242,catO5_1242.fits,2033-05-31 17:04:15.248088,GW330531b
1791,895,catO5_895.fits,2033-05-31 20:35:46.580924,GW330531c
1591,795,catO5_795.fits,2033-06-01 04:11:51.393818,GW330601a
3566,1783,catO5_1783.fits,2033-06-01 09:17:26.536428,GW330601b
972,486,catO5_486.fits,2033-06-01 12:01:35.244058,GW330601c
100,50,catO5_50.fits,2033-06-01 23:39:29.637874,GW330601d
1016,508,catO5_508.fits,2033-06-02 01:21:31.347933,GW330602a
4185,2092,catO5_2092.fits,2033-06-02 07:10:39.891144,GW330602b
1034,517,catO5_517.fits,2033-06-02 13:45:32.336919,GW330602c
2896,1448,catO5_1448.fits,2033-06-02 14:19:43.114861,GW330602d
1897,948,catO5_948.fits,2033-06-03 11:12:26.826555,GW330603a
1055,527,catO5_527.fits,2033-06-03 22:31:27.362169,GW330603b
1957,978,catO5_978.fits,2033-06-04 04:01:01.048981,GW330604a
3775,1887,catO5_1887.fits,2033-06-04 10:47:22.886785,GW330604b
1441,720,catO5_720.fits,2033-06-07 06:35:36.586142,GW330607a
3533,1766,catO5_1766.fits,2033-06-07 12:39:42.133216,GW330607b
2570,1285,catO5_1285.fits,2033-06-09 03:40:29.883261,GW330609a
456,228,catO5_228.fits,2033-06-10 23:25:43.049928,GW330610a
1644,822,catO5_822.fits,2033-06-11 00:55:28.752733,GW330611a
266,133,catO5_133.fits,2033-06-12 00:32:40.942196,GW330612a
1344,672,catO5_672.fits,2033-06-12 11:31:42.923147,GW330612b
2086,1043,catO5_1043.fits,2033-06-12 12:41:53.864429,GW330612c
1254,627,catO5_627.fits,2033-06-12 18:09:28.103178,GW330612d
1372,686,catO5_686.fits,2033-06-13 09:23:55.618720,GW330613a
3503,1751,catO5_1751.fits,2033-06-13 18:12:07.734446,GW330613b
2200,1100,catO5_1100.fits,2033-06-14 15:58:57.208623,GW330614a
3193,1596,catO5_1596.fits,2033-06-15 13:12:58.782019,GW330615a
1369,684,catO5_684.fits,2033-06-16 12:31:59.954507,GW330616a
1590,795,catO5_795.fits,2033-06-16 23:12:19.632558,GW330616b
3458,1729,catO5_1729.fits,2033-06-18 06:26:10.850415,GW330618a
2493,1246,catO5_1246.fits,2033-06-19 23:27:32.046956,GW330619a
3132,1566,catO5_1566.fits,2033-06-19 23:54:05.252348,GW330619b
1387,693,catO5_693.fits,2033-06-21 06:13:00.909056,GW330621a
2277,1138,catO5_1138.fits,2033-06-22 14:16:47.042679,GW330622a
2700,1350,catO5_1350.fits,2033-06-23 02:04:44.801158,GW330623a
2633,1316,catO5_1316.fits,2033-06-23 12:50:17.753703,GW330623b
2465,1232,catO5_1232.fits,2033-06-23 14:05:38.405230,GW330623c
1846,923,catO5_923.fits,2033-06-25 00:49:57.080055,GW330625a
203,101,catO5_101.fits,2033-06-25 01:23:15.533388,GW330625b
1048,524,catO5_524.fits,2033-06-26 10:29:36.214716,GW330626a
1222,611,catO5_611.fits,2033-06-27 10:48:56.885002,GW330627a
2361,1180,catO5_1180.fits,2033-06-29 06:54:42.223336,GW330629a
1896,948,catO5_948.fits,2033-06-30 09:13:20.134137,GW330630a
2110,1055,catO5_1055.fits,2033-06-30 11:28:16.655739,GW330630b
1207,603,catO5_603.fits,2033-07-01 12:57:12.495325,GW330701a
4057,2028,catO5_2028.fits,2033-07-03 12:41:21.739089,GW330703a
1751,875,catO5_875.fits,2033-07-03 17:55:26.579738,GW330703b
2916,1458,catO5_1458.fits,2033-07-03 21:41:14.923251,GW330703c
2390,1195,catO5_1195.fits,2033-07-04 04:26:59.603908,GW330704a
1599,799,catO5_799.fits,2033-07-04 08:20:04.054034,GW330704b
2928,1464,catO5_1464.fits,2033-07-04 09:54:45.795562,GW330704c
2011,1005,catO5_1005.fits,2033-07-04 17:55:56.800813,GW330704d
2057,1028,catO5_1028.fits,2033-07-05 07:35:15.746032,GW330705a
4358,2179,catO5_2179.fits,2033-07-05 11:40:36.393647,GW330705b
111,55,catO5_55.fits,2033-07-06 07:18:02.779600,GW330706a
4206,2103,catO5_2103.fits,2033-07-06 11:12:03.172603,GW330706b
1496,748,catO5_748.fits,2033-07-06 20:58:07.214989,GW330706c
4330,2165,catO5_2165.fits,2033-07-07 17:18:03.237620,GW330707a
2893,1446,catO5_1446.fits,2033-07-07 18:01:51.675337,GW330707b
1663,831,catO5_831.fits,2033-07-07 19:49:24.682887,GW330707c
4064,2032,catO5_2032.fits,2033-07-08 02:10:10.986224,GW330708a
3454,1727,catO5_1727.fits,2033-07-09 18:43:28.976879,GW330709a
1256,628,catO5_628.fits,2033-07-11 00:53:48.628957,GW330711a
3961,1980,catO5_1980.fits,2033-07-11 01:54:07.097688,GW330711b
869,434,catO5_434.fits,2033-07-11 03:15:39.262757,GW330711c
1358,679,catO5_679.fits,2033-07-12 11:54:54.477655,GW330712a
2863,1431,catO5_1431.fits,2033-07-13 01:26:48.901424,GW330713a
4191,2095,catO5_2095.fits,2033-07-13 12:31:28.564978,GW330713b
852,426,catO5_426.fits,2033-07-14 15:38:42.331197,GW330714a
2418,1209,catO5_1209.fits,2033-07-15 09:58:10.667202,GW330715a
167,83,catO5_83.fits,2033-07-15 18:52:27.064177,GW330715b
1951,975,catO5_975.fits,2033-07-16 13:07:05.538667,GW330716a
1488,744,catO5_744.fits,2033-07-17 10:45:58.599918,GW330717a
4315,2157,catO5_2157.fits,2033-07-18 06:12:14.645710,GW330718a
3019,1509,catO5_1509.fits,2033-07-19 02:22:01.594457,GW330719a
3489,1744,catO5_1744.fits,2033-07-20 00:06:01.297162,GW330720a
1833,916,catO5_916.fits,2033-07-20 13:18:00.192883,GW330720b
1534,767,catO5_767.fits,2033-07-20 14:10:26.041460,GW330720c
3578,1789,catO5_1789.fits,2033-07-22 19:53:08.667514,GW330722a
1120,560,catO5_560.fits,2033-07-23 11:14:20.722339,GW330723a
3399,1699,catO5_1699.fits,2033-07-24 01:20:12.875600,GW330724a
290,145,catO5_145.fits,2033-07-24 15:35:36.942789,GW330724b
1641,820,catO5_820.fits,2033-07-24 16:35:22.298292,GW330724c
467,233,catO5_233.fits,2033-07-24 20:11:56.043487,GW330724d
433,216,catO5_216.fits,2033-07-26 15:47:53.470338,GW330726a
894,447,catO5_447.fits,2033-07-26 16:12:14.282597,GW330726b
3787,1893,catO5_1893.fits,2033-07-27 07:24:22.775536,GW330727a
3145,1572,catO5_1572.fits,2033-07-27 09:46:45.469637,GW330727b
1718,859,catO5_859.fits,2033-07-27 13:23:55.851287,GW330727c
377,188,catO5_188.fits,2033-07-27 22:00:33.175592,GW330727d
4003,2001,catO5_2001.fits,2033-07-28 10:44:22.765564,GW330728a
2923,1461,catO5_1461.fits,2033-07-28 15:25:10.512541,GW330728b
2098,1049,catO5_1049.fits,2033-07-29 04:18:42.998660,GW330729a
787,393,catO5_393.fits,2033-07-29 07:44:38.366649,GW330729b
515,257,catO5_257.fits,2033-07-29 17:26:17.154353,GW330729c
4378,2189,catO5_2189.fits,2033-07-30 09:53:49.481166,GW330730a
1130,565,catO5_565.fits,2033-07-30 16:59:56.586925,GW330730b
4076,2038,catO5_2038.fits,2033-07-30 20:57:18.744286,GW330730c
824,412,catO5_412.fits,2033-07-31 03:47:40.659506,GW330731a
897,448,catO5_448.fits,2033-07-31 08:53:36.363497,GW330731b
920,460,catO5_460.fits,2033-08-01 02:12:38.244482,GW330801a
4408,2204,catO5_2204.fits,2033-08-01 12:26:08.613398,GW330801b
4410,2205,catO5_2205.fits,2033-08-01 16:52:01.209408,GW330801c
2055,1027,catO5_1027.fits,2033-08-02 01:39:05.333833,GW330802a
843,421,catO5_421.fits,2033-08-02 03:49:54.361134,GW330802b
3175,1587,catO5_1587.fits,2033-08-02 21:46:29.571247,GW330802c
870,435,catO5_435.fits,2033-08-02 22:06:20.104384,GW330802d
638,319,catO5_319.fits,2033-08-03 17:12:33.059546,GW330803a
2735,1367,catO5_1367.fits,2033-08-03 18:24:48.273858,GW330803b
3640,1820,catO5_1820.fits,2033-08-03 19:56:28.153905,GW330803c
962,481,catO5_481.fits,2033-08-05 00:12:50.641275,GW330805a
4562,2281,catO5_2281.fits,2033-08-06 12:46:35.385879,GW330806a
614,307,catO5_307.fits,2033-08-07 22:13:03.188656,GW330807a
2469,1234,catO5_1234.fits,2033-08-08 21:16:52.600683,GW330808a
645,322,catO5_322.fits,2033-08-10 10:14:47.174357,GW330810a
3539,1769,catO5_1769.fits,2033-08-10 18:53:54.949224,GW330810b
3854,1927,catO5_1927.fits,2033-08-11 16:37:08.850851,GW330811a
2375,1187,catO5_1187.fits,2033-08-13 11:15:42.872675,GW330813a
2472,1236,catO5_1236.fits,2033-08-13 19:46:55.536977,GW330813b
2523,1261,catO5_1261.fits,2033-08-14 04:42:00.743071,GW330814a
1696,848,catO5_848.fits,2033-08-15 16:30:28.355337,GW330815a
901,450,catO5_450.fits,2033-08-16 04:19:51.249837,GW330816a
3732,1866,catO5_1866.fits,2033-08-16 12:44:05.035289,GW330816b
1952,976,catO5_976.fits,2033-08-17 05:49:00.774373,GW330817a
207,103,catO5_103.fits,2033-08-17 09:59:33.035888,GW330817b
986,493,catO5_493.fits,2033-08-18 20:30:47.064429,GW330818a
2779,1389,catO5_1389.fits,2033-08-19 07:23:50.992157,GW330819a
710,355,catO5_355.fits,2033-08-20 20:47:00.721889,GW330820a
1002,501,catO5_501.fits,2033-08-21 00:52:40.660079,GW330821a
2146,1073,catO5_1073.fits,2033-08-21 10:17:23.406784,GW330821b
3267,1633,catO5_1633.fits,2033-08-21 17:24:42.814798,GW330821c
3293,1646,catO5_1646.fits,2033-08-21 17:47:32.971624,GW330821d
4607,2303,catO5_2303.fits,2033-08-22 11:00:54.633885,GW330822a
403,201,catO5_201.fits,2033-08-22 14:14:37.754099,GW330822b
4050,2025,catO5_2025.fits,2033-08-22 16:05:51.527026,GW330822c
3784,1892,catO5_1892.fits,2033-08-22 17:33:48.636870,GW330822d
3036,1518,catO5_1518.fits,2033-08-23 17:32:31.167172,GW330823a
2290,1145,catO5_1145.fits,2033-08-24 00:38:46.442252,GW330824a
2311,1155,catO5_1155.fits,2033-08-25 01:26:22.640319,GW330825a
4489,2244,catO5_2244.fits,2033-08-26 10:08:41.899927,GW330826a
2903,1451,catO5_1451.fits,2033-08-26 19:26:38.557906,GW330826b
4199,2099,catO5_2099.fits,2033-08-27 00:19:57.470391,GW330827a
2908,1454,catO5_1454.fits,2033-08-27 06:05:13.578317,GW330827b
3008,1504,catO5_1504.fits,2033-08-27 12:24:36.058318,GW330827c
2275,1137,catO5_1137.fits,2033-08-27 14:16:56.468220,GW330827d
2770,1385,catO5_1385.fits,2033-08-28 09:15:21.418453,GW330828a
3129,1564,catO5_1564.fits,2033-08-28 19:12:54.151771,GW330828b
3990,1995,catO5_1995.fits,2033-08-29 12:32:12.932740,GW330829a
819,409,catO5_409.fits,2033-08-29 20:04:45.974600,GW330829b
1972,986,catO5_986.fits,2033-08-30 05:06:50.316638,GW330830a
86,43,catO5_43.fits,2033-08-30 23:22:38.137294,GW330830b
3481,1740,catO5_1740.fits,2033-08-31 07:56:08.974274,GW330831a
2578,1289,catO5_1289.fits,2033-08-31 08:11:36.320782,GW330831b
1183,591,catO5_591.fits,2033-08-31 21:01:34.224755,GW330831c
2251,1125,catO5_1125.fits,2033-09-03 04:12:03.877384,GW330903a
1309,654,catO5_654.fits,2033-09-03 09:06:59.491293,GW330903b
2180,1090,catO5_1090.fits,2033-09-03 20:40:23.352490,GW330903c
948,474,catO5_474.fits,2033-09-04 05:48:23.815215,GW330904a
4115,2057,catO5_2057.fits,2033-09-04 09:11:23.515121,GW330904b
1146,573,catO5_573.fits,2033-09-05 09:35:42.784645,GW330905a
1917,958,catO5_958.fits,2033-09-06 03:03:07.366941,GW330906a
4494,2247,catO5_2247.fits,2033-09-06 07:57:57.606583,GW330906b
3154,1577,catO5_1577.fits,2033-09-06 08:33:29.291015,GW330906c
2345,1172,catO5_1172.fits,2033-09-06 13:09:54.392503,GW330906d
2589,1294,catO5_1294.fits,2033-09-06 23:10:39.030046,GW330906e
3717,1858,catO5_1858.fits,2033-09-07 05:40:35.915479,GW330907a
1727,863,catO5_863.fits,2033-09-08 02:27:35.006380,GW330908a
760,380,catO5_380.fits,2033-09-08 14:36:13.193666,GW330908b
1807,903,catO5_903.fits,2033-09-08 17:51:07.903188,GW330908c
3456,1728,catO5_1728.fits,2033-09-09 00:32:54.364589,GW330909a
2064,1032,catO5_1032.fits,2033-09-09 02:11:18.010922,GW330909b
2160,1080,catO5_1080.fits,2033-09-09 17:10:32.057540,GW330909c
1400,700,catO5_700.fits,2033-09-11 00:24:38.911889,GW330911a
2956,1478,catO5_1478.fits,2033-09-11 00:50:30.751749,GW330911b
1717,858,catO5_858.fits,2033-09-11 01:05:43.240883,GW330911c
1406,703,catO5_703.fits,2033-09-11 01:49:12.856280,GW330911d
4509,2254,catO5_2254.fits,2033-09-11 12:34:55.807405,GW330911e
503,251,catO5_251.fits,2033-09-11 15:35:15.809612,GW330911f
3038,1519,catO5_1519.fits,2033-09-11 19:11:53.847352,GW330911g
2785,1392,catO5_1392.fits,2033-09-12 00:39:19.168182,GW330912a
2977,1488,catO5_1488.fits,2033-09-12 03:07:34.326612,GW330912b
2626,1313,catO5_1313.fits,2033-09-13 12:29:12.951861,GW330913a
1171,585,catO5_585.fits,2033-09-13 15:29:16.863006,GW330913b
563,281,catO5_281.fits,2033-09-13 16:26:02.693671,GW330913c
3475,1737,catO5_1737.fits,2033-09-14 07:28:21.832872,GW330914a
44,22,catO5_22.fits,2033-09-14 10:07:49.329630,GW330914b
1177,588,catO5_588.fits,2033-09-14 11:53:12.025692,GW330914c
2757,1378,catO5_1378.fits,2033-09-14 14:49:02.365446,GW330914d
4221,2110,catO5_2110.fits,2033-09-15 13:19:39.476277,GW330915a
1039,519,catO5_519.fits,2033-09-15 13:50:42.918100,GW330915b
3181,1590,catO5_1590.fits,2033-09-15 17:44:22.668805,GW330915c
474,237,catO5_237.fits,2033-09-16 04:18:29.263439,GW330916a
2070,1035,catO5_1035.fits,2033-09-16 08:27:41.880931,GW330916b
4427,2213,catO5_2213.fits,2033-09-17 08:02:43.233779,GW330917a
339,169,catO5_169.fits,2033-09-18 01:51:49.706610,GW330918a
3892,1946,catO5_1946.fits,2033-09-18 07:51:56.250669,GW330918b
289,144,catO5_144.fits,2033-09-19 04:27:12.218182,GW330919a
3351,1675,catO5_1675.fits,2033-09-19 15:56:01.279645,GW330919b
3999,1999,catO5_1999.fits,2033-09-20 03:28:58.189882,GW330920a
2087,1043,catO5_1043.fits,2033-09-20 08:56:33.150297,GW330920b
2119,1059,catO5_1059.fits,2033-09-20 20:38:53.017467,GW330920c
1715,857,catO5_857.fits,2033-09-21 19:29:49.294134,GW330921a
1974,987,catO5_987.fits,2033-09-21 23:56:21.940150,GW330921b
3909,1954,catO5_1954.fits,2033-09-22 04:32:53.276215,GW330922a
3597,1798,catO5_1798.fits,2033-09-22 04:50:51.494395,GW330922b
2227,1113,catO5_1113.fits,2033-09-22 14:46:40.409796,GW330922c
2360,1180,catO5_1180.fits,2033-09-23 04:06:55.858321,GW330923a
262,131,catO5_131.fits,2033-09-23 05:42:01.996695,GW330923b
773,386,catO5_386.fits,2033-09-23 09:43:03.133702,GW330923c
3546,1773,catO5_1773.fits,2033-09-24 10:27:43.795926,GW330924a
586,293,catO5_293.fits,2033-09-24 12:47:13.910498,GW330924b
1377,688,catO5_688.fits,2033-09-25 12:19:42.650133,GW330925a
2887,1443,catO5_1443.fits,2033-09-25 21:29:12.161534,GW330925b
3058,1529,catO5_1529.fits,2033-09-27 16:37:51.147797,GW330927a
2612,1306,catO5_1306.fits,2033-09-28 00:17:41.259829,GW330928a
3327,1663,catO5_1663.fits,2033-09-28 13:35:45.185462,GW330928b
18,9,catO5_9.fits,2033-09-28 16:56:42.604723,GW330928c
2764,1382,catO5_1382.fits,2033-09-29 08:11:26.516514,GW330929a
527,263,catO5_263.fits,2033-09-29 18:33:38.462044,GW330929b
3500,1750,catO5_1750.fits,2033-09-30 01:22:39.402463,GW330930a
393,196,catO5_196.fits,2033-09-30 07:39:22.366780,GW330930b
4245,2122,catO5_2122.fits,2033-09-30 10:37:00.264332,GW330930c
3410,1705,catO5_1705.fits,2033-09-30 20:56:38.873212,GW330930d
797,398,catO5_398.fits,2033-10-01 06:26:04.391121,GW331001a
2571,1285,catO5_1285.fits,2033-10-01 15:22:37.388913,GW331001b
1653,826,catO5_826.fits,2033-10-03 14:07:25.589298,GW331003a
3126,1563,catO5_1563.fits,2033-10-03 14:35:54.139358,GW331003b
2409,1204,catO5_1204.fits,2033-10-03 20:03:14.531686,GW331003c
2577,1288,catO5_1288.fits,2033-10-04 01:20:04.966716,GW331004a
4510,2255,catO5_2255.fits,2033-10-04 02:44:41.889205,GW331004b
1869,934,catO5_934.fits,2033-10-05 05:46:56.844167,GW331005a
3113,1556,catO5_1556.fits,2033-10-05 15:13:57.195337,GW331005b
3776,1888,catO5_1888.fits,2033-10-05 17:16:25.560089,GW331005c
4143,2071,catO5_2071.fits,2033-10-05 18:32:09.622937,GW331005d
3682,1841,catO5_1841.fits,2033-10-06 09:35:20.474616,GW331006a
3262,1631,catO5_1631.fits,2033-10-06 11:43:07.089996,GW331006b
1217,608,catO5_608.fits,2033-10-07 00:04:33.649915,GW331007a
2772,1386,catO5_1386.fits,2033-10-07 12:19:49.389825,GW331007b
3774,1887,catO5_1887.fits,2033-10-07 14:20:20.380341,GW331007c
1911,955,catO5_955.fits,2033-10-07 15:57:29.954633,GW331007d
2219,1109,catO5_1109.fits,2033-10-07 18:47:13.580019,GW331007e
2489,1244,catO5_1244.fits,2033-10-07 18:56:47.912971,GW331007f
208,104,catO5_104.fits,2033-10-07 20:08:58.741709,GW331007g
2348,1174,catO5_1174.fits,2033-10-07 20:55:10.485212,GW331007h
3284,1642,catO5_1642.fits,2033-10-08 03:57:03.174815,GW331008a
1519,759,catO5_759.fits,2033-10-09 19:48:26.471089,GW331009a
2831,1415,catO5_1415.fits,2033-10-09 20:21:10.910300,GW331009b
1731,865,catO5_865.fits,2033-10-10 16:36:45.991372,GW331010a
1655,827,catO5_827.fits,2033-10-11 11:07:10.989843,GW331011a
3611,1805,catO5_1805.fits,2033-10-11 17:19:10.160105,GW331011b
4081,2040,catO5_2040.fits,2033-10-12 03:14:59.999863,GW331012a
4482,2241,catO5_2241.fits,2033-10-12 13:27:33.228832,GW331012b
2864,1432,catO5_1432.fits,2033-10-13 04:30:11.026688,GW331013a
292,146,catO5_146.fits,2033-10-13 10:40:53.020643,GW331013b
1633,816,catO5_816.fits,2033-10-14 04:09:38.894295,GW331014a
1253,626,catO5_626.fits,2033-10-14 07:01:14.044418,GW331014b
1565,782,catO5_782.fits,2033-10-14 09:46:32.335790,GW331014c
4222,2111,catO5_2111.fits,2033-10-15 07:12:42.494544,GW331015a
4111,2055,catO5_2055.fits,2033-10-15 17:07:48.684237,GW331015b
3814,1907,catO5_1907.fits,2033-10-16 02:27:06.404262,GW331016a
4409,2204,catO5_2204.fits,2033-10-16 05:37:12.952814,GW331016b
375,187,catO5_187.fits,2033-10-17 05:20:43.669752,GW331017a
4304,2152,catO5_2152.fits,2033-10-18 04:10:06.250784,GW331018a
3685,1842,catO5_1842.fits,2033-10-18 06:07:30.974037,GW331018b
2190,1095,catO5_1095.fits,2033-10-19 14:19:30.581182,GW331019a
2437,1218,catO5_1218.fits,2033-10-20 02:27:50.707608,GW331020a
3413,1706,catO5_1706.fits,2033-10-20 21:44:52.452296,GW331020b
3163,1581,catO5_1581.fits,2033-10-20 22:11:06.980623,GW331020c
4297,2148,catO5_2148.fits,2033-10-22 21:47:57.510298,GW331022a
661,330,catO5_330.fits,2033-10-23 13:40:14.743631,GW331023a
1086,543,catO5_543.fits,2033-10-23 23:58:00.688605,GW331023b
2269,1134,catO5_1134.fits,2033-10-24 06:30:08.326074,GW331024a
1939,969,catO5_969.fits,2033-10-24 15:09:07.720971,GW331024b
3341,1670,catO5_1670.fits,2033-10-25 18:29:29.707132,GW331025a
2702,1351,catO5_1351.fits,2033-10-26 04:11:28.082668,GW331026a
3824,1912,catO5_1912.fits,2033-10-26 13:18:56.997659,GW331026b
1504,752,catO5_752.fits,2033-10-26 21:43:20.181599,GW331026c
1959,979,catO5_979.fits,2033-10-27 02:27:32.319578,GW331027a
1112,556,catO5_556.fits,2033-10-27 09:50:51.824980,GW331027b
2326,1163,catO5_1163.fits,2033-10-27 10:48:25.556946,GW331027c
818,409,catO5_409.fits,2033-10-28 00:32:25.733862,GW331028a
4189,2094,catO5_2094.fits,2033-10-28 20:29:07.236308,GW331028b
4419,2209,catO5_2209.fits,2033-10-29 07:40:16.784244,GW331029a
1005,502,catO5_502.fits,2033-10-29 23:59:19.018084,GW331029b
2096,1048,catO5_1048.fits,2033-11-01 01:40:26.887625,GW331101a
4417,2208,catO5_2208.fits,2033-11-01 01:50:12.549305,GW331101b
738,369,catO5_369.fits,2033-11-01 17:19:40.178708,GW331101c
2981,1490,catO5_1490.fits,2033-11-02 01:26:45.749866,GW331102a
667,333,catO5_333.fits,2033-11-02 14:27:23.866904,GW331102b
2617,1308,catO5_1308.fits,2033-11-02 16:49:32.084079,GW331102c
4375,2187,catO5_2187.fits,2033-11-02 19:10:39.100973,GW331102d
303,151,catO5_151.fits,2033-11-04 10:51:56.807084,GW331104a
595,297,catO5_297.fits,2033-11-06 15:36:06.827965,GW331106a
4099,2049,catO5_2049.fits,2033-11-07 01:28:47.058202,GW331107a
342,171,catO5_171.fits,2033-11-09 02:28:52.314209,GW331109a
3722,1861,catO5_1861.fits,2033-11-09 02:43:30.421740,GW331109b
1868,934,catO5_934.fits,2033-11-09 13:01:56.572402,GW331109c
2278,1139,catO5_1139.fits,2033-11-11 14:31:14.347137,GW331111a
1829,914,catO5_914.fits,2033-11-11 15:39:54.241264,GW331111b
3624,1812,catO5_1812.fits,2033-11-12 04:13:53.474223,GW331112a
2415,1207,catO5_1207.fits,2033-11-12 04:16:23.968511,GW331112b
4186,2093,catO5_2093.fits,2033-11-12 04:27:51.415962,GW331112c
1600,800,catO5_800.fits,2033-11-13 08:40:50.377488,GW331113a
2714,1357,catO5_1357.fits,2033-11-13 08:48:58.635995,GW331113b
1379,689,catO5_689.fits,2033-11-14 17:18:48.675677,GW331114a
1385,692,catO5_692.fits,2033-11-17 19:14:03.103873,GW331117a
3473,1736,catO5_1736.fits,2033-11-17 23:00:23.881880,GW331117b
2242,1121,catO5_1121.fits,2033-11-18 12:44:40.592255,GW331118a
1649,824,catO5_824.fits,2033-11-18 21:42:44.491439,GW331118b
1845,922,catO5_922.fits,2033-11-19 03:05:14.729908,GW331119a
3072,1536,catO5_1536.fits,2033-11-19 17:29:38.448121,GW331119b
73,36,catO5_36.fits,2033-11-19 19:16:55.673511,GW331119c
358,179,catO5_179.fits,2033-11-19 19:32:25.033573,GW331119d
3032,1516,catO5_1516.fits,2033-11-20 10:10:24.857267,GW331120a
3222,1611,catO5_1611.fits,2033-11-20 13:03:28.125564,GW331120b
4575,2287,catO5_2287.fits,2033-11-21 20:28:40.883451,GW331121a
2851,1425,catO5_1425.fits,2033-11-22 08:07:58.427402,GW331122a
217,108,catO5_108.fits,2033-11-22 21:46:33.113419,GW331122b
529,264,catO5_264.fits,2033-11-23 11:01:35.252370,GW331123a
3842,1921,catO5_1921.fits,2033-11-23 17:32:07.876983,GW331123b
1017,508,catO5_508.fits,2033-11-24 16:10:04.814749,GW331124a
3118,1559,catO5_1559.fits,2033-11-24 21:00:43.429954,GW331124b
2788,1394,catO5_1394.fits,2033-11-25 03:44:54.872368,GW331125a
2237,1118,catO5_1118.fits,2033-11-27 03:34:35.225283,GW331127a
1624,812,catO5_812.fits,2033-11-27 11:54:26.751407,GW331127b
1174,587,catO5_587.fits,2033-11-27 20:49:41.272507,GW331127c
1128,564,catO5_564.fits,2033-11-27 21:32:52.668861,GW331127d
36,18,catO5_18.fits,2033-11-28 12:26:08.017538,GW331128a
1954,977,catO5_977.fits,2033-11-28 17:28:23.747452,GW331128b
3898,1949,catO5_1949.fits,2033-12-01 07:21:36.684052,GW331201a
4124,2062,catO5_2062.fits,2033-12-01 09:04:49.787104,GW331201b
745,372,catO5_372.fits,2033-12-01 14:08:34.552073,GW331201c
1458,729,catO5_729.fits,2033-12-02 14:27:15.178750,GW331202a
1722,861,catO5_861.fits,2033-12-03 17:27:18.017720,GW331203a
568,284,catO5_284.fits,2033-12-03 19:24:15.305512,GW331203b
1138,569,catO5_569.fits,2033-12-05 08:38:35.226597,GW331205a
3773,1886,catO5_1886.fits,2033-12-06 11:47:25.274241,GW331206a
4461,2230,catO5_2230.fits,2033-12-08 07:59:18.079084,GW331208a
2273,1136,catO5_1136.fits,2033-12-09 10:27:35.074641,GW331209a
3286,1643,catO5_1643.fits,2033-12-09 12:48:54.633296,GW331209b
2953,1476,catO5_1476.fits,2033-12-10 08:05:42.130551,GW331210a
1752,876,catO5_876.fits,2033-12-10 12:22:09.101378,GW331210b
3370,1685,catO5_1685.fits,2033-12-10 19:27:39.422633,GW331210c
4198,2099,catO5_2099.fits,2033-12-11 00:44:54.334141,GW331211a
2906,1453,catO5_1453.fits,2033-12-12 13:14:56.988093,GW331212a
2193,1096,catO5_1096.fits,2033-12-12 21:43:10.495058,GW331212b
363,181,catO5_181.fits,2033-12-12 22:44:09.754169,GW331212c
1817,908,catO5_908.fits,2033-12-12 22:55:42.591823,GW331212d
3496,1748,catO5_1748.fits,2033-12-14 06:02:59.647543,GW331214a
2723,1361,catO5_1361.fits,2033-12-15 12:24:46.165631,GW331215a
4038,2019,catO5_2019.fits,2033-12-15 18:46:07.734243,GW331215b
3115,1557,catO5_1557.fits,2033-12-15 20:40:18.038314,GW331215c
3839,1919,catO5_1919.fits,2033-12-15 22:25:05.700663,GW331215d
1083,541,catO5_541.fits,2033-12-16 01:38:23.076079,GW331216a
680,340,catO5_340.fits,2033-12-16 04:48:10.472050,GW331216b
2052,1026,catO5_1026.fits,2033-12-17 17:24:37.057640,GW331217a
2968,1484,catO5_1484.fits,2033-12-17 20:56:21.242093,GW331217b
4317,2158,catO5_2158.fits,2033-12-19 03:08:58.750443,GW331219a
1927,963,catO5_963.fits,2033-12-19 04:44:47.013275,GW331219b
136,68,catO5_68.fits,2033-12-19 11:01:31.377198,GW331219c
697,348,catO5_348.fits,2033-12-20 15:54:19.289054,GW331220a
3626,1813,catO5_1813.fits,2033-12-20 16:00:43.337499,GW331220b
1370,685,catO5_685.fits,2033-12-21 12:14:42.159936,GW331221a
4075,2037,catO5_2037.fits,2033-12-22 02:12:39.816991,GW331222a
367,183,catO5_183.fits,2033-12-22 19:44:10.983324,GW331222b
69,34,catO5_34.fits,2033-12-23 05:55:07.564135,GW331223a
279,139,catO5_139.fits,2033-12-23 06:00:52.968061,GW331223b
4501,2250,catO5_2250.fits,2033-12-23 12:18:20.083663,GW331223c
3330,1665,catO5_1665.fits,2033-12-25 10:34:53.904255,GW331225a
4054,2027,catO5_2027.fits,2033-12-26 04:30:35.829348,GW331226a
3822,1911,catO5_1911.fits,2033-12-26 12:35:59.123922,GW331226b
2598,1299,catO5_1299.fits,2033-12-27 00:15:46.288991,GW331227a
2520,1260,catO5_1260.fits,2033-12-27 17:52:17.856280,GW331227b
3536,1768,catO5_1768.fits,2033-12-27 18:50:13.142272,GW331227c
396,198,catO5_198.fits,2033-12-30 07:50:29.613300,GW331230a
4006,2003,catO5_2003.fits,2033-12-31 02:45:00.133759,GW331231a
3793,1896,catO5_1896.fits,2033-12-31 05:06:52.444472,GW331231b
1105,552,catO5_552.fits,2033-12-31 18:18:20.867942,GW331231c
1359,679,catO5_679.fits,2033-12-31 21:45:01.677290,GW331231d
3342,1671,catO5_1671.fits,2034-01-01 01:36:13.720966,GW340101a
1836,918,catO5_918.fits,2034-01-01 03:39:04.268008,GW340101b
65,32,catO5_32.fits,2034-01-02 08:20:53.417649,GW340102a
4166,2083,catO5_2083.fits,2034-01-02 11:57:57.721001,GW340102b
240,120,catO5_120.fits,2034-01-02 18:43:07.049783,GW340102c
243,121,catO5_121.fits,2034-01-03 11:14:33.485807,GW340103a
1691,845,catO5_845.fits,2034-01-05 01:28:35.254662,GW340105a
3492,1746,catO5_1746.fits,2034-01-05 04:40:56.570200,GW340105b
2496,1248,catO5_1248.fits,2034-01-05 22:28:46.632815,GW340105c
3987,1993,catO5_1993.fits,2034-01-06 02:19:47.940872,GW340106a
954,477,catO5_477.fits,2034-01-06 03:42:30.212808,GW340106b
3712,1856,catO5_1856.fits,2034-01-06 09:11:51.208941,GW340106c
4264,2132,catO5_2132.fits,2034-01-06 14:41:50.375697,GW340106d
2725,1362,catO5_1362.fits,2034-01-06 17:20:24.705415,GW340106e
1875,937,catO5_937.fits,2034-01-06 23:28:35.921269,GW340106f
3371,1685,catO5_1685.fits,2034-01-07 03:37:08.674280,GW340107a
1561,780,catO5_780.fits,2034-01-08 00:15:38.157072,GW340108a
1826,913,catO5_913.fits,2034-01-08 11:00:39.911256,GW340108b
3137,1568,catO5_1568.fits,2034-01-08 16:30:52.255625,GW340108c
4548,2274,catO5_2274.fits,2034-01-09 07:43:23.140532,GW340109a
1592,796,catO5_796.fits,2034-01-10 23:53:24.860063,GW340110a
2984,1492,catO5_1492.fits,2034-01-11 10:15:03.917414,GW340111a
598,299,catO5_299.fits,2034-01-12 10:51:44.028457,GW340112a
1995,997,catO5_997.fits,2034-01-13 10:32:22.310686,GW340113a
3350,1675,catO5_1675.fits,2034-01-13 15:34:48.087715,GW340113b
2478,1239,catO5_1239.fits,2034-01-13 16:36:52.069806,GW340113c
3362,1681,catO5_1681.fits,2034-01-13 22:22:59.585628,GW340113d
3513,1756,catO5_1756.fits,2034-01-14 06:05:05.985085,GW340114a
1638,819,catO5_819.fits,2034-01-14 15:23:21.248287,GW340114b
4213,2106,catO5_2106.fits,2034-01-14 16:51:56.317820,GW340114c
514,257,catO5_257.fits,2034-01-14 21:33:32.678010,GW340114d
1982,991,catO5_991.fits,2034-01-15 16:52:52.236135,GW340115a
4285,2142,catO5_2142.fits,2034-01-15 17:37:03.546371,GW340115b
1648,824,catO5_824.fits,2034-01-16 00:05:14.932711,GW340116a
3639,1819,catO5_1819.fits,2034-01-16 02:19:46.179291,GW340116b
219,109,catO5_109.fits,2034-01-17 09:38:51.281564,GW340117a
668,334,catO5_334.fits,2034-01-17 16:18:36.939090,GW340117b
92,46,catO5_46.fits,2034-01-17 22:10:18.403073,GW340117c
967,483,catO5_483.fits,2034-01-18 18:36:39.142911,GW340118a
3377,1688,catO5_1688.fits,2034-01-19 15:52:01.929633,GW340119a
1694,847,catO5_847.fits,2034-01-21 05:38:38.131366,GW340121a
2171,1085,catO5_1085.fits,2034-01-21 10:28:14.320484,GW340121b
728,364,catO5_364.fits,2034-01-21 21:12:47.762351,GW340121c
3039,1519,catO5_1519.fits,2034-01-22 15:57:08.534297,GW340122a
4338,2169,catO5_2169.fits,2034-01-23 02:15:40.675928,GW340123a
1243,621,catO5_621.fits,2034-01-24 15:15:28.965986,GW340124a
2159,1079,catO5_1079.fits,2034-01-25 13:42:29.157503,GW340125a
185,92,catO5_92.fits,2034-01-26 05:55:50.807971,GW340126a
1274,637,catO5_637.fits,2034-01-26 11:22:56.371152,GW340126b
3141,1570,catO5_1570.fits,2034-01-26 13:11:21.641530,GW340126c
4167,2083,catO5_2083.fits,2034-01-26 14:42:11.927011,GW340126d
3135,1567,catO5_1567.fits,2034-01-26 21:29:47.081990,GW340126e
356,178,catO5_178.fits,2034-01-27 06:44:28.781276,GW340127a
866,433,catO5_433.fits,2034-01-28 01:11:01.056643,GW340128a
4470,2235,catO5_2235.fits,2034-01-28 01:57:46.773116,GW340128b
1071,535,catO5_535.fits,2034-01-29 09:15:28.098622,GW340129a
4370,2185,catO5_2185.fits,2034-01-31 18:44:56.237743,GW340131a
548,274,catO5_274.fits,2034-01-31 20:22:11.955536,GW340131b
3020,1510,catO5_1510.fits,2034-01-31 22:41:41.997325,GW340131c
4469,2234,catO5_2234.fits,2034-02-01 00:07:17.170970,GW340201a
2445,1222,catO5_1222.fits,2034-02-01 02:02:19.423847,GW340201b
3453,1726,catO5_1726.fits,2034-02-01 03:05:47.645686,GW340201c
2665,1332,catO5_1332.fits,2034-02-01 17:21:01.718759,GW340201d
2458,1229,catO5_1229.fits,2034-02-02 03:55:34.792709,GW340202a
2015,1007,catO5_1007.fits,2034-02-02 11:42:25.965193,GW340202b
2513,1256,catO5_1256.fits,2034-02-02 13:01:47.123310,GW340202c
1321,660,catO5_660.fits,2034-02-03 00:10:39.312832,GW340203a
1708,854,catO5_854.fits,2034-02-03 03:39:01.969790,GW340203b
839,419,catO5_419.fits,2034-02-04 05:38:47.613655,GW340204a
2812,1406,catO5_1406.fits,2034-02-04 09:21:18.480127,GW340204b
1848,924,catO5_924.fits,2034-02-04 18:47:36.544467,GW340204c
293,146,catO5_146.fits,2034-02-04 19:08:19.513307,GW340204d
2427,1213,catO5_1213.fits,2034-02-05 06:26:46.539244,GW340205a
3493,1746,catO5_1746.fits,2034-02-05 21:53:38.446277,GW340205b
873,436,catO5_436.fits,2034-02-06 17:55:15.761425,GW340206a
1085,542,catO5_542.fits,2034-02-07 05:15:03.332272,GW340207a
1140,570,catO5_570.fits,2034-02-07 13:51:36.722720,GW340207b
1216,608,catO5_608.fits,2034-02-08 01:58:04.852798,GW340208a
4354,2177,catO5_2177.fits,2034-02-08 22:23:55.631413,GW340208b
4359,2179,catO5_2179.fits,2034-02-08 23:28:55.778958,GW340208c
2825,1412,catO5_1412.fits,2034-02-10 00:34:35.444725,GW340210a
313,156,catO5_156.fits,2034-02-11 14:21:54.873116,GW340211a
330,165,catO5_165.fits,2034-02-11 17:50:07.566723,GW340211b
1463,731,catO5_731.fits,2034-02-12 06:57:57.844409,GW340212a
374,187,catO5_187.fits,2034-02-14 11:47:54.777849,GW340214a
4145,2072,catO5_2072.fits,2034-02-14 20:38:05.168988,GW340214b
1784,892,catO5_892.fits,2034-02-15 07:21:23.187687,GW340215a
3347,1673,catO5_1673.fits,2034-02-15 09:11:22.826169,GW340215b
2264,1132,catO5_1132.fits,2034-02-15 09:16:01.428509,GW340215c
3558,1779,catO5_1779.fits,2034-02-15 12:49:10.611243,GW340215d
2408,1204,catO5_1204.fits,2034-02-16 06:24:23.647624,GW340216a
3587,1793,catO5_1793.fits,2034-02-17 10:21:18.563393,GW340217a
4060,2030,catO5_2030.fits,2034-02-17 11:38:44.561773,GW340217b
588,294,catO5_294.fits,2034-02-18 16:57:09.904550,GW340218a
1888,944,catO5_944.fits,2034-02-20 14:58:56.473943,GW340220a
521,260,catO5_260.fits,2034-02-21 04:57:40.237187,GW340221a
88,44,catO5_44.fits,2034-02-21 16:09:58.539445,GW340221b
3295,1647,catO5_1647.fits,2034-02-21 17:51:27.197397,GW340221c
168,84,catO5_84.fits,2034-02-21 21:50:43.717724,GW340221d
2535,1267,catO5_1267.fits,2034-02-23 00:58:34.444372,GW340223a
3219,1609,catO5_1609.fits,2034-02-24 11:35:14.979454,GW340224a
1487,743,catO5_743.fits,2034-02-24 16:44:14.212494,GW340224b
2126,1063,catO5_1063.fits,2034-02-24 16:59:10.625463,GW340224c
4544,2272,catO5_2272.fits,2034-02-25 04:40:59.287654,GW340225a
3304,1652,catO5_1652.fits,2034-02-27 01:08:29.870037,GW340227a
805,402,catO5_402.fits,2034-02-27 07:20:56.981278,GW340227b
854,427,catO5_427.fits,2034-02-27 15:55:11.161709,GW340227c
4241,2120,catO5_2120.fits,2034-02-28 22:16:12.369675,GW340228a
3268,1634,catO5_1634.fits,2034-03-02 00:35:51.360672,GW340302a
3960,1980,catO5_1980.fits,2034-03-02 02:42:11.447804,GW340302b
734,367,catO5_367.fits,2034-03-02 05:32:47.913040,GW340302c
3221,1610,catO5_1610.fits,2034-03-03 10:12:30.116669,GW340303a
4302,2151,catO5_2151.fits,2034-03-04 04:56:46.045893,GW340304a
4237,2118,catO5_2118.fits,2034-03-04 08:54:56.862258,GW340304b
2246,1123,catO5_1123.fits,2034-03-04 14:36:45.928598,GW340304c
1684,842,catO5_842.fits,2034-03-04 15:57:32.761455,GW340304d
3620,1810,catO5_1810.fits,2034-03-05 06:30:08.267021,GW340305a
1844,922,catO5_922.fits,2034-03-05 17:38:00.987641,GW340305b
1616,808,catO5_808.fits,2034-03-06 17:09:26.613865,GW340306a
3671,1835,catO5_1835.fits,2034-03-07 07:36:41.931407,GW340307a
3863,1931,catO5_1931.fits,2034-03-07 10:23:24.319978,GW340307b
2652,1326,catO5_1326.fits,2034-03-09 23:41:16.165080,GW340309a
3462,1731,catO5_1731.fits,2034-03-10 04:45:10.725150,GW340310a
3157,1578,catO5_1578.fits,2034-03-10 21:03:38.193426,GW340310b
1451,725,catO5_725.fits,2034-03-11 23:40:03.652423,GW340311a
1428,714,catO5_714.fits,2034-03-12 08:19:36.636238,GW340312a
3680,1840,catO5_1840.fits,2034-03-12 17:08:40.782858,GW340312b
1612,806,catO5_806.fits,2034-03-12 23:10:42.698128,GW340312c
4163,2081,catO5_2081.fits,2034-03-13 17:03:17.702945,GW340313a
765,382,catO5_382.fits,2034-03-14 15:59:10.514891,GW340314a
1802,901,catO5_901.fits,2034-03-14 21:34:03.830087,GW340314b
11,5,catO5_5.fits,2034-03-15 06:04:18.355313,GW340315a
3451,1725,catO5_1725.fits,2034-03-15 19:37:05.412456,GW340315b
1720,860,catO5_860.fits,2034-03-16 02:15:15.246774,GW340316a
163,81,catO5_81.fits,2034-03-16 08:36:11.701288,GW340316b
2479,1239,catO5_1239.fits,2034-03-16 18:11:19.035584,GW340316c
54,27,catO5_27.fits,2034-03-17 04:09:11.878187,GW340317a
802,401,catO5_401.fits,2034-03-17 09:49:26.765320,GW340317b
1186,593,catO5_593.fits,2034-03-17 13:42:05.448365,GW340317c
3512,1756,catO5_1756.fits,2034-03-17 22:10:55.733541,GW340317d
2399,1199,catO5_1199.fits,2034-03-18 00:55:35.991196,GW340318a
3022,1511,catO5_1511.fits,2034-03-19 15:11:23.901483,GW340319a
542,271,catO5_271.fits,2034-03-20 00:12:52.146973,GW340320a
1508,754,catO5_754.fits,2034-03-20 23:47:56.014400,GW340320b
2643,1321,catO5_1321.fits,2034-03-21 16:33:57.888713,GW340321a
1553,776,catO5_776.fits,2034-03-21 20:36:50.893974,GW340321b
3561,1780,catO5_1780.fits,2034-03-21 21:21:42.708223,GW340321c
3379,1689,catO5_1689.fits,2034-03-22 04:08:06.894650,GW340322a
1881,940,catO5_940.fits,2034-03-22 15:32:57.377676,GW340322b
1988,994,catO5_994.fits,2034-03-22 15:55:51.742425,GW340322c
599,299,catO5_299.fits,2034-03-23 20:38:14.668080,GW340323a
1790,895,catO5_895.fits,2034-03-25 02:12:04.873044,GW340325a
390,195,catO5_195.fits,2034-03-25 16:19:46.997208,GW340325b
989,494,catO5_494.fits,2034-03-26 10:56:40.835947,GW340326a
2763,1381,catO5_1381.fits,2034-03-27 09:49:12.061031,GW340327a
2085,1042,catO5_1042.fits,2034-03-27 17:13:02.686470,GW340327b
2417,1208,catO5_1208.fits,2034-03-27 21:23:05.630508,GW340327c
682,341,catO5_341.fits,2034-03-28 20:22:54.087110,GW340328a
4325,2162,catO5_2162.fits,2034-03-29 10:10:22.349797,GW340329a
4576,2288,catO5_2288.fits,2034-03-29 12:36:33.243742,GW340329b
1858,929,catO5_929.fits,2034-03-30 19:53:21.244734,GW340330a
4214,2107,catO5_2107.fits,2034-03-31 21:01:41.916333,GW340331a
4104,2052,catO5_2052.fits,2034-04-01 12:22:10.705419,GW340401a
4102,2051,catO5_2051.fits,2034-04-02 15:57:57.978610,GW340402a
2686,1343,catO5_1343.fits,2034-04-03 01:58:56.230253,GW340403a
4248,2124,catO5_2124.fits,2034-04-03 20:08:13.343582,GW340403b
4113,2056,catO5_2056.fits,2034-04-04 07:28:10.835527,GW340404a
2947,1473,catO5_1473.fits,2034-04-04 12:19:48.854354,GW340404b
382,191,catO5_191.fits,2034-04-05 01:18:30.167794,GW340405a
4236,2118,catO5_2118.fits,2034-04-05 23:22:18.201548,GW340405b
3018,1509,catO5_1509.fits,2034-04-06 04:16:54.070728,GW340406a
1673,836,catO5_836.fits,2034-04-06 13:16:49.069446,GW340406b
3742,1871,catO5_1871.fits,2034-04-07 01:58:14.193406,GW340407a
3951,1975,catO5_1975.fits,2034-04-07 23:40:45.806463,GW340407b
551,275,catO5_275.fits,2034-04-08 22:31:16.887889,GW340408a
2720,1360,catO5_1360.fits,2034-04-08 23:49:00.737839,GW340408b
2761,1380,catO5_1380.fits,2034-04-09 17:00:58.480576,GW340409a
1969,984,catO5_984.fits,2034-04-10 01:57:01.074479,GW340410a
2556,1278,catO5_1278.fits,2034-04-10 04:11:36.092479,GW340410b
3498,1749,catO5_1749.fits,2034-04-12 14:59:31.574340,GW340412a
2713,1356,catO5_1356.fits,2034-04-13 04:26:10.455045,GW340413a
35,17,catO5_17.fits,2034-04-14 07:17:52.637105,GW340414a
304,152,catO5_152.fits,2034-04-14 19:31:16.246491,GW340414b
3575,1787,catO5_1787.fits,2034-04-15 01:17:37.682231,GW340415a
4368,2184,catO5_2184.fits,2034-04-15 10:02:30.410224,GW340415b
2871,1435,catO5_1435.fits,2034-04-15 10:53:42.618655,GW340415c
257,128,catO5_128.fits,2034-04-16 03:30:20.226714,GW340416a
337,168,catO5_168.fits,2034-04-16 04:15:18.702302,GW340416b
1588,794,catO5_794.fits,2034-04-17 00:33:33.938326,GW340417a
3886,1943,catO5_1943.fits,2034-04-18 17:50:14.728587,GW340418a
1877,938,catO5_938.fits,2034-04-19 00:19:52.850248,GW340419a
533,266,catO5_266.fits,2034-04-19 00:34:07.217275,GW340419b
2875,1437,catO5_1437.fits,2034-04-19 04:31:10.238469,GW340419c
3674,1837,catO5_1837.fits,2034-04-19 21:26:06.013039,GW340419d
1776,888,catO5_888.fits,2034-04-20 09:56:17.610167,GW340420a
476,238,catO5_238.fits,2034-04-21 02:24:52.209302,GW340421a
1144,572,catO5_572.fits,2034-04-22 13:32:30.812520,GW340422a
3984,1992,catO5_1992.fits,2034-04-22 14:02:05.016253,GW340422b
3254,1627,catO5_1627.fits,2034-04-23 04:34:49.042764,GW340423a
2142,1071,catO5_1071.fits,2034-04-23 09:02:25.322810,GW340423b
3065,1532,catO5_1532.fits,2034-04-24 19:02:39.245807,GW340424a
3314,1657,catO5_1657.fits,2034-04-26 05:37:37.820624,GW340426a
2021,1010,catO5_1010.fits,2034-04-27 00:21:37.550751,GW340427a
3704,1852,catO5_1852.fits,2034-04-27 14:29:52.015695,GW340427b
3652,1826,catO5_1826.fits,2034-04-27 15:55:09.193921,GW340427c
2424,1212,catO5_1212.fits,2034-04-28 10:22:42.437567,GW340428a
283,141,catO5_141.fits,2034-04-29 13:58:32.683751,GW340429a
1147,573,catO5_573.fits,2034-04-29 21:36:34.736202,GW340429b
232,116,catO5_116.fits,2034-04-29 21:38:53.270828,GW340429c
329,164,catO5_164.fits,2034-04-30 08:07:41.807378,GW340430a
3078,1539,catO5_1539.fits,2034-04-30 17:56:39.213790,GW340430b
1036,518,catO5_518.fits,2034-05-01 03:22:24.309911,GW340501a
1990,995,catO5_995.fits,2034-05-01 06:13:31.117585,GW340501b
4284,2142,catO5_2142.fits,2034-05-01 09:15:31.862381,GW340501c
4192,2096,catO5_2096.fits,2034-05-01 20:10:18.829015,GW340501d
2671,1335,catO5_1335.fits,2034-05-02 04:04:16.098571,GW340502a
4352,2176,catO5_2176.fits,2034-05-02 11:22:47.338253,GW340502b
1196,598,catO5_598.fits,2034-05-02 23:48:28.680564,GW340502c
79,39,catO5_39.fits,2034-05-03 05:12:17.680722,GW340503a
3601,1800,catO5_1800.fits,2034-05-03 19:34:58.702106,GW340503b
1675,837,catO5_837.fits,2034-05-04 17:28:49.050928,GW340504a
1273,636,catO5_636.fits,2034-05-05 22:11:27.263891,GW340505a
3890,1945,catO5_1945.fits,2034-05-05 23:05:13.292419,GW340505b
1855,927,catO5_927.fits,2034-05-06 00:04:23.503313,GW340506a
3511,1755,catO5_1755.fits,2034-05-06 04:40:06.868707,GW340506b
2468,1234,catO5_1234.fits,2034-05-06 09:20:33.699305,GW340506c
4299,2149,catO5_2149.fits,2034-05-06 14:28:01.406105,GW340506d
3435,1717,catO5_1717.fits,2034-05-06 15:00:04.720204,GW340506e
2451,1225,catO5_1225.fits,2034-05-06 17:44:52.807275,GW340506f
2220,1110,catO5_1110.fits,2034-05-07 11:51:31.295572,GW340507a
3494,1747,catO5_1747.fits,2034-05-07 20:25:53.909068,GW340507b
3724,1862,catO5_1862.fits,2034-05-08 07:42:07.469991,GW340508a
3264,1632,catO5_1632.fits,2034-05-08 09:14:30.507539,GW340508b
1464,732,catO5_732.fits,2034-05-08 10:44:43.929725,GW340508c
1742,871,catO5_871.fits,2034-05-09 02:45:29.868891,GW340509a
2453,1226,catO5_1226.fits,2034-05-10 02:34:40.786057,GW340510a
1064,532,catO5_532.fits,2034-05-10 16:02:22.624229,GW340510b
254,127,catO5_127.fits,2034-05-12 12:09:02.015567,GW340512a
1909,954,catO5_954.fits,2034-05-12 14:11:04.432868,GW340512b
3275,1637,catO5_1637.fits,2034-05-12 23:50:18.793105,GW340512c
4249,2124,catO5_2124.fits,2034-05-13 04:15:40.599790,GW340513a
1459,729,catO5_729.fits,2034-05-14 04:06:40.793558,GW340514a
3200,1600,catO5_1600.fits,2034-05-15 02:24:21.435641,GW340515a
2230,1115,catO5_1115.fits,2034-05-15 04:55:48.422229,GW340515b
861,430,catO5_430.fits,2034-05-16 19:35:46.151099,GW340516a
4217,2108,catO5_2108.fits,2034-05-17 05:53:46.015753,GW340517a
2274,1137,catO5_1137.fits,2034-05-17 10:39:04.104887,GW340517b
4477,2238,catO5_2238.fits,2034-05-17 19:10:13.868413,GW340517c
528,264,catO5_264.fits,2034-05-18 20:57:32.837562,GW340518a
1669,834,catO5_834.fits,2034-05-19 00:07:32.204083,GW340519a
4448,2224,catO5_2224.fits,2034-05-19 06:28:56.646000,GW340519b
157,78,catO5_78.fits,2034-05-19 23:10:42.988824,GW340519c
2456,1228,catO5_1228.fits,2034-05-20 10:58:29.761981,GW340520a
3807,1903,catO5_1903.fits,2034-05-20 14:55:49.027311,GW340520b
1549,774,catO5_774.fits,2034-05-20 20:56:44.917813,GW340520c
656,328,catO5_328.fits,2034-05-20 22:35:41.317115,GW340520d
1040,520,catO5_520.fits,2034-05-21 01:40:22.241717,GW340521a
904,452,catO5_452.fits,2034-05-21 12:57:12.125485,GW340521b
1507,753,catO5_753.fits,2034-05-21 20:41:39.919732,GW340521c
1787,893,catO5_893.fits,2034-05-22 08:37:08.864148,GW340522a
2940,1470,catO5_1470.fits,2034-05-22 09:18:44.119483,GW340522b
1806,903,catO5_903.fits,2034-05-22 16:23:52.693543,GW340522c
4405,2202,catO5_2202.fits,2034-05-22 17:18:05.364298,GW340522d
3855,1927,catO5_1927.fits,2034-05-23 06:48:12.576550,GW340523a
17,8,catO5_8.fits,2034-05-23 10:13:52.452057,GW340523b
4467,2233,catO5_2233.fits,2034-05-23 15:50:12.709687,GW340523c
1822,911,catO5_911.fits,2034-05-23 19:44:55.158047,GW340523d
1236,618,catO5_618.fits,2034-05-24 08:30:42.062603,GW340524a
3644,1822,catO5_1822.fits,2034-05-24 18:58:10.917783,GW340524b
2952,1476,catO5_1476.fits,2034-05-27 11:59:11.866210,GW340527a
801,400,catO5_400.fits,2034-05-27 14:54:36.945040,GW340527b
1401,700,catO5_700.fits,2034-05-27 20:42:28.668874,GW340527c
3820,1910,catO5_1910.fits,2034-05-28 07:00:46.956177,GW340528a
2058,1029,catO5_1029.fits,2034-05-29 11:24:00.275139,GW340529a
2394,1197,catO5_1197.fits,2034-05-30 01:12:57.962011,GW340530a
1760,880,catO5_880.fits,2034-05-30 13:15:43.450332,GW340530b
2111,1055,catO5_1055.fits,2034-05-30 23:42:33.428404,GW340530c
451,225,catO5_225.fits,2034-05-31 01:20:55.982505,GW340531a
1386,693,catO5_693.fits,2034-05-31 02:50:17.031042,GW340531b
2191,1095,catO5_1095.fits,2034-06-03 18:01:48.588028,GW340603a
3860,1930,catO5_1930.fits,2034-06-04 00:54:19.304239,GW340604a
890,445,catO5_445.fits,2034-06-04 02:06:15.306188,GW340604b
2885,1442,catO5_1442.fits,2034-06-04 05:01:56.606271,GW340604c
4210,2105,catO5_2105.fits,2034-06-04 18:36:21.282562,GW340604d
541,270,catO5_270.fits,2034-06-05 00:58:53.729642,GW340605a
1627,813,catO5_813.fits,2034-06-05 05:10:39.088437,GW340605b
2454,1227,catO5_1227.fits,2034-06-05 17:44:34.227265,GW340605c
48,24,catO5_24.fits,2034-06-06 15:38:03.159818,GW340606a
2436,1218,catO5_1218.fits,2034-06-06 18:08:28.048508,GW340606b
1050,525,catO5_525.fits,2034-06-07 01:57:54.117563,GW340607a
4485,2242,catO5_2242.fits,2034-06-07 02:33:41.329477,GW340607b
4300,2150,catO5_2150.fits,2034-06-08 15:06:08.744412,GW340608a
4162,2081,catO5_2081.fits,2034-06-08 17:12:50.959698,GW340608b
1079,539,catO5_539.fits,2034-06-09 02:11:34.325132,GW340609a
2263,1131,catO5_1131.fits,2034-06-09 06:50:00.229506,GW340609b
685,342,catO5_342.fits,2034-06-10 08:51:00.774761,GW340610a
2892,1446,catO5_1446.fits,2034-06-11 09:24:16.182331,GW340611a
2422,1211,catO5_1211.fits,2034-06-11 11:46:18.047541,GW340611b
1121,560,catO5_560.fits,2034-06-11 15:33:51.317199,GW340611c
365,182,catO5_182.fits,2034-06-11 16:22:55.635198,GW340611d
4133,2066,catO5_2066.fits,2034-06-11 18:28:40.936737,GW340611e
850,425,catO5_425.fits,2034-06-11 23:28:58.502747,GW340611f
3331,1665,catO5_1665.fits,2034-06-12 01:10:36.567346,GW340612a
3006,1503,catO5_1503.fits,2034-06-12 23:35:23.464799,GW340612b
3084,1542,catO5_1542.fits,2034-06-15 09:17:19.691979,GW340615a
4583,2291,catO5_2291.fits,2034-06-15 09:27:07.182756,GW340615b
2314,1157,catO5_1157.fits,2034-06-15 14:13:42.051100,GW340615c
3406,1703,catO5_1703.fits,2034-06-15 17:43:42.647084,GW340615d
3486,1743,catO5_1743.fits,2034-06-16 07:00:26.956727,GW340616a
2933,1466,catO5_1466.fits,2034-06-16 12:28:08.152239,GW340616b
2620,1310,catO5_1310.fits,2034-06-17 09:58:18.313098,GW340617a
1061,530,catO5_530.fits,2034-06-19 06:03:42.827992,GW340619a
51,25,catO5_25.fits,2034-06-20 12:13:22.049556,GW340620a
1955,977,catO5_977.fits,2034-06-20 12:47:07.685885,GW340620b
3573,1786,catO5_1786.fits,2034-06-22 22:06:01.274328,GW340622a
1342,671,catO5_671.fits,2034-06-24 08:57:22.879582,GW340624a
1282,641,catO5_641.fits,2034-06-24 12:16:59.718695,GW340624b
4176,2088,catO5_2088.fits,2034-06-25 13:51:48.171342,GW340625a
414,207,catO5_207.fits,2034-06-26 16:21:39.236016,GW340626a
1094,547,catO5_547.fits,2034-06-26 21:34:25.668970,GW340626b
570,285,catO5_285.fits,2034-06-26 22:51:03.179292,GW340626c
3942,1971,catO5_1971.fits,2034-06-27 04:47:40.358045,GW340627a
2512,1256,catO5_1256.fits,2034-06-27 07:29:33.023953,GW340627b
3681,1840,catO5_1840.fits,2034-06-27 17:52:09.211345,GW340627c
4595,2297,catO5_2297.fits,2034-06-27 21:25:44.102041,GW340627d
1346,673,catO5_673.fits,2034-06-28 01:53:19.283484,GW340628a
68,34,catO5_34.fits,2034-06-28 06:04:41.388499,GW340628b
2675,1337,catO5_1337.fits,2034-06-28 11:32:24.641354,GW340628c
1921,960,catO5_960.fits,2034-06-28 13:20:56.383322,GW340628d
4499,2249,catO5_2249.fits,2034-06-30 02:19:19.575024,GW340630a
3229,1614,catO5_1614.fits,2034-06-30 07:54:43.965621,GW340630b
3979,1989,catO5_1989.fits,2034-06-30 10:19:18.732108,GW340630c
4112,2056,catO5_2056.fits,2034-06-30 11:03:59.072854,GW340630d
4612,2306,catO5_2306.fits,2034-07-03 08:07:29.944228,GW340703a
2539,1269,catO5_1269.fits,2034-07-04 00:29:43.307642,GW340704a
3534,1767,catO5_1767.fits,2034-07-05 13:41:57.174800,GW340705a
999,499,catO5_499.fits,2034-07-05 17:59:34.077919,GW340705b
2919,1459,catO5_1459.fits,2034-07-06 18:30:31.894144,GW340706a
3258,1629,catO5_1629.fits,2034-07-06 20:24:42.645606,GW340706b
2709,1354,catO5_1354.fits,2034-07-07 03:04:36.941226,GW340707a
4355,2177,catO5_2177.fits,2034-07-07 09:19:04.077202,GW340707b
1545,772,catO5_772.fits,2034-07-07 21:04:03.265911,GW340707c
1298,649,catO5_649.fits,2034-07-07 21:27:28.292841,GW340707d
3313,1656,catO5_1656.fits,2034-07-08 04:23:54.650523,GW340708a
2482,1241,catO5_1241.fits,2034-07-08 12:57:11.005872,GW340708b
4015,2007,catO5_2007.fits,2034-07-08 17:28:10.323653,GW340708c
979,489,catO5_489.fits,2034-07-09 02:37:23.843558,GW340709a
2905,1452,catO5_1452.fits,2034-07-09 06:43:17.378262,GW340709b
4136,2068,catO5_2068.fits,2034-07-09 12:18:34.952987,GW340709c
3813,1906,catO5_1906.fits,2034-07-10 01:21:19.719984,GW340710a
3271,1635,catO5_1635.fits,2034-07-11 08:53:00.914462,GW340711a
2526,1263,catO5_1263.fits,2034-07-11 19:09:55.482930,GW340711b
263,131,catO5_131.fits,2034-07-13 08:43:10.431867,GW340713a
1830,915,catO5_915.fits,2034-07-13 08:53:50.081607,GW340713b
2843,1421,catO5_1421.fits,2034-07-13 09:53:58.865040,GW340713c
2244,1122,catO5_1122.fits,2034-07-13 12:46:55.195251,GW340713d
2842,1421,catO5_1421.fits,2034-07-13 14:34:49.761523,GW340713e
2925,1462,catO5_1462.fits,2034-07-15 04:37:44.228114,GW340715a
523,261,catO5_261.fits,2034-07-15 08:22:19.660266,GW340715b
1494,747,catO5_747.fits,2034-07-16 05:04:18.816706,GW340716a
827,413,catO5_413.fits,2034-07-16 06:35:31.292676,GW340716b
2729,1364,catO5_1364.fits,2034-07-16 16:34:40.762878,GW340716c
3792,1896,catO5_1896.fits,2034-07-16 22:19:45.101776,GW340716d
3677,1838,catO5_1838.fits,2034-07-17 04:12:32.760477,GW340717a
46,23,catO5_23.fits,2034-07-18 04:05:29.683238,GW340718a
3274,1637,catO5_1637.fits,2034-07-20 16:59:30.136499,GW340720a
3321,1660,catO5_1660.fits,2034-07-20 17:51:33.745362,GW340720b
2802,1401,catO5_1401.fits,2034-07-20 21:40:26.894763,GW340720c
1928,964,catO5_964.fits,2034-07-21 11:04:47.879651,GW340721a
2990,1495,catO5_1495.fits,2034-07-21 14:24:05.545856,GW340721b
1318,659,catO5_659.fits,2034-07-22 16:59:21.346380,GW340722a
2448,1224,catO5_1224.fits,2034-07-23 04:30:57.338034,GW340723a
2931,1465,catO5_1465.fits,2034-07-23 05:01:15.219874,GW340723b
1447,723,catO5_723.fits,2034-07-23 12:52:06.298658,GW340723c
1908,954,catO5_954.fits,2034-07-24 02:09:37.594938,GW340724a
739,369,catO5_369.fits,2034-07-25 02:34:55.080852,GW340725a
1598,799,catO5_799.fits,2034-07-25 21:44:17.195329,GW340725b
3460,1730,catO5_1730.fits,2034-07-26 02:35:27.365770,GW340726a
673,336,catO5_336.fits,2034-07-26 07:28:46.503862,GW340726b
3529,1764,catO5_1764.fits,2034-07-26 17:56:13.911088,GW340726c
4436,2218,catO5_2218.fits,2034-07-27 02:27:33.562500,GW340727a
1765,882,catO5_882.fits,2034-07-27 02:35:55.063989,GW340727b
4520,2260,catO5_2260.fits,2034-07-28 14:11:04.176327,GW340728a
2683,1341,catO5_1341.fits,2034-07-28 15:08:08.346933,GW340728b
2962,1481,catO5_1481.fits,2034-07-28 19:02:34.370102,GW340728c
2787,1393,catO5_1393.fits,2034-07-29 06:56:42.235117,GW340729a
597,298,catO5_298.fits,2034-07-29 10:13:35.274143,GW340729b
2706,1353,catO5_1353.fits,2034-07-29 13:19:12.703082,GW340729c
2293,1146,catO5_1146.fits,2034-07-29 20:35:36.871146,GW340729d
2867,1433,catO5_1433.fits,2034-07-30 00:18:26.189452,GW340730a
3497,1748,catO5_1748.fits,2034-07-30 19:13:01.923620,GW340730b
472,236,catO5_236.fits,2034-07-31 02:23:44.970103,GW340731a
3071,1535,catO5_1535.fits,2034-08-01 19:43:05.670133,GW340801a
1558,779,catO5_779.fits,2034-08-01 22:35:34.916899,GW340801b
2993,1496,catO5_1496.fits,2034-08-02 21:25:04.463741,GW340802a
4069,2034,catO5_2034.fits,2034-08-03 10:47:00.123436,GW340803a
2597,1298,catO5_1298.fits,2034-08-03 13:42:57.880347,GW340803b
1834,917,catO5_917.fits,2034-08-03 21:46:59.738977,GW340803c
59,29,catO5_29.fits,2034-08-04 02:42:01.118744,GW340804a
3857,1928,catO5_1928.fits,2034-08-04 10:16:27.631973,GW340804b
230,115,catO5_115.fits,2034-08-04 14:27:58.754025,GW340804c
2795,1397,catO5_1397.fits,2034-08-04 17:38:19.116937,GW340804d
1514,757,catO5_757.fits,2034-08-04 21:05:36.022755,GW340804e
2593,1296,catO5_1296.fits,2034-08-05 07:32:51.197380,GW340805a
3507,1753,catO5_1753.fits,2034-08-05 11:37:02.740228,GW340805b
2776,1388,catO5_1388.fits,2034-08-06 04:19:19.767067,GW340806a
1825,912,catO5_912.fits,2034-08-06 15:01:57.508282,GW340806b
1356,678,catO5_678.fits,2034-08-07 16:19:43.428246,GW340807a
2673,1336,catO5_1336.fits,2034-08-07 17:13:56.489152,GW340807b
2608,1304,catO5_1304.fits,2034-08-09 03:54:05.632396,GW340809a
1197,598,catO5_598.fits,2034-08-09 08:41:01.064413,GW340809b
106,53,catO5_53.fits,2034-08-10 06:46:25.300261,GW340810a
2372,1186,catO5_1186.fits,2034-08-11 22:57:42.133518,GW340811a
838,419,catO5_419.fits,2034-08-12 06:27:57.771631,GW340812a
576,288,catO5_288.fits,2034-08-12 08:51:18.875520,GW340812b
2830,1415,catO5_1415.fits,2034-08-13 05:00:58.118398,GW340813a
3873,1936,catO5_1936.fits,2034-08-14 23:27:54.217482,GW340814a
2374,1187,catO5_1187.fits,2034-08-15 00:39:25.853410,GW340815a
2337,1168,catO5_1168.fits,2034-08-15 20:21:58.265672,GW340815b
2547,1273,catO5_1273.fits,2034-08-16 10:02:41.723489,GW340816a
964,482,catO5_482.fits,2034-08-17 03:47:45.092287,GW340817a
1392,696,catO5_696.fits,2034-08-17 23:08:24.579154,GW340817b
3525,1762,catO5_1762.fits,2034-08-18 06:13:23.093185,GW340818a
1757,878,catO5_878.fits,2034-08-18 10:53:35.257959,GW340818b
379,189,catO5_189.fits,2034-08-19 00:56:41.813151,GW340819a
1625,812,catO5_812.fits,2034-08-19 13:39:30.190009,GW340819b
716,358,catO5_358.fits,2034-08-19 17:19:54.742889,GW340819c
1135,567,catO5_567.fits,2034-08-20 08:08:30.217129,GW340820a
227,113,catO5_113.fits,2034-08-20 14:37:43.346426,GW340820b
3838,1919,catO5_1919.fits,2034-08-21 15:31:12.746609,GW340821a
2778,1389,catO5_1389.fits,2034-08-21 18:01:56.664928,GW340821b
2176,1088,catO5_1088.fits,2034-08-22 03:07:45.262433,GW340822a
3344,1672,catO5_1672.fits,2034-08-22 18:21:37.043020,GW340822b
3386,1693,catO5_1693.fits,2034-08-23 02:10:34.852061,GW340823a
119,59,catO5_59.fits,2034-08-23 13:58:17.518947,GW340823b
2557,1278,catO5_1278.fits,2034-08-25 11:34:08.729196,GW340825a
3166,1583,catO5_1583.fits,2034-08-27 09:35:04.946135,GW340827a
2623,1311,catO5_1311.fits,2034-08-27 12:18:39.760533,GW340827b
4084,2042,catO5_2042.fits,2034-08-27 15:25:17.940613,GW340827c
4356,2178,catO5_2178.fits,2034-08-28 02:33:52.506793,GW340828a
399,199,catO5_199.fits,2034-08-28 02:36:31.194517,GW340828b
4415,2207,catO5_2207.fits,2034-08-29 15:08:15.773894,GW340829a
177,88,catO5_88.fits,2034-08-30 04:29:50.520295,GW340830a
3278,1639,catO5_1639.fits,2034-08-30 12:28:11.150620,GW340830b
182,91,catO5_91.fits,2034-08-30 13:28:01.250344,GW340830c
1043,521,catO5_521.fits,2034-08-30 17:51:09.592874,GW340830d
1374,687,catO5_687.fits,2034-08-30 21:48:01.485577,GW340830e
621,310,catO5_310.fits,2034-08-30 23:31:46.822527,GW340830f
4087,2043,catO5_2043.fits,2034-08-31 01:01:12.300923,GW340831a
316,158,catO5_158.fits,2034-08-31 04:56:18.366849,GW340831b
1651,825,catO5_825.fits,2034-08-31 08:22:26.213450,GW340831c
1914,957,catO5_957.fits,2034-08-31 19:00:54.383807,GW340831d
914,457,catO5_457.fits,2034-08-31 22:19:53.317369,GW340831e
2579,1289,catO5_1289.fits,2034-09-01 20:19:15.938597,GW340901a
2048,1024,catO5_1024.fits,2034-09-01 21:04:20.354707,GW340901b
2659,1329,catO5_1329.fits,2034-09-02 09:50:10.751235,GW340902a
558,279,catO5_279.fits,2034-09-02 21:20:10.275670,GW340902b
2120,1060,catO5_1060.fits,2034-09-02 22:32:42.804980,GW340902c
2829,1414,catO5_1414.fits,2034-09-03 14:36:26.124702,GW340903a
2530,1265,catO5_1265.fits,2034-09-04 04:32:41.517071,GW340904a
2133,1066,catO5_1066.fits,2034-09-04 10:45:06.698606,GW340904b
3412,1706,catO5_1706.fits,2034-09-04 17:13:54.148919,GW340904c
959,479,catO5_479.fits,2034-09-05 08:36:27.929546,GW340905a
343,171,catO5_171.fits,2034-09-05 09:25:10.216170,GW340905b
402,201,catO5_201.fits,2034-09-05 14:21:15.245165,GW340905c
151,75,catO5_75.fits,2034-09-06 14:52:12.545393,GW340906a
703,351,catO5_351.fits,2034-09-06 15:57:03.544034,GW340906b
1096,548,catO5_548.fits,2034-09-07 14:08:12.721914,GW340907a
3715,1857,catO5_1857.fits,2034-09-07 16:41:37.728350,GW340907b
1388,694,catO5_694.fits,2034-09-07 18:05:18.966214,GW340907c
1843,921,catO5_921.fits,2034-09-09 17:48:34.521758,GW340909a
2037,1018,catO5_1018.fits,2034-09-10 22:47:03.524936,GW340910a
3526,1763,catO5_1763.fits,2034-09-11 21:48:58.213827,GW340911a
3524,1762,catO5_1762.fits,2034-09-12 07:17:53.933037,GW340912a
4314,2157,catO5_2157.fits,2034-09-12 23:23:39.667049,GW340912b
341,170,catO5_170.fits,2034-09-14 15:42:59.247632,GW340914a
4518,2259,catO5_2259.fits,2034-09-15 10:45:19.973579,GW340915a
323,161,catO5_161.fits,2034-09-15 21:59:53.598265,GW340915b
635,317,catO5_317.fits,2034-09-16 09:02:46.225430,GW340916a
462,231,catO5_231.fits,2034-09-16 21:14:20.693174,GW340916b
4604,2302,catO5_2302.fits,2034-09-18 16:27:40.177201,GW340918a
1929,964,catO5_964.fits,2034-09-19 04:35:42.402335,GW340919a
4545,2272,catO5_2272.fits,2034-09-19 08:43:06.753117,GW340919b
3981,1990,catO5_1990.fits,2034-09-22 15:33:29.137892,GW340922a
3471,1735,catO5_1735.fits,2034-09-22 16:38:37.239229,GW340922b
695,347,catO5_347.fits,2034-09-22 21:03:43.859556,GW340922c
997,498,catO5_498.fits,2034-09-23 00:29:58.809375,GW340923a
2020,1010,catO5_1010.fits,2034-09-23 02:11:24.328012,GW340923b
1072,536,catO5_536.fits,2034-09-24 23:18:23.050377,GW340924a
664,332,catO5_332.fits,2034-09-26 07:48:58.631249,GW340926a
315,157,catO5_157.fits,2034-09-26 08:51:44.010946,GW340926b
487,243,catO5_243.fits,2034-09-26 10:21:25.274653,GW340926c
246,123,catO5_123.fits,2034-09-27 01:09:56.213000,GW340927a
3490,1745,catO5_1745.fits,2034-09-27 23:20:45.933487,GW340927b
162,81,catO5_81.fits,2034-09-28 15:01:29.790778,GW340928a
3828,1914,catO5_1914.fits,2034-09-28 18:31:13.980668,GW340928b
14,7,catO5_7.fits,2034-09-30 09:04:40.636833,GW340930a
1312,656,catO5_656.fits,2034-09-30 09:37:03.882814,GW340930b
4024,2012,catO5_2012.fits,2034-10-01 06:23:24.745235,GW341001a
2971,1485,catO5_1485.fits,2034-10-01 09:32:02.136866,GW341001b
4413,2206,catO5_2206.fits,2034-10-02 00:10:00.063362,GW341002a
1761,880,catO5_880.fits,2034-10-02 04:24:11.048055,GW341002b
1660,830,catO5_830.fits,2034-10-02 04:42:56.115999,GW341002c
3699,1849,catO5_1849.fits,2034-10-03 06:48:28.666462,GW341003a
2741,1370,catO5_1370.fits,2034-10-04 12:08:27.101300,GW341004a
3007,1503,catO5_1503.fits,2034-10-04 20:07:46.031461,GW341004b
1771,885,catO5_885.fits,2034-10-04 21:26:11.861133,GW341004c
977,488,catO5_488.fits,2034-10-05 05:34:54.902073,GW341005a
876,438,catO5_438.fits,2034-10-05 05:41:29.197393,GW341005b
2005,1002,catO5_1002.fits,2034-10-06 02:08:46.988458,GW341006a
2894,1447,catO5_1447.fits,2034-10-06 08:09:33.157145,GW341006b
3943,1971,catO5_1971.fits,2034-10-06 17:29:24.373708,GW341006c
803,401,catO5_401.fits,2034-10-06 20:53:35.600267,GW341006d
3401,1700,catO5_1700.fits,2034-10-07 15:27:52.747496,GW341007a
3764,1882,catO5_1882.fits,2034-10-08 09:39:00.815887,GW341008a
3011,1505,catO5_1505.fits,2034-10-09 10:42:04.348494,GW341009a
2108,1054,catO5_1054.fits,2034-10-09 16:03:07.940006,GW341009b
3555,1777,catO5_1777.fits,2034-10-10 10:54:09.023057,GW341010a
2074,1037,catO5_1037.fits,2034-10-10 12:29:37.103078,GW341010b
2688,1344,catO5_1344.fits,2034-10-10 19:45:11.967519,GW341010c
4051,2025,catO5_2025.fits,2034-10-10 20:28:28.101601,GW341010d
1923,961,catO5_961.fits,2034-10-10 23:16:50.553977,GW341010e
2380,1190,catO5_1190.fits,2034-10-12 09:21:42.315191,GW341012a
49,24,catO5_24.fits,2034-10-12 18:30:25.551846,GW341012b
4505,2252,catO5_2252.fits,2034-10-13 00:36:17.305331,GW341013a
4055,2027,catO5_2027.fits,2034-10-13 07:30:32.770313,GW341013b
4423,2211,catO5_2211.fits,2034-10-13 07:45:23.136164,GW341013c
538,269,catO5_269.fits,2034-10-13 08:37:50.532875,GW341013d
424,212,catO5_212.fits,2034-10-13 09:53:56.677198,GW341013e
530,265,catO5_265.fits,2034-10-13 11:05:08.495132,GW341013f
3256,1628,catO5_1628.fits,2034-10-13 15:11:12.619268,GW341013g
1937,968,catO5_968.fits,2034-10-13 16:22:01.646889,GW341013h
2449,1224,catO5_1224.fits,2034-10-13 17:53:22.124758,GW341013i
3992,1996,catO5_1996.fits,2034-10-13 19:54:41.916084,GW341013j
4309,2154,catO5_2154.fits,2034-10-15 01:59:09.614576,GW341015a
1025,512,catO5_512.fits,2034-10-15 12:31:01.012143,GW341015b
4493,2246,catO5_2246.fits,2034-10-15 23:14:52.545402,GW341015c
906,453,catO5_453.fits,2034-10-16 13:05:42.748263,GW341016a
4212,2106,catO5_2106.fits,2034-10-16 17:51:51.598138,GW341016b
2917,1458,catO5_1458.fits,2034-10-17 00:37:33.309140,GW341017a
2204,1102,catO5_1102.fits,2034-10-17 01:22:59.824457,GW341017b
4542,2271,catO5_2271.fits,2034-10-18 10:57:04.740743,GW341018a
347,173,catO5_173.fits,2034-10-18 13:58:51.294183,GW341018b
2144,1072,catO5_1072.fits,2034-10-18 16:02:29.547563,GW341018c
1594,797,catO5_797.fits,2034-10-18 20:54:07.844991,GW341018d
539,269,catO5_269.fits,2034-10-19 11:33:02.530439,GW341019a
1665,832,catO5_832.fits,2034-10-19 22:37:30.417735,GW341019b
2080,1040,catO5_1040.fits,2034-10-20 02:44:35.041269,GW341020a
3802,1901,catO5_1901.fits,2034-10-20 03:10:21.617268,GW341020b
1255,627,catO5_627.fits,2034-10-20 12:09:28.044778,GW341020c
1792,896,catO5_896.fits,2034-10-21 07:20:17.412518,GW341021a
3452,1726,catO5_1726.fits,2034-10-22 02:35:06.893762,GW341022a
99,49,catO5_49.fits,2034-10-23 00:17:52.205072,GW341023a
3212,1606,catO5_1606.fits,2034-10-23 06:05:13.301978,GW341023b
3660,1830,catO5_1830.fits,2034-10-23 10:26:49.791070,GW341023c
388,194,catO5_194.fits,2034-10-23 14:47:54.666748,GW341023d
2464,1232,catO5_1232.fits,2034-10-24 11:15:47.063721,GW341024a
183,91,catO5_91.fits,2034-10-24 19:07:35.288802,GW341024b
4263,2131,catO5_2131.fits,2034-10-25 00:42:38.243050,GW341025a
385,192,catO5_192.fits,2034-10-25 03:17:24.881761,GW341025b
1601,800,catO5_800.fits,2034-10-26 02:22:26.782448,GW341026a
318,159,catO5_159.fits,2034-10-26 12:11:09.049163,GW341026b
2430,1215,catO5_1215.fits,2034-10-26 15:58:06.455821,GW341026c
429,214,catO5_214.fits,2034-10-26 21:58:06.084603,GW341026d
887,443,catO5_443.fits,2034-10-27 15:50:13.477217,GW341027a
3983,1991,catO5_1991.fits,2034-10-28 01:36:45.859567,GW341028a
1104,552,catO5_552.fits,2034-10-28 19:58:52.368267,GW341028b
1946,973,catO5_973.fits,2034-10-29 00:47:32.732985,GW341029a
53,26,catO5_26.fits,2034-10-29 02:32:14.264614,GW341029b
2501,1250,catO5_1250.fits,2034-10-30 10:27:20.398114,GW341030a
4093,2046,catO5_2046.fits,2034-10-30 12:32:27.305928,GW341030b
749,374,catO5_374.fits,2034-10-30 15:53:13.876722,GW341030c
899,449,catO5_449.fits,2034-10-31 06:45:18.254180,GW341031a
2644,1322,catO5_1322.fits,2034-10-31 06:51:04.473106,GW341031b
139,69,catO5_69.fits,2034-10-31 16:18:38.419523,GW341031c
3191,1595,catO5_1595.fits,2034-10-31 18:29:00.218628,GW341031d
1316,658,catO5_658.fits,2034-10-31 22:45:45.763362,GW341031e
3343,1671,catO5_1671.fits,2034-11-01 03:55:52.080535,GW341101a
3063,1531,catO5_1531.fits,2034-11-02 01:06:57.109957,GW341102a
1816,908,catO5_908.fits,2034-11-02 01:20:56.299975,GW341102b
215,107,catO5_107.fits,2034-11-02 16:48:09.342507,GW341102c
2265,1132,catO5_1132.fits,2034-11-03 01:06:44.627475,GW341103a
921,460,catO5_460.fits,2034-11-03 07:10:20.239268,GW341103b
1275,637,catO5_637.fits,2034-11-04 06:12:12.075709,GW341104a
3073,1536,catO5_1536.fits,2034-11-05 10:24:07.709589,GW341105a
2876,1438,catO5_1438.fits,2034-11-05 21:56:08.890846,GW341105b
3467,1733,catO5_1733.fits,2034-11-06 09:16:08.346389,GW341106a
3231,1615,catO5_1615.fits,2034-11-07 02:10:54.804429,GW341107a
800,400,catO5_400.fits,2034-11-07 13:43:13.848900,GW341107b
1211,605,catO5_605.fits,2034-11-07 23:06:20.127782,GW341107c
3841,1920,catO5_1920.fits,2034-11-08 01:03:15.766594,GW341108a
1953,976,catO5_976.fits,2034-11-08 03:53:37.584762,GW341108b
276,138,catO5_138.fits,2034-11-08 15:12:33.883937,GW341108c
4272,2136,catO5_2136.fits,2034-11-08 21:24:43.402997,GW341108d
83,41,catO5_41.fits,2034-11-09 06:32:49.518310,GW341109a
719,359,catO5_359.fits,2034-11-09 15:42:46.491920,GW341109b
926,463,catO5_463.fits,2034-11-10 02:39:19.471208,GW341110a
1246,623,catO5_623.fits,2034-11-10 11:17:21.559816,GW341110b
3434,1717,catO5_1717.fits,2034-11-11 19:43:49.739036,GW341111a
949,474,catO5_474.fits,2034-11-12 08:25:28.054169,GW341112a
1304,652,catO5_652.fits,2034-11-12 15:00:52.678339,GW341112b
4139,2069,catO5_2069.fits,2034-11-12 16:37:54.217080,GW341112c
2483,1241,catO5_1241.fits,2034-11-12 18:23:22.544098,GW341112d
3004,1502,catO5_1502.fits,2034-11-12 20:50:30.987000,GW341112e
2217,1108,catO5_1108.fits,2034-11-13 00:29:21.580431,GW341113a
2061,1030,catO5_1030.fits,2034-11-13 15:19:52.219144,GW341113b
455,227,catO5_227.fits,2034-11-14 16:45:38.356369,GW341114a
1402,701,catO5_701.fits,2034-11-14 20:48:03.157186,GW341114b
1786,893,catO5_893.fits,2034-11-14 23:31:33.060281,GW341114c
1264,632,catO5_632.fits,2034-11-16 15:48:18.650291,GW341116a
4289,2144,catO5_2144.fits,2034-11-16 18:28:40.836457,GW341116b
3317,1658,catO5_1658.fits,2034-11-17 15:24:35.913975,GW341117a
883,441,catO5_441.fits,2034-11-17 17:57:07.371977,GW341117b
508,254,catO5_254.fits,2034-11-17 18:25:43.252612,GW341117c
3424,1712,catO5_1712.fits,2034-11-17 19:02:46.360240,GW341117d
2222,1111,catO5_1111.fits,2034-11-17 20:16:34.829006,GW341117e
3265,1632,catO5_1632.fits,2034-11-18 19:20:29.817705,GW341118a
665,332,catO5_332.fits,2034-11-18 22:12:01.779121,GW341118b
1680,840,catO5_840.fits,2034-11-18 22:52:48.467762,GW341118c
310,155,catO5_155.fits,2034-11-19 03:43:20.423553,GW341119a
2965,1482,catO5_1482.fits,2034-11-19 07:48:47.631318,GW341119b
1435,717,catO5_717.fits,2034-11-19 14:16:23.851971,GW341119c
2846,1423,catO5_1423.fits,2034-11-19 17:17:44.223439,GW341119d
2095,1047,catO5_1047.fits,2034-11-21 19:12:39.616906,GW341121a
4589,2294,catO5_2294.fits,2034-11-21 23:02:30.895196,GW341121b
1593,796,catO5_796.fits,2034-11-22 02:24:48.747466,GW341122a
1091,545,catO5_545.fits,2034-11-22 20:30:57.965381,GW341122b
411,205,catO5_205.fits,2034-11-22 21:56:35.119563,GW341122c
2205,1102,catO5_1102.fits,2034-11-23 08:02:08.660726,GW341123a
3470,1735,catO5_1735.fits,2034-11-23 14:49:57.720820,GW341123b
2664,1332,catO5_1332.fits,2034-11-24 16:05:30.943900,GW341124a
3831,1915,catO5_1915.fits,2034-11-25 01:23:45.517953,GW341125a
1484,742,catO5_742.fits,2034-11-25 12:41:39.398514,GW341125b
3079,1539,catO5_1539.fits,2034-11-25 18:27:47.694871,GW341125c
2351,1175,catO5_1175.fits,2034-11-25 21:03:49.543108,GW341125d
1233,616,catO5_616.fits,2034-11-25 21:05:05.591681,GW341125e
4513,2256,catO5_2256.fits,2034-11-26 02:31:40.685785,GW341126a
4345,2172,catO5_2172.fits,2034-11-26 04:47:01.113857,GW341126b
3560,1780,catO5_1780.fits,2034-11-26 06:04:35.039530,GW341126c
2780,1390,catO5_1390.fits,2034-11-26 14:22:16.140319,GW341126d
2847,1423,catO5_1423.fits,2034-11-26 20:43:25.618846,GW341126e
253,126,catO5_126.fits,2034-11-27 01:21:24.380236,GW341127a
3428,1714,catO5_1714.fits,2034-11-27 21:23:06.136768,GW341127b
3939,1969,catO5_1969.fits,2034-11-29 07:45:04.909904,GW341129a
4553,2276,catO5_2276.fits,2034-11-30 08:01:48.204341,GW341130a
1510,755,catO5_755.fits,2034-11-30 16:21:59.140666,GW341130b
2964,1482,catO5_1482.fits,2034-11-30 23:46:55.528167,GW341130c
779,389,catO5_389.fits,2034-12-01 07:27:58.178264,GW341201a
1778,889,catO5_889.fits,2034-12-01 12:38:08.650713,GW341201b
2744,1372,catO5_1372.fits,2034-12-01 22:44:12.260345,GW341201c
4106,2053,catO5_2053.fits,2034-12-03 05:03:31.002417,GW341203a
1339,669,catO5_669.fits,2034-12-03 07:13:34.380932,GW341203b
3950,1975,catO5_1975.fits,2034-12-03 14:00:12.238194,GW341203c
274,137,catO5_137.fits,2034-12-04 04:04:09.937889,GW341204a
4586,2293,catO5_2293.fits,2034-12-04 07:33:19.233588,GW341204b
3002,1501,catO5_1501.fits,2034-12-04 20:30:06.279133,GW341204c
2050,1025,catO5_1025.fits,2034-12-05 09:55:25.821470,GW341205a
3581,1790,catO5_1790.fits,2034-12-06 00:31:21.160410,GW341206a
4239,2119,catO5_2119.fits,2034-12-06 04:38:20.724058,GW341206b
1204,602,catO5_602.fits,2034-12-08 03:18:02.426097,GW341208a
612,306,catO5_306.fits,2034-12-08 12:20:15.521925,GW341208b
3468,1734,catO5_1734.fits,2034-12-09 11:27:52.864851,GW341209a
3446,1723,catO5_1723.fits,2034-12-10 00:56:24.051160,GW341210a
1613,806,catO5_806.fits,2034-12-10 13:57:09.731333,GW341210b
2221,1110,catO5_1110.fits,2034-12-10 22:12:00.172255,GW341210c
865,432,catO5_432.fits,2034-12-11 13:20:55.921209,GW341211a
3177,1588,catO5_1588.fits,2034-12-11 18:37:57.638473,GW341211b
2574,1287,catO5_1287.fits,2034-12-11 19:34:38.474634,GW341211c
27,13,catO5_13.fits,2034-12-11 22:58:51.195793,GW341211d
1169,584,catO5_584.fits,2034-12-12 07:08:15.396776,GW341212a
432,216,catO5_216.fits,2034-12-13 03:07:48.649447,GW341213a
3384,1692,catO5_1692.fits,2034-12-13 07:12:38.823526,GW341213b
2566,1283,catO5_1283.fits,2034-12-13 08:07:13.532833,GW341213c
3396,1698,catO5_1698.fits,2034-12-14 10:24:44.970568,GW341214a
4209,2104,catO5_2104.fits,2034-12-14 23:05:45.284341,GW341214b
235,117,catO5_117.fits,2034-12-14 23:13:35.020844,GW341214c
2460,1230,catO5_1230.fits,2034-12-16 12:28:11.887035,GW341216a
3926,1963,catO5_1963.fits,2034-12-16 19:18:48.850719,GW341216b
659,329,catO5_329.fits,2034-12-17 02:26:25.752756,GW341217a
1303,651,catO5_651.fits,2034-12-17 03:47:05.091666,GW341217b
1936,968,catO5_968.fits,2034-12-17 10:33:06.762514,GW341217c
2364,1182,catO5_1182.fits,2034-12-17 13:07:31.452905,GW341217d
3075,1537,catO5_1537.fits,2034-12-17 17:42:35.866811,GW341217e
3903,1951,catO5_1951.fits,2034-12-19 18:00:44.464120,GW341219a
4044,2022,catO5_2022.fits,2034-12-20 08:47:18.083095,GW341220a
3703,1851,catO5_1851.fits,2034-12-20 09:17:02.324280,GW341220b
1118,559,catO5_559.fits,2034-12-20 12:11:06.568742,GW341220c
3206,1603,catO5_1603.fits,2034-12-21 00:18:41.670201,GW341221a
2503,1251,catO5_1251.fits,2034-12-21 04:37:23.045014,GW341221b
589,294,catO5_294.fits,2034-12-21 16:58:47.426152,GW341221c
712,356,catO5_356.fits,2034-12-21 20:01:34.576957,GW341221d
544,272,catO5_272.fits,2034-12-23 18:04:18.686657,GW341223a
3290,1645,catO5_1645.fits,2034-12-24 05:51:52.568135,GW341224a
2751,1375,catO5_1375.fits,2034-12-24 08:46:19.684042,GW341224b
2651,1325,catO5_1325.fits,2034-12-27 04:08:21.273962,GW341227a
301,150,catO5_150.fits,2034-12-27 14:11:57.330604,GW341227b
2800,1400,catO5_1400.fits,2034-12-27 22:50:44.424098,GW341227c
583,291,catO5_291.fits,2034-12-28 05:21:15.836708,GW341228a
3027,1513,catO5_1513.fits,2034-12-28 07:22:17.952688,GW341228b
209,104,catO5_104.fits,2034-12-28 07:57:55.521803,GW341228c
2114,1057,catO5_1057.fits,2034-12-28 15:36:18.069099,GW341228d
3457,1728,catO5_1728.fits,2034-12-30 11:11:18.511315,GW341230a
