file_id,file_name,timestamp_1,timestamp_2
0,catO5_0.fits,2031-05-29 16:04:35.388433,2028-10-11 04:39:00.615421
1,catO5_1.fits,2032-08-27 06:08:35.584748,2030-11-24 03:46:18.357376
2,catO5_2.fits,2030-10-23 20:31:18.446189,2030-09-13 05:47:32.778816
3,catO5_3.fits,2030-02-05 20:19:41.490806,2028-12-04 16:39:33.562207
4,catO5_4.fits,2032-07-27 03:54:00.623792,2029-01-28 17:02:45.161160
5,catO5_5.fits,2029-01-11 04:17:05.866211,2034-03-15 06:04:18.355313
6,catO5_6.fits,2031-04-08 10:34:58.966938,2032-06-16 03:48:39.031560
7,catO5_7.fits,2034-09-30 09:04:40.636833,2033-03-08 16:18:35.003871
8,catO5_8.fits,2032-01-09 20:37:26.973253,2034-05-23 10:13:52.452057
9,catO5_9.fits,2033-09-28 16:56:42.604723,2031-04-24 16:09:33.632940
10,catO5_10.fits,2029-11-24 21:12:01.824295,2029-08-13 22:36:00.493919
11,catO5_11.fits,2032-02-16 15:15:42.157751,2031-04-24 11:11:59.544926
12,catO5_12.fits,2031-04-13 08:24:45.340694,2030-04-10 12:21:59.339799
13,catO5_13.fits,2030-06-21 02:24:45.465260,2034-12-11 22:58:51.195793
14,catO5_14.fits,2032-01-07 11:57:14.748502,2028-04-01 01:22:32.095664
15,catO5_15.fits,2032-05-07 19:00:35.591608,2033-02-11 22:20:34.478175
16,catO5_16.fits,2029-03-01 22:48:54.633474,2030-10-28 05:19:41.247295
17,catO5_17.fits,2029-02-25 22:02:47.681778,2034-04-14 07:17:52.637105
18,catO5_18.fits,2033-11-28 12:26:08.017538,2031-04-26 04:10:29.374307
19,catO5_19.fits,2033-03-10 02:22:06.512138,2032-05-20 18:00:20.845169
20,catO5_20.fits,2033-04-08 02:00:21.090626,2031-10-10 06:06:16.647610
21,catO5_21.fits,2032-02-02 02:17:07.206485,2033-02-18 01:11:35.848790
22,catO5_22.fits,2033-09-14 10:07:49.329630,2030-10-13 05:42:13.478177
23,catO5_23.fits,2034-07-18 04:05:29.683238,2032-06-21 20:29:08.877086
24,catO5_24.fits,2034-06-06 15:38:03.159818,2034-10-12 18:30:25.551846
25,catO5_25.fits,2031-05-24 18:18:46.167672,2034-06-20 12:13:22.049556
26,catO5_26.fits,2031-09-01 22:48:51.490560,2034-10-29 02:32:14.264614
27,catO5_27.fits,2034-03-17 04:09:11.878187,2032-12-02 16:47:52.869956
28,catO5_28.fits,2028-08-12 11:08:35.792538,2028-07-02 20:50:20.896421
29,catO5_29.fits,2029-09-04 12:11:44.520138,2034-08-04 02:42:01.118744
30,catO5_30.fits,2031-09-16 03:54:35.037797,2029-05-16 17:54:02.599111
31,catO5_31.fits,2033-01-31 16:57:31.413967,2030-07-27 13:33:45.450282
32,catO5_32.fits,2032-11-25 14:13:32.717186,2034-01-02 08:20:53.417649
33,catO5_33.fits,2031-05-01 05:41:23.837629,2032-01-14 21:36:04.906431
34,catO5_34.fits,2034-06-28 06:04:41.388499,2033-12-23 05:55:07.564135
35,catO5_35.fits,2030-06-04 12:09:36.264641,2032-07-30 02:42:19.048247
36,catO5_36.fits,2032-12-18 22:46:48.269767,2033-11-19 19:16:55.673511
37,catO5_37.fits,2028-05-19 02:51:03.388472,2029-08-12 09:21:41.489734
38,catO5_38.fits,2031-02-27 19:58:45.133485,2029-12-23 02:29:12.868945
39,catO5_39.fits,2029-09-16 15:06:13.938994,2034-05-03 05:12:17.680722
40,catO5_40.fits,2028-01-12 03:59:20.460322,2028-05-22 14:22:21.607375
41,catO5_41.fits,2029-10-26 06:06:11.407033,2034-11-09 06:32:49.518310
42,catO5_42.fits,2029-04-04 12:15:38.729969,2031-12-10 17:11:46.346031
43,catO5_43.fits,2033-08-30 23:22:38.137294,2029-04-14 14:28:40.297338
44,catO5_44.fits,2034-02-21 16:09:58.539445,2030-02-13 10:42:24.063892
45,catO5_45.fits,2032-03-24 08:18:32.523827,2033-03-12 13:50:50.006481
46,catO5_46.fits,2034-01-17 22:10:18.403073,2028-08-07 23:38:02.014715
47,catO5_47.fits,2033-03-23 02:53:31.608456,2030-10-17 22:59:48.639455
48,catO5_48.fits,2032-10-13 10:39:41.231626,2033-02-22 03:13:46.877519
49,catO5_49.fits,2028-04-01 02:16:17.797725,2034-10-23 00:17:52.205072
50,catO5_50.fits,2033-06-01 23:39:29.637874,2033-04-16 04:45:22.952347
51,catO5_51.fits,2032-02-03 19:48:28.813961,2032-09-03 03:25:25.795095
52,catO5_52.fits,2032-11-20 16:08:19.915957,2030-06-03 14:23:33.990176
53,catO5_53.fits,2034-08-10 06:46:25.300261,2032-06-21 03:32:38.123585
54,catO5_54.fits,2031-08-15 12:02:33.068726,2032-08-20 17:18:44.910507
55,catO5_55.fits,2030-06-18 18:28:07.487232,2033-07-06 07:18:02.779600
56,catO5_56.fits,2029-06-14 01:39:37.906836,2030-02-20 05:57:14.825684
57,catO5_57.fits,2030-04-08 01:09:59.680940,2030-11-09 03:47:25.948196
58,catO5_58.fits,2029-11-07 19:08:22.196799,2028-08-06 04:59:37.626787
59,catO5_59.fits,2032-01-07 05:51:16.158128,2034-08-23 13:58:17.518947
60,catO5_60.fits,2031-04-04 00:53:19.575300,2031-10-10 14:31:05.244016
61,catO5_61.fits,2029-08-07 00:17:12.358745,2030-03-14 06:28:15.684624
62,catO5_62.fits,2033-02-16 15:38:28.159899,2029-02-16 08:59:41.679077
63,catO5_63.fits,2030-05-08 12:48:51.103678,2029-04-14 20:53:25.881605
64,catO5_64.fits,2030-12-23 05:21:46.014319,2029-06-01 18:40:14.794867
65,catO5_65.fits,2029-09-14 17:46:45.253728,2029-04-06 03:00:27.380763
66,catO5_66.fits,2033-04-09 06:58:22.060312,2033-05-20 12:48:48.666380
67,catO5_67.fits,2031-09-26 16:09:40.729564,2032-09-23 18:12:09.497776
68,catO5_68.fits,2033-12-19 11:01:31.377198,2030-08-07 21:30:20.102447
69,catO5_69.fits,2031-04-11 16:39:09.663556,2034-10-31 16:18:38.419523
70,catO5_70.fits,2030-10-13 03:21:41.291904,2032-02-22 00:11:59.704592
71,catO5_71.fits,2029-06-01 08:14:40.395824,2030-02-19 10:06:48.346988
72,catO5_72.fits,2030-01-07 09:22:34.472281,2028-12-14 00:33:15.543972
73,catO5_73.fits,2031-08-20 14:10:46.920270,2032-01-18 12:30:18.408691
74,catO5_74.fits,2031-11-08 01:02:00.154491,2030-10-24 14:36:46.509060
75,catO5_75.fits,2033-04-09 15:59:25.192343,2034-09-06 14:52:12.545393
76,catO5_76.fits,2032-01-24 17:37:27.077754,2032-12-26 08:38:25.157709
77,catO5_77.fits,2030-01-07 13:34:27.321929,2029-03-08 13:14:39.260321
78,catO5_78.fits,2030-10-12 09:13:05.666747,2034-05-19 23:10:42.988824
79,catO5_79.fits,2029-04-09 17:09:28.533732,2033-02-11 08:41:22.517212
80,catO5_80.fits,2032-12-24 22:48:32.623968,2031-01-11 17:22:22.975872
81,catO5_81.fits,2034-09-28 15:01:29.790778,2034-03-16 08:36:11.701288
82,catO5_82.fits,2032-01-24 04:13:00.864311,2029-09-16 07:37:28.522152
83,catO5_83.fits,2031-03-18 04:13:28.496882,2033-07-15 18:52:27.064177
84,catO5_84.fits,2034-02-21 21:50:43.717724,2032-03-01 19:17:56.885099
85,catO5_85.fits,2029-06-17 01:26:26.528836,2031-03-20 20:06:09.015857
86,catO5_86.fits,2031-08-31 19:07:25.267302,2028-08-18 03:24:29.785024
87,catO5_87.fits,2028-03-08 17:39:22.292547,2031-08-07 03:42:30.377645
88,catO5_88.fits,2029-07-18 16:41:36.636519,2034-08-30 04:29:50.520295
89,catO5_89.fits,2030-06-13 14:49:30.412458,2032-02-19 13:14:27.320261
90,catO5_90.fits,2032-08-15 03:38:24.148769,2028-09-01 12:10:55.030376
91,catO5_91.fits,2034-08-30 13:28:01.250344,2034-10-24 19:07:35.288802
92,catO5_92.fits,2028-10-14 08:42:04.631847,2034-01-26 05:55:50.807971
93,catO5_93.fits,2028-02-19 01:27:44.408451,2028-03-04 15:33:17.508712
94,catO5_94.fits,2031-05-01 13:28:32.142669,2031-07-23 02:21:02.773536
95,catO5_95.fits,2033-03-25 16:41:18.638662,2030-10-07 00:33:40.513540
96,catO5_96.fits,2028-07-12 02:55:59.743885,2028-07-01 04:27:41.396662
97,catO5_97.fits,2032-05-11 21:53:28.897606,2030-03-25 05:49:21.013051
98,catO5_98.fits,2031-12-22 14:49:39.386251,2030-04-26 20:01:42.713471
99,catO5_99.fits,2028-07-17 09:26:27.811863,2032-06-08 21:21:35.626330
100,catO5_100.fits,2030-06-17 21:03:06.215824,2033-03-29 12:27:25.919387
101,catO5_101.fits,2033-02-19 18:01:47.051182,2033-06-25 01:23:15.533388
102,catO5_102.fits,2030-11-23 23:39:02.073801,2031-12-22 22:49:38.933661
103,catO5_103.fits,2031-10-30 18:40:31.134480,2033-08-17 09:59:33.035888
104,catO5_104.fits,2033-10-07 20:08:58.741709,2034-12-28 07:57:55.521803
105,catO5_105.fits,2029-04-05 07:23:16.209932,2029-06-21 05:50:27.654675
106,catO5_106.fits,2030-05-18 08:46:04.839608,2028-03-20 10:18:06.932324
107,catO5_107.fits,2029-05-05 00:29:35.151341,2034-11-02 16:48:09.342507
108,catO5_108.fits,2030-07-04 19:56:50.779542,2033-11-22 21:46:33.113419
109,catO5_109.fits,2031-06-21 21:51:49.991300,2034-01-17 09:38:51.281564
110,catO5_110.fits,2030-07-06 17:19:12.971059,2028-01-03 22:51:35.742546
111,catO5_111.fits,2028-04-03 13:24:25.563474,2030-05-01 14:42:46.791932
112,catO5_112.fits,2032-11-21 12:04:08.641803,2030-10-16 14:47:34.110862
113,catO5_113.fits,2029-01-26 12:37:31.727186,2034-08-20 14:37:43.346426
114,catO5_114.fits,2028-09-24 23:45:21.662339,2029-06-13 06:42:10.204420
115,catO5_115.fits,2034-08-04 14:27:58.754025,2030-06-12 07:28:37.380996
116,catO5_116.fits,2034-04-29 21:38:53.270828,2030-08-18 02:33:30.259734
117,catO5_117.fits,2030-02-13 20:01:17.020612,2034-12-14 23:13:35.020844
118,catO5_118.fits,2028-05-14 06:00:15.669296,2029-03-26 19:29:14.708062
119,catO5_119.fits,2030-01-25 01:32:36.752316,2029-02-05 14:03:34.864739
120,catO5_120.fits,2034-01-02 18:43:07.049783,2028-08-18 23:14:25.263041
121,catO5_121.fits,2033-03-11 21:16:16.613175,2034-01-03 11:14:33.485807
122,catO5_122.fits,2030-11-28 05:59:49.652873,2029-09-14 09:18:47.298496
123,catO5_123.fits,2034-09-27 01:09:56.213000,2030-04-10 04:54:25.467000
124,catO5_124.fits,2033-04-10 21:01:43.583016,2032-04-22 03:55:52.018926
125,catO5_125.fits,2028-07-09 21:22:28.109477,2028-11-14 02:43:27.674348
126,catO5_126.fits,2030-10-19 01:17:54.488231,2034-11-27 01:21:24.380236
127,catO5_127.fits,2034-05-12 12:09:02.015567,2028-10-21 04:31:53.642462
128,catO5_128.fits,2031-08-21 07:03:51.273849,2034-04-16 03:30:20.226714
129,catO5_129.fits,2030-03-13 12:16:35.441975,2032-10-02 12:07:06.107913
130,catO5_130.fits,2033-04-02 01:43:59.101498,2032-05-21 12:08:47.023921
131,catO5_131.fits,2033-09-23 05:42:01.996695,2034-07-13 08:43:10.431867
132,catO5_132.fits,2032-07-18 15:00:39.917022,2028-03-16 14:26:03.794284
133,catO5_133.fits,2033-06-12 00:32:40.942196,2030-12-29 20:09:07.482227
134,catO5_134.fits,2030-08-30 06:53:38.160701,2031-09-26 05:03:05.477095
135,catO5_135.fits,2028-08-20 21:40:14.974225,2032-02-07 08:34:24.933947
136,catO5_136.fits,2031-05-05 21:24:09.250450,2028-09-11 08:26:17.711790
137,catO5_137.fits,2034-12-04 04:04:09.937889,2028-11-14 09:22:39.500373
138,catO5_138.fits,2034-11-08 15:12:33.883937,2031-04-19 12:31:42.655497
139,catO5_139.fits,2030-02-14 21:45:00.141800,2033-12-23 06:00:52.968061
140,catO5_140.fits,2028-03-27 09:22:36.462759,2031-04-09 04:29:45.768287
141,catO5_141.fits,2028-11-28 10:21:45.022019,2034-04-29 13:58:32.683751
142,catO5_142.fits,2030-05-20 02:30:07.875131,2031-04-23 18:51:12.991405
143,catO5_143.fits,2033-02-13 10:33:49.716136,2031-12-22 10:01:35.379854
144,catO5_144.fits,2031-05-11 04:47:12.718614,2033-09-19 04:27:12.218182
145,catO5_145.fits,2033-07-24 15:35:36.942789,2028-03-29 13:07:30.605595
146,catO5_146.fits,2033-10-13 10:40:53.020643,2034-02-04 19:08:19.513307
147,catO5_147.fits,2033-01-03 05:01:50.276673,2032-02-29 22:14:54.932678
148,catO5_148.fits,2031-02-18 07:30:30.178605,2029-09-18 12:20:04.852454
149,catO5_149.fits,2029-02-21 10:14:34.721095,2032-12-28 19:35:28.241940
150,catO5_150.fits,2033-05-29 13:56:04.059781,2034-12-27 14:11:57.330604
151,catO5_151.fits,2031-04-16 05:51:58.326789,2033-11-04 10:51:56.807084
152,catO5_152.fits,2034-04-14 19:31:16.246491,2029-07-24 12:44:20.772243
153,catO5_153.fits,2030-06-19 16:33:55.520182,2031-06-23 15:33:19.017897
154,catO5_154.fits,2032-04-12 09:49:16.265725,2030-09-01 16:55:04.135952
155,catO5_155.fits,2034-11-19 03:43:20.423553,2029-01-20 07:00:46.695287
156,catO5_156.fits,2033-02-09 08:12:58.109033,2034-02-11 14:21:54.873116
157,catO5_157.fits,2031-10-17 12:42:32.054601,2034-09-26 08:51:44.010946
158,catO5_158.fits,2034-08-31 04:56:18.366849,2028-10-06 07:53:37.641071
159,catO5_159.fits,2034-10-26 12:11:09.049163,2033-04-30 04:47:23.504958
160,catO5_160.fits,2032-06-29 08:13:19.620673,2029-09-17 11:39:07.084955
161,catO5_161.fits,2029-08-24 02:29:03.690686,2034-09-15 21:59:53.598265
162,catO5_162.fits,2033-01-01 19:44:13.130173,2029-11-29 17:02:22.932622
163,catO5_163.fits,2030-05-09 01:52:12.993982,2028-09-23 22:58:44.387714
164,catO5_164.fits,2029-04-20 11:15:31.242045,2034-04-30 08:07:41.807378
165,catO5_165.fits,2034-02-11 17:50:07.566723,2028-12-27 08:07:41.674351
166,catO5_166.fits,2033-05-12 08:47:27.026613,2028-12-01 00:58:21.492503
167,catO5_167.fits,2030-04-08 08:25:43.883594,2030-01-17 22:37:43.363508
168,catO5_168.fits,2032-12-18 16:57:32.615165,2034-04-16 04:15:18.702302
169,catO5_169.fits,2029-12-18 19:25:10.771220,2033-09-18 01:51:49.706610
170,catO5_170.fits,2032-01-13 21:34:34.171379,2034-09-14 15:42:59.247632
171,catO5_171.fits,2033-11-09 02:28:52.314209,2034-09-05 09:25:10.216170
172,catO5_172.fits,2032-12-12 17:41:01.459807,2029-11-17 19:56:40.790963
173,catO5_173.fits,2028-04-22 14:34:08.418839,2034-10-18 13:58:51.294183
174,catO5_174.fits,2030-03-29 23:46:59.978235,2028-01-21 18:02:53.619220
175,catO5_175.fits,2030-07-26 10:34:54.923115,2031-11-23 23:27:19.359788
176,catO5_176.fits,2031-09-07 15:32:04.222239,2031-02-03 00:56:26.894891
177,catO5_177.fits,2031-02-06 14:53:56.282968,2030-06-17 21:58:51.471847
178,catO5_178.fits,2034-01-27 06:44:28.781276,2029-01-11 14:59:49.238045
179,catO5_179.fits,2033-11-19 19:32:25.033573,2030-02-04 22:29:38.329474
180,catO5_180.fits,2028-01-17 20:05:05.800872,2032-02-02 12:48:21.478764
181,catO5_181.fits,2030-05-29 00:58:08.002012,2033-12-12 22:44:09.754169
182,catO5_182.fits,2029-02-11 12:37:02.447606,2034-06-11 16:22:55.635198
183,catO5_183.fits,2031-12-19 04:58:12.576974,2033-12-22 19:44:10.983324
184,catO5_184.fits,2029-02-09 03:04:13.514282,2031-02-28 14:46:24.252937
185,catO5_185.fits,2031-10-22 18:20:04.183408,2032-05-14 07:37:21.000905
186,catO5_186.fits,2031-06-09 09:37:54.033980,2030-03-24 00:59:41.185747
187,catO5_187.fits,2034-02-14 11:47:54.777849,2033-10-17 05:20:43.669752
188,catO5_188.fits,2032-02-06 12:03:51.745008,2033-07-27 22:00:33.175592
189,catO5_189.fits,2031-03-21 20:49:01.937241,2034-08-19 00:56:41.813151
190,catO5_190.fits,2032-11-23 12:02:17.247340,2031-06-23 19:04:15.932277
191,catO5_191.fits,2034-04-05 01:18:30.167794,2029-09-09 19:56:20.689088
192,catO5_192.fits,2031-03-23 09:27:18.738244,2034-10-25 03:17:24.881761
193,catO5_193.fits,2028-07-04 08:15:18.780064,2032-09-20 04:15:37.274960
194,catO5_194.fits,2034-10-23 14:47:54.666748,2030-08-10 13:56:49.560847
195,catO5_195.fits,2034-03-25 16:19:46.997208,2031-05-03 21:44:09.996149
196,catO5_196.fits,2028-04-14 06:11:42.074811,2033-09-30 07:39:22.366780
197,catO5_197.fits,2032-10-19 06:19:46.382239,2028-02-25 14:11:55.564298
198,catO5_198.fits,2033-12-30 07:50:29.613300,2029-12-29 12:49:49.472938
199,catO5_199.fits,2029-09-05 19:56:16.583961,2034-08-28 02:36:31.194517
200,catO5_200.fits,2029-04-11 08:59:27.566462,2033-05-17 02:13:44.540497
201,catO5_201.fits,2034-09-05 14:21:15.245165,2033-08-22 14:14:37.754099
202,catO5_202.fits,2028-06-06 02:08:36.531806,2031-06-11 09:52:36.777242
203,catO5_203.fits,2031-04-02 21:42:14.949319,2031-03-27 23:07:46.761609
204,catO5_204.fits,2029-11-13 08:03:16.519491,2031-10-31 07:20:27.241397
205,catO5_205.fits,2032-08-30 03:37:49.947400,2034-11-22 21:56:35.119563
206,catO5_206.fits,2028-05-21 13:59:36.099862,2031-10-09 06:43:30.037118
207,catO5_207.fits,2034-06-26 16:21:39.236016,2031-01-12 03:21:37.080506
208,catO5_208.fits,2028-06-10 21:57:37.122662,2032-06-15 07:53:50.899892
209,catO5_209.fits,2031-12-04 05:11:57.734369,2029-06-13 01:47:48.027757
210,catO5_210.fits,2030-04-24 15:28:14.215258,2030-07-02 00:05:44.119601
211,catO5_211.fits,2032-03-01 17:07:12.464170,2031-08-31 04:46:03.154967
212,catO5_212.fits,2034-10-13 09:53:56.677198,2031-01-30 14:41:09.475080
213,catO5_213.fits,2032-07-23 03:12:55.705325,2028-09-25 23:31:00.806056
214,catO5_214.fits,2029-09-18 22:17:59.345730,2034-10-26 21:58:06.084603
215,catO5_215.fits,2029-11-09 00:45:52.484541,2029-01-02 06:46:56.775312
216,catO5_216.fits,2034-12-13 03:07:48.649447,2033-07-26 15:47:53.470338
217,catO5_217.fits,2033-03-31 22:49:08.901996,2033-05-11 14:36:16.833561
218,catO5_218.fits,2033-04-24 12:37:28.818215,2032-07-05 18:53:52.472422
219,catO5_219.fits,2031-06-19 17:55:41.409458,2030-12-13 19:56:21.013563
220,catO5_220.fits,2030-07-29 08:44:56.249074,2028-04-07 22:01:23.011290
221,catO5_221.fits,2031-05-06 23:51:54.694952,2030-03-09 00:44:21.883215
222,catO5_222.fits,2030-03-28 06:09:25.470407,2030-07-31 11:07:26.239111
223,catO5_223.fits,2033-01-28 11:00:57.135270,2031-03-30 00:34:24.274045
224,catO5_224.fits,2032-10-15 00:14:59.904112,2029-10-24 05:34:11.301661
225,catO5_225.fits,2029-10-11 13:10:05.465025,2034-05-31 01:20:55.982505
226,catO5_226.fits,2028-12-26 05:54:54.313777,2033-05-25 06:04:08.077200
227,catO5_227.fits,2031-02-28 13:20:19.583789,2034-11-14 16:45:38.356369
228,catO5_228.fits,2033-06-10 23:25:43.049928,2031-07-27 12:14:32.809980
229,catO5_229.fits,2029-05-11 09:41:33.230634,2028-02-22 01:12:46.260170
230,catO5_230.fits,2028-03-26 14:37:53.011826,2033-05-18 00:27:51.089965
231,catO5_231.fits,2034-09-16 21:14:20.693174,2031-12-01 19:08:41.193295
232,catO5_232.fits,2029-03-14 14:38:22.889726,2029-01-26 09:36:39.957312
233,catO5_233.fits,2029-06-14 08:10:37.443444,2033-07-24 20:11:56.043487
234,catO5_234.fits,2028-01-15 02:31:11.619859,2028-12-21 13:36:48.306289
235,catO5_235.fits,2032-05-27 15:58:10.316908,2032-06-14 18:38:14.067083
236,catO5_236.fits,2034-07-31 02:23:44.970103,2032-06-01 19:57:56.256254
237,catO5_237.fits,2033-09-16 04:18:29.263439,2028-07-26 13:04:14.001996
238,catO5_238.fits,2034-04-21 02:24:52.209302,2029-01-23 17:57:59.809412
239,catO5_239.fits,2030-12-16 18:34:08.451322,2029-08-19 09:04:02.085766
240,catO5_240.fits,2031-10-03 03:09:59.906664,2029-08-01 13:51:59.824829
241,catO5_241.fits,2031-03-31 14:05:29.303522,2030-10-14 22:03:16.641367
242,catO5_242.fits,2029-08-03 00:01:27.679440,2031-11-11 06:54:43.123770
243,catO5_243.fits,2028-08-07 21:18:06.171962,2034-09-26 10:21:25.274653
244,catO5_244.fits,2030-06-13 10:50:30.615118,2028-09-02 07:04:28.001358
245,catO5_245.fits,2030-01-04 05:34:57.965021,2030-01-02 02:42:11.010947
246,catO5_246.fits,2031-03-15 04:57:50.835125,2029-06-17 19:41:39.834746
247,catO5_247.fits,2032-04-28 04:20:40.450937,2032-08-02 12:41:00.066816
248,catO5_248.fits,2028-08-19 06:30:15.178471,2029-01-12 07:10:47.602760
249,catO5_249.fits,2030-09-17 05:14:00.520694,2030-08-10 09:39:20.320395
250,catO5_250.fits,2030-06-24 06:53:23.137829,2030-06-18 01:23:36.695666
251,catO5_251.fits,2028-02-28 22:37:01.906756,2033-09-11 15:35:15.809612
252,catO5_252.fits,2029-05-14 15:46:39.272887,2030-09-26 09:11:50.181305
253,catO5_253.fits,2032-08-21 08:12:28.386028,2030-05-19 11:59:16.267266
254,catO5_254.fits,2034-11-17 18:25:43.252612,2031-09-25 12:59:59.877193
255,catO5_255.fits,2028-04-03 15:52:20.649242,2030-06-09 10:08:00.751913
256,catO5_256.fits,2030-10-08 21:21:04.841915,2029-06-25 05:39:41.109257
257,catO5_257.fits,2034-01-14 21:33:32.678010,2033-07-29 17:26:17.154353
258,catO5_258.fits,2031-04-21 01:52:05.723639,2031-12-31 17:52:45.236163
259,catO5_259.fits,2032-08-01 18:26:29.344937,2032-09-09 03:18:11.208137
260,catO5_260.fits,2030-07-20 20:11:35.381463,2034-02-21 04:57:40.237187
261,catO5_261.fits,2030-03-22 10:13:21.655475,2034-07-15 08:22:19.660266
262,catO5_262.fits,2033-02-11 00:55:06.189130,2030-10-08 16:27:16.651436
263,catO5_263.fits,2031-09-12 04:07:10.994923,2033-09-29 18:33:38.462044
264,catO5_264.fits,2034-05-18 20:57:32.837562,2033-11-23 11:01:35.252370
265,catO5_265.fits,2034-10-13 11:05:08.495132,2032-01-17 07:07:37.610511
266,catO5_266.fits,2031-07-23 00:48:31.848440,2034-04-19 00:34:07.217275
267,catO5_267.fits,2030-10-26 18:51:17.462055,2031-02-27 17:38:10.880240
268,catO5_268.fits,2032-01-31 18:00:35.593222,2028-08-26 10:57:11.377099
269,catO5_269.fits,2034-10-13 08:37:50.532875,2034-10-19 11:33:02.530439
270,catO5_270.fits,2033-01-05 02:00:03.666301,2034-06-05 00:58:53.729642
271,catO5_271.fits,2034-03-20 00:12:52.146973,2032-03-10 02:53:06.393467
272,catO5_272.fits,2034-12-23 18:04:18.686657,2031-08-07 19:37:50.878186
273,catO5_273.fits,2032-11-21 15:36:52.634978,2031-10-31 17:55:07.231325
274,catO5_274.fits,2034-01-31 20:22:11.955536,2029-01-19 12:23:21.327022
275,catO5_275.fits,2028-11-14 06:46:04.405517,2034-04-08 22:31:16.887889
276,catO5_276.fits,2032-05-18 02:13:54.504982,2031-11-23 22:45:43.593979
277,catO5_277.fits,2028-03-25 18:27:34.469996,2031-07-07 08:09:47.707190
278,catO5_278.fits,2033-02-10 03:56:23.887235,2028-02-18 09:03:32.537850
279,catO5_279.fits,2034-09-02 21:20:10.275670,2032-08-13 21:07:10.917075
280,catO5_280.fits,2032-11-22 15:44:54.512844,2029-04-06 21:17:46.947961
281,catO5_281.fits,2031-08-12 06:26:59.260993,2033-09-13 16:26:02.693671
282,catO5_282.fits,2030-01-11 00:25:28.841408,2031-05-10 02:43:26.123731
283,catO5_283.fits,2031-05-06 03:52:24.424959,2031-05-02 17:54:01.641237
284,catO5_284.fits,2033-12-03 19:24:15.305512,2031-12-31 03:13:39.657839
285,catO5_285.fits,2034-06-26 22:51:03.179292,2028-12-11 08:26:58.578878
286,catO5_286.fits,2028-10-28 12:31:48.806969,2031-04-27 23:09:18.399039
287,catO5_287.fits,2028-10-02 20:29:13.479266,2032-04-28 07:59:48.594532
288,catO5_288.fits,2034-08-12 08:51:18.875520,2030-10-11 22:19:16.405134
289,catO5_289.fits,2033-01-18 23:31:39.989443,2028-08-25 01:29:14.319130
290,catO5_290.fits,2029-05-20 07:49:46.504753,2031-09-12 11:12:00.773934
291,catO5_291.fits,2030-12-14 14:24:02.134964,2034-12-28 05:21:15.836708
292,catO5_292.fits,2030-07-28 03:53:03.582853,2029-01-23 17:28:09.089214
293,catO5_293.fits,2033-09-24 12:47:13.910498,2031-06-02 22:25:07.265602
294,catO5_294.fits,2034-02-18 16:57:09.904550,2034-12-21 16:58:47.426152
295,catO5_295.fits,2029-01-20 04:23:59.609473,2028-11-24 15:49:39.199260
296,catO5_296.fits,2029-03-17 15:48:25.814871,2029-03-13 09:38:51.198580
297,catO5_297.fits,2029-01-18 17:11:03.901479,2033-11-06 15:36:06.827965
298,catO5_298.fits,2030-10-29 02:52:34.381424,2034-07-29 10:13:35.274143
299,catO5_299.fits,2034-01-12 10:51:44.028457,2034-03-23 20:38:14.668080
300,catO5_300.fits,2030-08-05 21:39:30.638339,2031-03-26 07:30:25.656429
301,catO5_301.fits,2029-02-06 13:24:04.390817,2029-03-28 01:28:54.922402
302,catO5_302.fits,2032-03-06 13:08:06.877937,2030-02-23 00:54:54.380631
303,catO5_303.fits,2028-05-23 13:08:20.508765,2030-06-04 17:49:26.386497
304,catO5_304.fits,2031-12-23 13:57:44.211260,2030-05-11 15:49:40.563336
305,catO5_305.fits,2030-07-14 14:57:14.603898,2031-05-14 12:45:15.339209
306,catO5_306.fits,2034-12-08 12:20:15.521925,2031-08-28 12:32:29.922871
307,catO5_307.fits,2033-08-07 22:13:03.188656,2032-03-16 06:14:23.473914
308,catO5_308.fits,2029-08-22 00:05:30.582686,2028-05-02 00:53:05.936164
309,catO5_309.fits,2033-02-23 06:49:13.795322,2029-02-16 13:51:23.845729
310,catO5_310.fits,2031-10-09 04:37:46.086057,2034-08-30 23:31:46.822527
311,catO5_311.fits,2032-04-25 17:36:10.825199,2028-10-06 10:26:54.791311
312,catO5_312.fits,2032-11-08 23:40:49.805220,2033-04-08 01:05:15.740173
313,catO5_313.fits,2030-10-16 22:05:10.454582,2031-01-24 08:07:11.849694
314,catO5_314.fits,2032-03-27 05:01:27.825014,2028-11-05 14:02:13.385581
315,catO5_315.fits,2029-07-16 09:18:28.983772,2030-12-31 22:57:21.232786
316,catO5_316.fits,2031-05-22 15:40:12.518253,2033-05-07 09:09:00.415667
317,catO5_317.fits,2032-05-30 02:52:20.727892,2034-09-16 09:02:46.225430
318,catO5_318.fits,2029-03-08 11:08:58.492773,2030-02-06 15:05:20.492808
319,catO5_319.fits,2033-08-03 17:12:33.059546,2031-12-15 23:58:36.048324
320,catO5_320.fits,2032-12-22 21:35:51.145914,2028-02-20 12:02:55.630513
321,catO5_321.fits,2031-03-28 09:02:29.579937,2031-06-13 20:41:41.695625
322,catO5_322.fits,2029-11-04 03:29:57.386304,2033-08-10 10:14:47.174357
323,catO5_323.fits,2030-11-03 09:25:00.362689,2030-05-08 19:07:03.880023
324,catO5_324.fits,2032-11-15 01:11:33.506445,2028-03-05 08:45:29.154418
325,catO5_325.fits,2030-11-09 09:44:52.602322,2032-05-16 01:48:45.636626
326,catO5_326.fits,2033-03-02 08:51:29.471375,2031-08-02 10:37:49.236712
327,catO5_327.fits,2030-05-05 07:14:37.763121,2030-08-26 15:19:22.684963
328,catO5_328.fits,2034-05-20 22:35:41.317115,2029-10-19 13:15:12.230357
329,catO5_329.fits,2030-09-29 22:56:42.686102,2034-12-17 02:26:25.752756
330,catO5_330.fits,2032-12-07 14:18:23.195273,2033-10-23 13:40:14.743631
331,catO5_331.fits,2028-07-26 18:05:18.056913,2028-07-30 14:44:25.736528
332,catO5_332.fits,2034-09-26 07:48:58.631249,2034-11-18 22:12:01.779121
333,catO5_333.fits,2030-03-14 17:13:59.284208,2033-11-02 14:27:23.866904
334,catO5_334.fits,2034-01-17 16:18:36.939090,2029-01-08 18:12:42.508455
335,catO5_335.fits,2028-02-21 10:38:05.732444,2030-12-07 12:21:34.054970
336,catO5_336.fits,2031-09-17 11:24:55.943169,2034-07-26 07:28:46.503862
337,catO5_337.fits,2028-04-28 01:59:49.543272,2033-02-16 15:21:41.358338
338,catO5_338.fits,2028-02-23 23:02:34.838780,2032-12-06 22:34:32.419668
339,catO5_339.fits,2031-04-26 23:39:51.443649,2030-03-12 03:27:27.848720
340,catO5_340.fits,2033-12-16 04:48:10.472050,2029-02-28 11:13:05.810084
341,catO5_341.fits,2034-03-28 20:22:54.087110,2032-01-25 22:39:08.361159
342,catO5_342.fits,2031-02-06 20:36:18.011425,2034-06-10 08:51:00.774761
343,catO5_343.fits,2030-06-22 22:26:04.994117,2030-10-07 18:10:59.831281
344,catO5_344.fits,2032-12-14 08:16:48.505026,2028-07-19 00:16:14.794029
345,catO5_345.fits,2033-03-07 06:24:58.156415,2028-06-12 23:18:35.228550
346,catO5_346.fits,2028-12-20 09:40:59.528147,2033-05-19 15:49:36.653199
347,catO5_347.fits,2030-04-16 22:32:14.729982,2034-09-22 21:03:43.859556
348,catO5_348.fits,2029-08-14 17:56:14.902146,2033-12-20 15:54:19.289054
349,catO5_349.fits,2032-11-08 07:22:00.494127,2028-05-14 22:42:24.547408
350,catO5_350.fits,2032-09-23 06:34:43.601812,2033-04-23 16:54:06.405203
351,catO5_351.fits,2032-01-31 02:26:51.354195,2034-09-06 15:57:03.544034
352,catO5_352.fits,2030-11-03 12:26:00.237610,2029-08-21 11:36:45.891256
353,catO5_353.fits,2031-09-01 00:04:28.959202,2032-01-07 08:26:45.805964
354,catO5_354.fits,2032-03-03 19:28:20.789681,2031-01-19 22:04:43.026174
355,catO5_355.fits,2033-08-20 20:47:00.721889,2031-05-07 00:00:41.682333
356,catO5_356.fits,2034-12-21 20:01:34.576957,2030-05-15 06:56:28.884986
357,catO5_357.fits,2030-12-08 03:38:43.485068,2032-09-06 19:21:54.332590
358,catO5_358.fits,2034-08-19 17:19:54.742889,2028-03-05 02:14:38.124483
359,catO5_359.fits,2031-02-11 17:14:48.897709,2034-11-09 15:42:46.491920
360,catO5_360.fits,2028-10-27 12:34:58.091948,2028-03-20 13:57:04.270789
361,catO5_361.fits,2028-12-10 02:09:55.370463,2030-09-09 14:28:51.177997
362,catO5_362.fits,2033-05-26 00:43:45.236027,2028-01-10 07:56:01.679418
363,catO5_363.fits,2029-06-23 15:07:53.968194,2028-03-06 11:05:51.203748
364,catO5_364.fits,2034-01-21 21:12:47.762351,2028-01-23 10:39:00.927991
365,catO5_365.fits,2030-08-14 15:21:39.008817,2033-05-22 18:19:08.984998
366,catO5_366.fits,2028-10-16 12:54:59.311182,2029-05-08 08:14:09.866529
367,catO5_367.fits,2034-03-02 05:32:47.913040,2032-01-31 12:40:53.632644
368,catO5_368.fits,2030-10-23 03:24:37.908319,2029-02-22 12:47:43.733025
369,catO5_369.fits,2033-11-01 17:19:40.178708,2034-07-25 02:34:55.080852
370,catO5_370.fits,2032-03-26 17:50:04.757091,2032-02-21 14:31:12.426101
371,catO5_371.fits,2031-10-11 10:30:34.284998,2032-12-17 11:28:11.224086
372,catO5_372.fits,2032-11-21 07:52:52.109966,2033-12-01 14:08:34.552073
373,catO5_373.fits,2028-10-30 05:39:45.978569,2033-04-04 13:37:04.207992
374,catO5_374.fits,2030-03-13 02:35:38.996058,2034-10-30 15:53:13.876722
375,catO5_375.fits,2033-05-05 13:49:22.927150,2029-03-21 17:55:44.333669
376,catO5_376.fits,2031-03-16 23:25:02.189389,2032-12-11 07:43:12.027451
377,catO5_377.fits,2032-11-12 12:50:34.031166,2028-03-29 08:54:06.728180
378,catO5_378.fits,2031-07-02 10:04:54.850961,2029-03-08 10:37:59.799494
379,catO5_379.fits,2031-04-19 06:56:56.921975,2029-05-27 21:56:12.624392
380,catO5_380.fits,2033-09-08 14:36:13.193666,2029-03-12 19:58:23.635432
381,catO5_381.fits,2032-01-20 03:23:50.418864,2031-03-28 16:52:31.507026
382,catO5_382.fits,2032-07-19 12:13:34.289158,2034-03-14 15:59:10.514891
383,catO5_383.fits,2032-10-26 03:10:37.214052,2031-02-05 05:05:27.198868
384,catO5_384.fits,2031-07-20 07:39:13.517288,2031-10-11 14:51:07.019377
385,catO5_385.fits,2031-08-28 02:49:18.039237,2028-12-05 01:04:27.434216
386,catO5_386.fits,2033-05-30 21:25:04.751116,2033-09-23 09:43:03.133702
387,catO5_387.fits,2032-05-26 06:45:01.968424,2032-11-30 14:52:46.420755
388,catO5_388.fits,2033-01-23 23:00:47.691576,2028-05-02 13:34:25.183182
389,catO5_389.fits,2032-04-22 09:45:56.329756,2034-12-01 07:27:58.178264
390,catO5_390.fits,2030-09-28 07:23:12.055148,2032-12-08 02:49:45.738897
391,catO5_391.fits,2032-09-04 15:53:42.729407,2032-08-13 18:59:57.966092
392,catO5_392.fits,2033-03-09 04:55:10.514662,2030-09-30 23:11:16.122889
393,catO5_393.fits,2029-08-07 07:56:13.285652,2033-07-29 07:44:38.366649
394,catO5_394.fits,2030-04-18 22:30:23.517836,2031-05-28 17:03:22.798348
395,catO5_395.fits,2031-02-16 19:12:48.166521,2029-12-20 08:44:41.351433
396,catO5_396.fits,2030-06-27 08:17:25.621432,2032-04-26 06:59:32.820709
397,catO5_397.fits,2029-10-23 02:27:35.454182,2031-11-02 03:06:30.340279
398,catO5_398.fits,2028-12-16 04:49:53.369933,2033-10-01 06:26:04.391121
399,catO5_399.fits,2032-12-14 12:20:06.964551,2032-03-03 23:15:27.943080
400,catO5_400.fits,2034-11-07 13:43:13.848900,2034-05-27 14:54:36.945040
401,catO5_401.fits,2034-03-17 09:49:26.765320,2034-10-06 20:53:35.600267
402,catO5_402.fits,2033-04-26 04:56:10.855835,2034-02-27 07:20:56.981278
403,catO5_403.fits,2031-05-11 13:59:44.651430,2029-09-19 00:22:55.076519
404,catO5_404.fits,2028-12-22 06:57:20.085451,2029-07-17 08:06:30.955276
405,catO5_405.fits,2030-01-06 03:13:24.627488,2029-01-26 02:30:42.107873
406,catO5_406.fits,2033-03-10 15:21:42.698880,2033-04-29 08:15:10.588992
407,catO5_407.fits,2031-11-06 12:45:23.003166,2029-10-10 07:19:04.036784
408,catO5_408.fits,2030-01-22 11:39:27.462918,2030-01-01 22:49:55.410968
409,catO5_409.fits,2033-10-28 00:32:25.733862,2033-08-29 20:04:45.974600
410,catO5_410.fits,2028-10-19 07:35:38.578793,2033-04-09 03:03:31.767741
411,catO5_411.fits,2029-10-11 09:46:21.900363,2029-06-20 09:41:10.372794
412,catO5_412.fits,2033-07-31 03:47:40.659506,2031-04-07 20:01:14.474227
413,catO5_413.fits,2030-02-13 05:55:13.238069,2034-07-16 06:35:31.292676
414,catO5_414.fits,2031-07-05 16:42:57.611578,2033-01-09 02:22:18.022276
415,catO5_415.fits,2028-08-30 17:09:38.259289,2033-05-20 10:02:06.639772
416,catO5_416.fits,2028-03-02 14:11:11.390278,2029-02-20 03:38:52.469668
417,catO5_417.fits,2031-07-17 22:33:09.069062,2030-05-05 23:19:53.744221
418,catO5_418.fits,2031-08-18 13:32:54.462611,2029-08-12 06:04:33.695996
419,catO5_419.fits,2034-08-12 06:27:57.771631,2034-02-04 05:38:47.613655
420,catO5_420.fits,2030-03-18 21:58:35.318257,2030-02-12 07:37:27.675333
421,catO5_421.fits,2029-12-01 12:52:18.650306,2033-08-02 03:49:54.361134
422,catO5_422.fits,2032-02-15 13:47:14.221138,2029-12-12 20:17:30.794168
423,catO5_423.fits,2029-11-06 07:28:26.188234,2028-05-07 03:23:03.145013
424,catO5_424.fits,2031-09-07 05:55:16.589386,2032-08-14 01:28:20.852749
425,catO5_425.fits,2034-06-11 23:28:58.502747,2030-03-19 00:37:30.146971
426,catO5_426.fits,2033-07-14 15:38:42.331197,2033-02-07 15:43:50.608185
427,catO5_427.fits,2034-02-27 15:55:11.161709,2029-05-19 04:54:54.179208
428,catO5_428.fits,2033-03-18 01:47:55.148847,2030-06-02 07:31:03.341427
429,catO5_429.fits,2032-03-23 13:25:33.359454,2032-08-19 00:08:57.347003
430,catO5_430.fits,2029-01-23 02:36:35.724159,2034-05-16 19:35:46.151099
431,catO5_431.fits,2031-01-03 07:21:25.405307,2032-09-06 17:04:32.650622
432,catO5_432.fits,2032-09-05 00:04:02.270538,2034-12-11 13:20:55.921209
433,catO5_433.fits,2034-01-28 01:11:01.056643,2030-07-18 07:26:10.062523
434,catO5_434.fits,2030-07-13 22:46:05.834920,2033-07-11 03:15:39.262757
435,catO5_435.fits,2033-08-02 22:06:20.104384,2032-01-08 01:54:27.609116
436,catO5_436.fits,2032-12-05 17:42:15.997085,2034-02-06 17:55:15.761425
437,catO5_437.fits,2033-03-08 06:49:26.196263,2028-02-01 00:47:14.926242
438,catO5_438.fits,2034-10-05 05:41:29.197393,2028-01-17 05:56:58.703768
439,catO5_439.fits,2031-10-14 08:49:25.822749,2032-03-02 19:21:41.681327
440,catO5_440.fits,2029-08-26 07:33:48.734492,2029-02-20 13:28:40.513412
441,catO5_441.fits,2032-10-28 04:02:36.098027,2034-11-17 17:57:07.371977
442,catO5_442.fits,2031-08-21 09:04:22.382620,2029-01-13 23:43:53.770643
443,catO5_443.fits,2030-04-16 03:00:51.586751,2034-10-27 15:50:13.477217
444,catO5_444.fits,2031-10-06 18:07:52.638319,2031-06-13 03:33:58.590653
445,catO5_445.fits,2034-06-04 02:06:15.306188,2029-01-20 09:33:06.513166
446,catO5_446.fits,2029-03-14 02:04:08.329693,2029-04-17 05:21:18.695206
447,catO5_447.fits,2033-07-26 16:12:14.282597,2028-05-14 03:41:07.920921
448,catO5_448.fits,2030-08-30 10:05:38.299436,2033-07-31 08:53:36.363497
449,catO5_449.fits,2028-06-10 06:08:36.568047,2034-10-31 06:45:18.254180
450,catO5_450.fits,2031-11-11 05:35:59.348187,2033-08-16 04:19:51.249837
451,catO5_451.fits,2028-04-07 21:14:05.783067,2031-11-30 21:56:37.956951
452,catO5_452.fits,2034-05-21 12:57:12.125485,2031-10-08 06:41:43.259710
453,catO5_453.fits,2034-10-16 13:05:42.748263,2029-12-26 00:28:20.414487
454,catO5_454.fits,2032-07-08 13:59:49.439633,2031-03-09 04:41:29.600883
455,catO5_455.fits,2032-12-15 14:09:21.282270,2029-10-02 14:25:37.680597
456,catO5_456.fits,2032-03-05 23:20:11.440076,2028-07-03 05:40:37.972302
457,catO5_457.fits,2034-08-31 22:19:53.317369,2032-06-20 01:07:44.303201
458,catO5_458.fits,2029-09-08 03:55:17.453742,2030-07-14 14:53:41.178438
459,catO5_459.fits,2029-03-25 06:16:45.290730,2028-05-19 12:52:34.364799
460,catO5_460.fits,2033-08-01 02:12:38.244482,2034-11-03 07:10:20.239268
461,catO5_461.fits,2032-03-19 18:01:14.150817,2028-01-06 15:56:03.101017
462,catO5_462.fits,2031-06-25 05:25:55.590775,2031-12-23 19:21:11.322994
463,catO5_463.fits,2034-11-10 02:39:19.471208,2032-07-31 14:00:04.962192
464,catO5_464.fits,2032-06-27 12:28:50.470986,2030-04-17 05:20:56.606362
465,catO5_465.fits,2028-12-24 16:50:06.334825,2029-06-09 12:33:41.270092
466,catO5_466.fits,2029-11-24 11:16:25.596422,2032-02-09 08:53:16.248187
467,catO5_467.fits,2028-08-20 18:42:41.426241,2032-03-11 09:01:14.098933
468,catO5_468.fits,2032-12-24 04:25:34.426709,2031-08-23 15:35:06.808607
469,catO5_469.fits,2032-06-08 03:18:41.511741,2033-05-30 20:20:23.716182
470,catO5_470.fits,2029-10-31 13:44:46.943165,2028-11-16 23:41:26.631930
471,catO5_471.fits,2032-06-01 21:26:59.637571,2028-06-19 17:23:01.497528
472,catO5_472.fits,2031-12-07 22:15:53.570657,2031-07-24 23:14:28.654809
473,catO5_473.fits,2031-04-10 04:10:27.250460,2029-01-05 06:28:44.488878
474,catO5_474.fits,2033-09-04 05:48:23.815215,2034-11-12 08:25:28.054169
475,catO5_475.fits,2032-03-03 18:49:13.700027,2030-08-31 01:48:36.441054
476,catO5_476.fits,2029-12-21 09:03:28.231904,2029-04-12 13:33:29.884088
477,catO5_477.fits,2034-01-06 03:42:30.212808,2033-05-25 13:11:27.271103
478,catO5_478.fits,2030-06-01 09:34:26.611203,2030-10-03 18:13:44.581949
479,catO5_479.fits,2033-01-05 01:38:48.461173,2034-09-05 08:36:27.929546
480,catO5_480.fits,2029-10-01 18:03:43.922185,2031-04-13 05:26:19.783887
481,catO5_481.fits,2033-08-05 00:12:50.641275,2029-09-26 00:27:42.347306
482,catO5_482.fits,2034-08-17 03:47:45.092287,2029-11-05 08:10:13.230180
483,catO5_483.fits,2031-02-02 15:16:39.664185,2034-01-18 18:36:39.142911
484,catO5_484.fits,2030-05-23 06:07:05.595504,2028-11-16 10:39:58.812435
485,catO5_485.fits,2028-02-09 15:31:52.998419,2032-08-13 20:58:02.690678
486,catO5_486.fits,2033-06-01 12:01:35.244058,2029-02-13 04:54:38.728885
487,catO5_487.fits,2032-08-26 02:24:43.695887,2031-06-28 10:56:14.659780
488,catO5_488.fits,2029-01-05 14:55:24.401278,2034-10-05 05:34:54.902073
489,catO5_489.fits,2031-06-14 16:50:17.883236,2034-07-09 02:37:23.843558
490,catO5_490.fits,2030-07-01 10:35:03.602915,2028-10-07 06:20:59.822604
491,catO5_491.fits,2030-01-28 06:34:06.604009,2030-12-21 11:15:00.774007
492,catO5_492.fits,2031-05-23 05:48:49.923095,2031-11-13 09:32:40.845461
493,catO5_493.fits,2033-08-18 20:30:47.064429,2030-01-22 05:12:48.568013
494,catO5_494.fits,2030-08-10 01:27:29.795973,2034-03-26 10:56:40.835947
495,catO5_495.fits,2031-12-30 19:52:31.103249,2028-10-01 20:56:19.028263
496,catO5_496.fits,2030-06-08 10:10:49.198120,2030-10-07 05:37:42.553093
497,catO5_497.fits,2029-09-19 16:30:51.300798,2028-07-01 18:01:38.453575
498,catO5_498.fits,2033-04-26 16:39:45.384437,2034-09-23 00:29:58.809375
499,catO5_499.fits,2028-11-27 15:55:51.465110,2034-07-05 17:59:34.077919
500,catO5_500.fits,2032-03-06 13:12:17.763282,2030-03-19 18:24:45.935138
501,catO5_501.fits,2033-08-21 00:52:40.660079,2031-10-22 05:47:46.142895
502,catO5_502.fits,2032-07-22 22:44:07.981189,2033-10-29 23:59:19.018084
503,catO5_503.fits,2028-07-11 07:36:54.321627,2031-03-11 02:53:17.815195
504,catO5_504.fits,2028-06-30 03:47:21.667972,2032-08-24 15:01:36.663315
505,catO5_505.fits,2033-01-19 21:15:55.372154,2031-12-06 15:11:13.798352
506,catO5_506.fits,2033-03-17 22:08:13.517156,2028-05-28 05:58:32.301440
507,catO5_507.fits,2031-12-30 18:31:17.034959,2029-06-25 21:36:32.259953
508,catO5_508.fits,2033-06-02 01:21:31.347933,2033-11-24 16:10:04.814749
509,catO5_509.fits,2029-08-18 19:59:20.097337,2030-06-08 13:51:09.435519
510,catO5_510.fits,2033-03-27 17:01:54.777364,2028-05-11 17:37:34.535429
511,catO5_511.fits,2029-08-07 11:49:01.366463,2028-04-05 15:00:01.040703
512,catO5_512.fits,2031-02-14 16:09:11.039171,2034-10-15 12:31:01.012143
513,catO5_513.fits,2030-02-14 14:09:49.366503,2032-03-06 19:39:05.359337
514,catO5_514.fits,2028-06-12 05:45:33.112388,2030-03-29 00:29:53.415703
515,catO5_515.fits,2032-09-17 20:40:13.557998,2032-05-06 09:58:55.816988
516,catO5_516.fits,2030-02-06 09:06:16.951257,2028-10-04 07:01:54.615041
517,catO5_517.fits,2033-06-02 13:45:32.336919,2028-07-07 18:29:09.653153
518,catO5_518.fits,2034-05-01 03:22:24.309911,2032-05-30 00:49:46.767132
519,catO5_519.fits,2028-11-03 06:47:04.150336,2033-09-15 13:50:42.918100
520,catO5_520.fits,2034-05-21 01:40:22.241717,2030-02-23 06:37:03.502375
521,catO5_521.fits,2029-01-13 21:36:56.630315,2034-08-30 17:51:09.592874
522,catO5_522.fits,2029-02-10 21:17:11.651674,2029-11-25 02:07:36.974996
523,catO5_523.fits,2031-01-14 09:37:30.069304,2028-11-23 02:06:47.850335
524,catO5_524.fits,2033-06-26 10:29:36.214716,2028-03-30 22:06:24.449362
525,catO5_525.fits,2034-06-07 01:57:54.117563,2028-05-14 16:15:57.333236
526,catO5_526.fits,2031-04-28 21:02:08.202593,2032-11-20 09:57:33.072351
527,catO5_527.fits,2028-06-13 16:02:01.782270,2033-06-03 22:31:27.362169
528,catO5_528.fits,2030-05-04 07:06:22.706237,2033-02-21 22:38:30.994505
529,catO5_529.fits,2031-09-28 16:09:39.860699,2031-09-29 08:06:08.381803
530,catO5_530.fits,2029-07-11 22:52:10.644381,2034-06-19 06:03:42.827992
531,catO5_531.fits,2030-01-06 23:43:04.138050,2029-01-18 16:51:59.457801
532,catO5_532.fits,2034-05-10 16:02:22.624229,2033-03-01 02:50:23.782280
533,catO5_533.fits,2032-02-15 20:21:10.107017,2031-12-14 04:49:30.053024
534,catO5_534.fits,2029-02-24 12:34:55.033228,2033-03-09 18:37:15.792844
535,catO5_535.fits,2029-08-21 06:36:20.943559,2034-01-29 09:15:28.098622
536,catO5_536.fits,2034-09-24 23:18:23.050377,2030-05-26 07:56:56.279828
537,catO5_537.fits,2030-12-22 06:27:33.465869,2029-04-09 03:04:23.071841
538,catO5_538.fits,2033-05-03 13:49:29.062563,2033-01-29 12:15:18.186605
539,catO5_539.fits,2032-10-26 22:19:50.516939,2034-06-09 02:11:34.325132
540,catO5_540.fits,2030-02-14 15:38:48.607597,2029-05-24 11:16:42.159111
541,catO5_541.fits,2032-10-22 05:31:26.842373,2033-12-16 01:38:23.076079
542,catO5_542.fits,2032-01-10 04:54:56.153619,2034-02-07 05:15:03.332272
543,catO5_543.fits,2033-10-23 23:58:00.688605,2028-09-27 17:48:20.993682
544,catO5_544.fits,2031-12-20 04:37:25.137548,2031-10-31 16:34:13.397289
545,catO5_545.fits,2033-02-17 13:19:54.213117,2034-11-22 20:30:57.965381
546,catO5_546.fits,2033-01-15 12:09:01.959414,2030-06-02 12:29:59.876138
547,catO5_547.fits,2034-06-26 21:34:25.668970,2030-06-05 19:43:14.651748
548,catO5_548.fits,2034-09-07 14:08:12.721914,2030-01-14 02:34:52.401431
549,catO5_549.fits,2032-10-24 14:01:05.278923,2030-06-12 14:08:27.487738
550,catO5_550.fits,2028-01-16 20:39:40.076308,2031-06-20 03:06:05.792293
551,catO5_551.fits,2028-12-28 09:48:01.668723,2028-09-26 09:06:25.752474
552,catO5_552.fits,2034-10-28 19:58:52.368267,2033-12-31 18:18:20.867942
553,catO5_553.fits,2032-02-14 15:15:48.308979,2033-02-17 09:28:33.741819
554,catO5_554.fits,2032-03-05 00:57:55.967092,2030-01-16 19:02:27.769169
555,catO5_555.fits,2032-01-24 01:46:22.517199,2033-03-01 19:03:57.329417
556,catO5_556.fits,2033-10-27 09:50:51.824980,2031-02-12 02:46:15.573297
557,catO5_557.fits,2030-06-07 20:48:18.883587,2033-03-05 09:57:08.446231
558,catO5_558.fits,2031-04-07 21:40:16.884695,2030-08-15 03:45:10.009305
559,catO5_559.fits,2034-12-20 12:11:06.568742,2028-02-07 09:36:03.489478
560,catO5_560.fits,2033-07-23 11:14:20.722339,2034-06-11 15:33:51.317199
561,catO5_561.fits,2028-11-22 22:06:05.847427,2031-04-06 01:36:57.730461
562,catO5_562.fits,2030-10-28 20:48:16.378636,2028-03-29 08:54:20.539845
563,catO5_563.fits,2028-06-22 08:14:49.786634,2029-02-26 10:14:57.073413
564,catO5_564.fits,2033-11-27 21:32:52.668861,2032-12-10 04:49:31.721592
565,catO5_565.fits,2033-07-30 16:59:56.586925,2032-05-10 14:46:41.437814
566,catO5_566.fits,2033-03-12 16:16:01.603546,2032-12-25 00:51:56.747350
567,catO5_567.fits,2028-10-11 04:59:27.023907,2034-08-20 08:08:30.217129
568,catO5_568.fits,2031-11-18 22:33:32.538577,2030-07-23 22:18:38.474066
569,catO5_569.fits,2033-12-05 08:38:35.226597,2029-05-16 13:16:03.365168
570,catO5_570.fits,2034-02-07 13:51:36.722720,2028-11-03 23:39:57.443173
571,catO5_571.fits,2030-02-13 14:57:59.328751,2029-01-07 00:22:08.523807
572,catO5_572.fits,2034-04-22 13:32:30.812520,2033-04-05 07:00:06.505223
573,catO5_573.fits,2033-09-05 09:35:42.784645,2034-04-29 21:36:34.736202
574,catO5_574.fits,2033-01-12 16:39:16.062907,2032-09-30 09:08:42.295748
575,catO5_575.fits,2033-01-11 03:38:45.377440,2031-07-05 13:23:21.284768
576,catO5_576.fits,2033-05-29 19:02:30.546648,2028-03-01 02:40:02.402924
577,catO5_577.fits,2032-08-13 09:51:02.779646,2029-01-21 13:14:10.136890
578,catO5_578.fits,2032-05-22 02:49:35.888632,2032-07-17 07:50:13.623569
579,catO5_579.fits,2032-10-18 12:55:35.227741,2032-05-22 07:21:01.501385
580,catO5_580.fits,2029-01-10 22:30:42.048119,2029-08-13 10:17:59.353074
581,catO5_581.fits,2028-09-21 05:44:02.601906,2030-02-09 19:19:04.829897
582,catO5_582.fits,2028-11-05 21:54:04.174395,2030-08-06 19:52:35.261992
583,catO5_583.fits,2031-09-07 02:13:06.880294,2031-12-22 01:42:58.918919
584,catO5_584.fits,2029-05-16 18:52:28.424420,2034-12-12 07:08:15.396776
585,catO5_585.fits,2028-11-02 05:40:26.758247,2033-09-13 15:29:16.863006
586,catO5_586.fits,2030-11-15 21:43:32.753198,2031-10-19 23:47:32.052798
587,catO5_587.fits,2033-11-27 20:49:41.272507,2030-06-28 20:29:24.125953
588,catO5_588.fits,2030-10-29 19:51:57.785891,2033-09-14 11:53:12.025692
589,catO5_589.fits,2028-01-05 20:46:33.688458,2033-03-09 10:39:01.172180
590,catO5_590.fits,2028-04-08 05:00:45.917838,2030-11-20 01:52:19.795225
591,catO5_591.fits,2028-09-06 04:09:36.386684,2033-08-31 21:01:34.224755
592,catO5_592.fits,2029-01-20 22:02:15.133506,2030-12-01 19:04:47.519062
593,catO5_593.fits,2034-03-17 13:42:05.448365,2029-01-22 18:23:57.947740
594,catO5_594.fits,2031-08-04 21:57:46.788045,2029-08-28 16:00:31.694663
595,catO5_595.fits,2029-02-05 00:16:21.929163,2031-11-26 00:03:51.382583
596,catO5_596.fits,2030-02-25 01:19:20.961410,2032-06-20 01:49:39.979138
597,catO5_597.fits,2031-10-28 22:54:24.114249,2031-07-06 22:35:46.733830
598,catO5_598.fits,2034-05-02 23:48:28.680564,2034-08-09 08:41:01.064413
599,catO5_599.fits,2030-05-09 03:37:41.497566,2028-05-27 14:57:00.291540
600,catO5_600.fits,2029-06-07 22:30:03.160371,2032-11-30 04:44:15.522634
601,catO5_601.fits,2030-10-09 00:39:12.636479,2030-12-16 16:01:37.874965
602,catO5_602.fits,2034-12-08 03:18:02.426097,2028-12-26 20:47:45.988672
603,catO5_603.fits,2031-04-27 04:56:03.280102,2033-07-01 12:57:12.495325
604,catO5_604.fits,2031-09-22 12:45:14.576507,2029-06-22 04:33:09.270276
605,catO5_605.fits,2032-10-26 22:30:30.612601,2034-11-07 23:06:20.127782
606,catO5_606.fits,2029-05-21 17:27:49.738692,2031-01-10 14:10:51.569173
607,catO5_607.fits,2030-01-06 15:08:42.262436,2032-06-01 11:48:26.489150
608,catO5_608.fits,2034-02-08 01:58:04.852798,2033-10-07 00:04:33.649915
609,catO5_609.fits,2031-05-04 15:17:40.143668,2031-09-19 20:56:40.363308
610,catO5_610.fits,2028-01-10 17:49:30.144406,2028-03-02 17:05:37.613291
611,catO5_611.fits,2033-06-27 10:48:56.885002,2030-02-10 08:59:19.058046
612,catO5_612.fits,2032-05-08 19:12:41.176786,2028-11-05 01:42:54.417521
613,catO5_613.fits,2028-10-06 02:22:22.712503,2032-04-26 17:54:11.131177
614,catO5_614.fits,2032-11-10 03:15:15.063977,2032-12-18 19:32:13.851042
615,catO5_615.fits,2028-07-10 00:28:00.545255,2029-03-08 21:16:54.691026
616,catO5_616.fits,2030-12-07 04:04:06.659962,2034-11-25 21:05:05.591681
617,catO5_617.fits,2033-04-02 21:50:50.265119,2029-03-29 03:15:49.563352
618,catO5_618.fits,2034-05-24 08:30:42.062603,2030-12-14 10:01:38.776079
619,catO5_619.fits,2032-02-13 21:24:56.157507,2029-12-29 05:38:10.370261
620,catO5_620.fits,2031-08-31 08:53:48.488221,2030-08-29 14:28:42.887297
621,catO5_621.fits,2032-07-26 05:08:58.851612,2034-01-24 15:15:28.965986
622,catO5_622.fits,2031-03-04 20:29:05.500274,2028-06-30 21:05:03.360476
623,catO5_623.fits,2034-11-10 11:17:21.559816,2031-11-15 12:47:30.833902
624,catO5_624.fits,2031-04-04 14:55:43.638381,2028-05-24 15:33:54.740411
625,catO5_625.fits,2028-10-30 16:05:45.498295,2032-03-05 11:05:28.075411
626,catO5_626.fits,2032-05-09 23:26:26.510714,2033-10-14 07:01:14.044418
627,catO5_627.fits,2033-06-12 18:09:28.103178,2034-10-20 12:09:28.044778
628,catO5_628.fits,2033-07-11 00:53:48.628957,2030-11-26 01:11:32.531951
629,catO5_629.fits,2031-11-16 06:52:48.064143,2029-05-14 04:44:31.120208
630,catO5_630.fits,2029-11-14 11:58:36.310814,2028-05-27 00:47:50.985420
631,catO5_631.fits,2030-02-01 03:27:22.013817,2033-02-05 21:31:02.706722
632,catO5_632.fits,2034-11-16 15:48:18.650291,2031-06-14 06:20:32.316550
633,catO5_633.fits,2031-11-06 18:40:03.927054,2028-05-14 08:01:20.728848
634,catO5_634.fits,2029-08-04 19:10:12.436455,2029-03-31 09:34:40.419818
635,catO5_635.fits,2029-07-08 09:23:43.809752,2028-08-24 00:38:51.073869
636,catO5_636.fits,2032-10-01 13:43:20.545216,2034-05-05 22:11:27.263891
637,catO5_637.fits,2034-01-26 11:22:56.371152,2034-11-04 06:12:12.075709
638,catO5_638.fits,2028-06-18 16:23:43.780366,2030-11-02 13:19:39.552865
639,catO5_639.fits,2031-05-24 11:24:55.060123,2028-07-03 14:52:27.353648
640,catO5_640.fits,2028-12-01 09:10:53.561996,2032-04-06 05:29:23.137494
641,catO5_641.fits,2034-06-24 12:16:59.718695,2032-08-01 21:46:42.510253
642,catO5_642.fits,2030-09-19 12:13:34.096872,2032-11-27 02:17:31.921216
643,catO5_643.fits,2028-08-20 11:10:26.833003,2028-04-21 07:35:32.555932
644,catO5_644.fits,2032-04-27 23:19:47.744568,2032-10-11 13:31:27.292746
645,catO5_645.fits,2028-12-09 13:56:35.710169,2030-12-09 21:25:17.706990
646,catO5_646.fits,2028-03-13 12:20:17.028040,2032-08-08 20:38:14.156984
647,catO5_647.fits,2031-04-30 17:00:44.295195,2032-01-02 00:34:23.915984
648,catO5_648.fits,2030-07-28 17:47:10.507502,2030-10-21 08:38:48.665608
649,catO5_649.fits,2034-07-07 21:27:28.292841,2029-11-11 09:56:03.846352
650,catO5_650.fits,2032-05-24 19:41:53.636253,2033-04-17 21:05:27.482133
651,catO5_651.fits,2032-07-18 06:57:48.128003,2034-12-17 03:47:05.091666
652,catO5_652.fits,2034-11-12 15:00:52.678339,2032-04-20 07:56:49.294815
653,catO5_653.fits,2028-02-15 08:10:36.348605,2028-06-02 08:28:09.861546
654,catO5_654.fits,2030-09-15 06:54:18.483434,2033-09-03 09:06:59.491293
655,catO5_655.fits,2028-02-03 15:05:51.898221,2029-01-16 11:56:56.959159
656,catO5_656.fits,2034-09-30 09:37:03.882814,2028-08-05 02:44:07.000977
657,catO5_657.fits,2030-01-08 17:01:43.409625,2028-12-29 22:49:17.118151
658,catO5_658.fits,2034-10-31 22:45:45.763362,2031-07-03 10:54:05.776583
659,catO5_659.fits,2034-07-22 16:59:21.346380,2029-07-15 22:37:49.110274
660,catO5_660.fits,2029-03-12 11:06:43.957737,2034-02-03 00:10:39.312832
661,catO5_661.fits,2032-07-09 12:31:49.326319,2032-05-29 22:58:59.474022
662,catO5_662.fits,2030-07-13 01:56:54.664213,2032-11-23 22:36:38.961712
663,catO5_663.fits,2030-12-17 08:38:50.367855,2030-12-22 12:55:04.298320
664,catO5_664.fits,2033-01-14 19:36:19.656597,2033-02-18 13:13:45.022598
665,catO5_665.fits,2031-03-14 05:16:22.149405,2028-10-16 14:08:55.404979
666,catO5_666.fits,2031-07-13 17:54:22.066108,2028-01-16 02:08:46.569540
667,catO5_667.fits,2029-07-26 00:18:41.026164,2030-08-12 19:32:28.892425
668,catO5_668.fits,2032-11-17 02:53:16.629097,2028-10-25 13:27:52.396780
669,catO5_669.fits,2031-04-13 10:14:49.162379,2034-12-03 07:13:34.380932
670,catO5_670.fits,2030-07-27 13:47:27.064776,2029-03-01 06:32:12.745361
671,catO5_671.fits,2034-06-24 08:57:22.879582,2033-01-20 11:35:16.342552
672,catO5_672.fits,2033-06-12 11:31:42.923147,2030-07-19 00:48:26.991233
673,catO5_673.fits,2034-06-28 01:53:19.283484,2028-04-14 14:59:16.440138
674,catO5_674.fits,2028-01-11 02:31:31.737785,2031-05-09 04:06:42.870203
675,catO5_675.fits,2031-09-18 16:36:39.100485,2033-03-22 04:51:52.070792
676,catO5_676.fits,2030-08-03 14:32:56.041968,2032-03-23 02:17:39.706664
677,catO5_677.fits,2032-06-02 18:37:46.348959,2032-12-02 22:50:12.487868
678,catO5_678.fits,2034-08-07 16:19:43.428246,2032-01-22 04:30:59.403558
679,catO5_679.fits,2033-07-12 11:54:54.477655,2033-12-31 21:45:01.677290
680,catO5_680.fits,2029-03-05 17:38:56.365905,2030-11-12 12:11:16.924900
681,catO5_681.fits,2031-05-06 11:31:32.363662,2031-05-31 00:03:08.783583
682,catO5_682.fits,2031-07-10 12:31:03.554699,2030-10-19 12:01:37.365983
683,catO5_683.fits,2030-08-14 23:08:18.827999,2031-09-24 07:01:48.366966
684,catO5_684.fits,2030-01-18 18:28:52.436011,2033-06-16 12:31:59.954507
685,catO5_685.fits,2033-12-21 12:14:42.159936,2029-07-22 03:45:56.086170
686,catO5_686.fits,2033-06-13 09:23:55.618720,2029-07-28 07:58:27.735157
687,catO5_687.fits,2034-08-30 21:48:01.485577,2032-01-15 06:00:23.510536
688,catO5_688.fits,2030-10-26 11:08:04.790444,2033-09-25 12:19:42.650133
689,catO5_689.fits,2030-11-14 18:53:29.491277,2033-11-14 17:18:48.675677
690,catO5_690.fits,2029-09-29 03:03:54.251343,2029-05-17 07:32:06.286397
691,catO5_691.fits,2030-11-06 11:12:06.199624,2030-05-22 23:32:29.285089
692,catO5_692.fits,2028-12-31 00:51:16.898555,2033-11-17 19:14:03.103873
693,catO5_693.fits,2034-05-31 02:50:17.031042,2033-06-21 06:13:00.909056
694,catO5_694.fits,2034-09-07 18:05:18.966214,2028-06-23 18:05:45.979892
695,catO5_695.fits,2030-12-21 02:22:08.168388,2028-11-03 06:52:55.510397
696,catO5_696.fits,2034-08-17 23:08:24.579154,2030-10-02 23:05:53.793003
697,catO5_697.fits,2030-11-11 15:17:32.830363,2033-04-01 02:26:47.595023
698,catO5_698.fits,2030-03-27 04:59:13.533838,2029-02-06 19:36:58.537061
699,catO5_699.fits,2032-10-24 23:36:30.021077,2031-04-09 17:47:24.515771
700,catO5_700.fits,2033-09-11 00:24:38.911889,2034-05-27 20:42:28.668874
701,catO5_701.fits,2034-11-14 20:48:03.157186,2030-07-03 20:06:41.385735
702,catO5_702.fits,2032-03-26 22:24:28.818969,2033-03-25 12:49:09.010838
703,catO5_703.fits,2033-09-11 01:49:12.856280,2031-06-02 03:13:37.611974
704,catO5_704.fits,2029-09-04 21:57:30.719924,2030-07-31 20:16:15.857016
705,catO5_705.fits,2032-03-31 12:55:23.645649,2030-02-14 16:03:23.876417
706,catO5_706.fits,2031-05-06 02:46:13.872215,2031-04-28 23:50:54.044508
707,catO5_707.fits,2030-10-12 10:23:09.433048,2029-12-07 13:59:46.610696
708,catO5_708.fits,2028-12-07 13:03:08.572356,2028-12-25 03:00:54.707193
709,catO5_709.fits,2028-05-08 09:46:19.693448,2032-05-17 11:39:01.223080
710,catO5_710.fits,2033-01-12 17:51:41.643406,2028-11-25 14:55:45.764225
711,catO5_711.fits,2031-07-19 00:43:14.710829,2028-11-24 22:27:37.345949
712,catO5_712.fits,2033-04-28 17:51:43.475554,2031-10-26 06:07:07.953868
713,catO5_713.fits,2030-12-07 17:15:21.505270,2032-08-29 23:38:14.532774
714,catO5_714.fits,2034-03-12 08:19:36.636238,2029-09-24 18:17:23.651666
715,catO5_715.fits,2033-03-25 03:15:27.799906,2028-12-20 05:12:23.005130
716,catO5_716.fits,2028-09-10 18:28:48.585497,2030-11-24 11:09:30.164438
717,catO5_717.fits,2033-04-07 15:51:52.464320,2034-11-19 14:16:23.851971
718,catO5_718.fits,2032-05-16 15:03:41.140108,2029-07-25 20:47:53.865352
719,catO5_719.fits,2030-01-21 00:22:08.348222,2029-12-24 21:04:41.504751
720,catO5_720.fits,2029-09-28 02:18:56.177541,2033-06-07 06:35:36.586142
721,catO5_721.fits,2030-09-28 14:53:27.301142,2032-07-09 12:59:58.140643
722,catO5_722.fits,2032-04-13 12:51:35.531904,2028-12-17 07:55:31.149103
723,catO5_723.fits,2030-12-21 14:14:50.621035,2034-07-23 12:52:06.298658
724,catO5_724.fits,2028-07-17 08:19:50.912673,2032-02-26 06:08:15.118444
725,catO5_725.fits,2031-10-25 22:47:13.923212,2034-03-11 23:40:03.652423
726,catO5_726.fits,2029-03-20 20:30:02.627569,2032-07-21 19:32:05.666259
727,catO5_727.fits,2033-03-31 09:27:42.150340,2033-01-13 11:15:06.799470
728,catO5_728.fits,2033-01-03 10:09:34.066439,2029-03-10 01:26:45.448310
729,catO5_729.fits,2033-12-02 14:27:15.178750,2034-05-14 04:06:40.793558
730,catO5_730.fits,2030-03-06 14:27:38.662734,2029-10-14 08:51:41.961590
731,catO5_731.fits,2030-12-02 04:03:54.181217,2034-02-12 06:57:57.844409
732,catO5_732.fits,2034-05-08 10:44:43.929725,2030-05-13 03:32:07.991304
733,catO5_733.fits,2028-08-31 13:25:23.600654,2032-09-10 08:25:23.688299
734,catO5_734.fits,2028-12-26 23:28:56.196538,2031-05-02 09:24:43.402679
735,catO5_735.fits,2028-04-12 13:42:59.023149,2033-02-06 10:57:08.325622
736,catO5_736.fits,2029-12-12 20:22:09.018624,2030-05-05 19:45:03.515625
737,catO5_737.fits,2031-09-03 02:22:20.020972,2031-06-02 18:10:28.399253
738,catO5_738.fits,2029-11-07 02:00:56.220899,2032-04-26 03:11:00.961924
739,catO5_739.fits,2028-03-14 21:33:02.273903,2031-11-10 04:23:15.153973
740,catO5_740.fits,2033-05-23 23:48:25.152094,2032-02-09 08:22:19.210435
741,catO5_741.fits,2028-11-03 04:09:11.354031,2033-01-11 07:19:01.731282
742,catO5_742.fits,2034-11-25 12:41:39.398514,2032-04-27 19:27:12.533990
743,catO5_743.fits,2032-11-18 15:23:31.180522,2034-02-24 16:44:14.212494
744,catO5_744.fits,2033-07-17 10:45:58.599918,2032-06-26 01:02:21.603480
745,catO5_745.fits,2028-12-25 13:17:30.161445,2032-04-23 05:41:45.060846
746,catO5_746.fits,2030-09-05 20:37:30.511530,2030-11-30 16:41:55.415779
747,catO5_747.fits,2034-07-16 05:04:18.816706,2032-05-20 10:07:45.749186
748,catO5_748.fits,2033-07-06 20:58:07.214989,2028-05-15 00:35:19.845161
749,catO5_749.fits,2030-10-08 10:07:36.468451,2029-10-31 19:24:31.363793
750,catO5_750.fits,2032-07-04 00:53:11.433575,2030-07-19 22:55:50.490133
751,catO5_751.fits,2033-05-05 08:15:05.927247,2029-05-28 00:35:27.042392
752,catO5_752.fits,2033-10-26 21:43:20.181599,2030-01-08 19:39:59.142983
753,catO5_753.fits,2029-04-25 19:23:06.672129,2034-05-21 20:41:39.919732
754,catO5_754.fits,2034-03-20 23:47:56.014400,2031-01-12 13:31:45.084160
755,catO5_755.fits,2034-11-30 16:21:59.140666,2030-02-27 17:57:28.103848
756,catO5_756.fits,2031-12-14 01:37:14.392989,2029-04-09 11:58:33.126839
757,catO5_757.fits,2034-08-04 21:05:36.022755,2031-09-03 18:54:23.479964
758,catO5_758.fits,2028-05-20 05:50:09.881052,2030-06-17 01:54:29.404083
759,catO5_759.fits,2031-02-09 14:51:43.341232,2033-10-09 19:48:26.471089
760,catO5_760.fits,2031-01-28 11:04:47.254192,2031-03-08 23:20:51.278289
761,catO5_761.fits,2030-12-05 14:35:05.389570,2032-07-31 16:14:10.211721
762,catO5_762.fits,2032-07-27 20:46:51.590157,2029-09-23 07:46:44.386044
763,catO5_763.fits,2033-02-15 21:20:09.190292,2031-04-22 13:15:34.380083
764,catO5_764.fits,2030-01-21 06:49:07.738149,2032-06-30 06:54:48.997481
765,catO5_765.fits,2031-04-28 01:54:30.402587,2031-01-20 11:41:11.431304
766,catO5_766.fits,2029-01-22 19:01:50.602617,2031-03-18 23:42:23.829855
767,catO5_767.fits,2033-07-20 14:10:26.041460,2032-02-21 02:39:56.267547
768,catO5_768.fits,2030-05-03 09:37:14.024084,2032-05-03 13:06:27.673090
769,catO5_769.fits,2030-06-07 06:49:48.680353,2032-07-08 02:07:56.884173
770,catO5_770.fits,2031-04-29 22:16:29.666404,2029-11-30 18:12:22.536410
771,catO5_771.fits,2030-10-22 17:51:48.099977,2033-05-21 10:00:04.154572
772,catO5_772.fits,2028-01-28 00:38:22.077110,2034-07-07 21:04:03.265911
773,catO5_773.fits,2030-09-03 20:54:31.829129,2032-02-11 07:40:11.656103
774,catO5_774.fits,2030-12-25 03:22:58.375952,2034-05-20 20:56:44.917813
775,catO5_775.fits,2028-12-29 05:14:06.318798,2030-06-23 11:50:33.956964
776,catO5_776.fits,2030-06-08 19:09:14.885021,2034-03-21 20:36:50.893974
777,catO5_777.fits,2029-08-06 10:23:42.500782,2028-01-16 08:02:23.460004
778,catO5_778.fits,2030-12-19 00:36:06.454194,2028-03-25 15:20:02.616549
779,catO5_779.fits,2034-08-01 22:35:34.916899,2028-01-17 04:21:50.377777
780,catO5_780.fits,2029-09-10 15:02:25.778701,2034-01-08 00:15:38.157072
781,catO5_781.fits,2033-01-08 06:01:24.029005,2030-03-11 23:34:28.888640
782,catO5_782.fits,2030-08-22 02:28:38.325279,2033-10-14 09:46:32.335790
783,catO5_783.fits,2029-10-04 21:47:07.976655,2033-05-29 10:35:37.972553
784,catO5_784.fits,2030-10-24 15:36:46.952243,2029-08-09 08:25:10.107330
785,catO5_785.fits,2029-01-04 15:11:24.895835,2029-05-29 16:44:09.095916
786,catO5_786.fits,2029-06-16 02:17:38.254514,2033-01-10 04:49:03.763539
787,catO5_787.fits,2028-10-11 14:55:52.921453,2029-08-04 09:43:00.267056
788,catO5_788.fits,2033-01-18 15:36:27.229650,2029-09-07 00:34:40.628501
789,catO5_789.fits,2028-11-25 08:27:17.788601,2030-04-30 11:09:46.738423
790,catO5_790.fits,2032-07-18 12:42:59.099415,2033-05-27 08:38:07.701189
791,catO5_791.fits,2028-04-20 19:04:47.989277,2029-12-03 05:50:47.514291
792,catO5_792.fits,2031-04-14 09:13:00.501905,2032-07-26 03:16:48.116975
793,catO5_793.fits,2028-02-18 18:13:36.829041,2032-07-20 17:19:44.199455
794,catO5_794.fits,2034-04-17 00:33:33.938326,2029-08-08 19:06:13.910126
795,catO5_795.fits,2033-06-16 23:12:19.632558,2033-06-01 04:11:51.393818
796,catO5_796.fits,2034-01-10 23:53:24.860063,2034-11-22 02:24:48.747466
797,catO5_797.fits,2034-10-18 20:54:07.844991,2028-02-15 10:09:21.040736
798,catO5_798.fits,2032-01-15 04:34:34.409583,2029-03-05 18:12:13.946450
799,catO5_799.fits,2034-07-25 21:44:17.195329,2033-07-04 08:20:04.054034
800,catO5_800.fits,2033-11-13 08:40:50.377488,2034-10-26 02:22:26.782448
801,catO5_801.fits,2028-01-15 09:25:59.505535,2033-02-25 08:33:17.443909
802,catO5_802.fits,2029-07-28 20:17:02.036604,2030-07-26 11:28:09.939891
803,catO5_803.fits,2030-09-20 03:01:42.983804,2029-10-07 18:17:03.627383
804,catO5_804.fits,2031-11-22 12:10:52.642127,2028-09-24 00:44:24.646780
805,catO5_805.fits,2028-04-18 14:48:17.122561,2029-06-04 18:08:41.373341
806,catO5_806.fits,2034-03-12 23:10:42.698128,2034-12-10 13:57:09.731333
807,catO5_807.fits,2030-07-06 12:40:05.112840,2033-04-28 18:36:21.128825
808,catO5_808.fits,2034-03-06 17:09:26.613865,2031-04-26 07:32:17.296380
809,catO5_809.fits,2029-12-16 23:01:00.894213,2031-12-30 15:04:27.177780
810,catO5_810.fits,2032-02-19 11:09:38.449685,2029-09-02 18:25:01.774182
811,catO5_811.fits,2028-10-25 13:02:35.024024,2029-10-31 17:35:24.007009
812,catO5_812.fits,2033-11-27 11:54:26.751407,2034-08-19 13:39:30.190009
813,catO5_813.fits,2032-01-13 00:06:55.509145,2034-06-05 05:10:39.088437
814,catO5_814.fits,2030-02-23 14:59:06.086462,2030-11-11 01:41:45.447795
815,catO5_815.fits,2029-06-11 12:44:21.024347,2032-01-26 05:07:20.786084
816,catO5_816.fits,2032-05-22 11:11:56.641101,2033-10-14 04:09:38.894295
817,catO5_817.fits,2029-12-14 12:04:53.208258,2032-11-07 20:07:44.013532
818,catO5_818.fits,2032-08-28 08:37:12.192778,2031-10-16 13:37:03.635244
819,catO5_819.fits,2034-01-14 15:23:21.248287,2029-11-24 13:00:49.335369
820,catO5_820.fits,2030-08-16 08:45:51.398339,2033-07-24 16:35:22.298292
821,catO5_821.fits,2028-08-10 09:29:10.916765,2029-11-07 21:13:39.231353
822,catO5_822.fits,2033-06-11 00:55:28.752733,2028-02-27 06:24:43.754246
823,catO5_823.fits,2029-06-05 05:13:52.532175,2032-04-24 23:16:52.940811
824,catO5_824.fits,2034-01-16 00:05:14.932711,2033-11-18 21:42:44.491439
825,catO5_825.fits,2030-07-08 22:06:06.351839,2034-08-31 08:22:26.213450
826,catO5_826.fits,2032-04-24 05:41:06.521459,2033-10-03 14:07:25.589298
827,catO5_827.fits,2032-01-30 00:31:38.740991,2033-10-11 11:07:10.989843
828,catO5_828.fits,2032-06-03 02:38:34.404519,2030-02-15 20:56:00.075348
829,catO5_829.fits,2028-03-10 13:09:15.034117,2030-05-02 15:26:07.642215
830,catO5_830.fits,2034-10-02 04:42:56.115999,2028-02-07 21:58:12.012975
831,catO5_831.fits,2029-05-15 22:59:30.019192,2033-07-07 19:49:24.682887
832,catO5_832.fits,2031-04-17 02:37:51.614790,2034-10-19 22:37:30.417735
833,catO5_833.fits,2029-12-24 06:51:09.578881,2032-11-26 16:55:18.784977
834,catO5_834.fits,2028-08-06 10:00:06.072566,2034-05-19 00:07:32.204083
835,catO5_835.fits,2029-02-08 15:39:50.652723,2029-08-05 09:13:01.909081
836,catO5_836.fits,2031-11-15 09:58:20.687064,2034-04-06 13:16:49.069446
837,catO5_837.fits,2030-02-19 01:12:58.585595,2034-05-04 17:28:49.050928
838,catO5_838.fits,2029-10-01 08:00:36.808421,2032-03-27 04:13:59.207290
839,catO5_839.fits,2033-03-30 11:31:59.861946,2030-02-09 09:22:12.444476
840,catO5_840.fits,2034-11-18 22:52:48.467762,2030-04-14 23:08:51.923438
841,catO5_841.fits,2032-08-09 03:53:54.488370,2033-04-19 19:24:04.829617
842,catO5_842.fits,2034-03-04 15:57:32.761455,2032-04-18 23:58:11.278673
843,catO5_843.fits,2030-05-26 06:30:16.335964,2032-07-14 19:36:13.912478
844,catO5_844.fits,2031-02-18 15:52:47.160055,2029-12-18 00:35:22.929367
845,catO5_845.fits,2032-03-15 07:40:32.676783,2034-01-05 01:28:35.254662
846,catO5_846.fits,2030-02-25 21:47:13.414455,2031-04-16 13:23:58.442271
847,catO5_847.fits,2034-01-21 05:38:38.131366,2029-09-16 11:09:59.484508
848,catO5_848.fits,2033-08-15 16:30:28.355337,2032-03-07 06:48:41.922482
849,catO5_849.fits,2032-06-19 06:21:29.183294,2029-01-13 08:02:55.453983
850,catO5_850.fits,2032-12-26 02:15:26.090961,2028-02-23 19:26:19.706877
851,catO5_851.fits,2033-05-04 08:54:39.002694,2032-04-10 14:45:43.237568
852,catO5_852.fits,2029-04-07 00:00:41.838772,2028-05-22 21:15:45.528525
853,catO5_853.fits,2032-05-15 12:51:19.572611,2028-07-06 09:15:54.236818
854,catO5_854.fits,2034-02-03 03:39:01.969790,2032-02-29 03:58:01.594846
855,catO5_855.fits,2032-02-01 07:24:41.165770,2030-07-03 05:50:53.050210
856,catO5_856.fits,2031-12-22 14:55:35.119765,2030-12-29 09:27:13.913990
857,catO5_857.fits,2030-11-12 10:14:48.962952,2033-09-21 19:29:49.294134
858,catO5_858.fits,2030-10-24 17:35:44.076455,2033-09-11 01:05:43.240883
859,catO5_859.fits,2033-07-27 13:23:55.851287,2032-09-03 13:09:48.529332
860,catO5_860.fits,2034-03-16 02:15:15.246774,2029-02-22 08:48:56.606213
861,catO5_861.fits,2033-12-03 17:27:18.017720,2030-10-18 01:56:57.578360
862,catO5_862.fits,2029-04-25 22:38:23.048275,2028-04-10 01:28:58.347433
863,catO5_863.fits,2030-11-28 02:09:04.077340,2033-09-08 02:27:35.006380
864,catO5_864.fits,2029-06-27 05:44:43.836552,2029-04-13 21:50:18.745148
865,catO5_865.fits,2030-04-21 04:31:53.204638,2033-10-10 16:36:45.991372
866,catO5_866.fits,2030-08-25 11:09:53.553292,2032-09-12 01:26:59.498061
867,catO5_867.fits,2029-03-08 14:24:40.699650,2030-06-22 22:55:28.541161
868,catO5_868.fits,2028-04-04 10:56:57.522096,2031-02-23 14:33:02.244442
869,catO5_869.fits,2029-11-30 23:45:25.070440,2029-01-17 18:36:55.261410
870,catO5_870.fits,2031-01-27 18:58:55.306496,2029-12-05 23:34:24.188857
871,catO5_871.fits,2034-05-09 02:45:29.868891,2032-06-03 22:14:49.486264
872,catO5_872.fits,2028-03-23 18:33:30.971646,2032-08-18 00:09:06.396421
873,catO5_873.fits,2032-05-23 03:36:03.446750,2029-06-04 10:13:30.839477
874,catO5_874.fits,2029-02-12 08:08:01.934854,2030-05-04 17:32:00.083387
875,catO5_875.fits,2031-04-03 02:51:38.764414,2033-07-03 17:55:26.579738
876,catO5_876.fits,2033-12-10 12:22:09.101378,2029-03-01 06:13:21.744356
877,catO5_877.fits,2028-12-04 07:48:20.340636,2030-12-23 15:57:07.186584
878,catO5_878.fits,2031-07-18 07:04:31.255357,2034-08-18 10:53:35.257959
879,catO5_879.fits,2033-05-05 15:42:05.397785,2032-04-04 15:27:44.684607
880,catO5_880.fits,2034-05-30 13:15:43.450332,2034-10-02 04:24:11.048055
881,catO5_881.fits,2028-07-11 09:31:36.669185,2032-07-09 23:51:07.758045
882,catO5_882.fits,2029-04-18 00:20:47.742704,2034-07-27 02:35:55.063989
883,catO5_883.fits,2029-08-07 16:51:57.507627,2029-08-02 02:09:56.990238
884,catO5_884.fits,2032-06-16 06:26:03.737943,2030-08-10 09:57:37.462749
885,catO5_885.fits,2031-08-24 08:56:55.966479,2034-10-04 21:26:11.861133
886,catO5_886.fits,2031-12-17 08:01:25.945456,2031-04-02 04:44:47.859899
887,catO5_887.fits,2028-12-01 10:21:53.015761,2030-05-21 11:14:39.402488
888,catO5_888.fits,2034-04-20 09:56:17.610167,2028-02-22 06:09:38.827725
889,catO5_889.fits,2034-12-01 12:38:08.650713,2029-08-22 06:35:36.038678
890,catO5_890.fits,2028-10-26 17:40:28.587893,2032-03-23 05:47:22.936216
891,catO5_891.fits,2028-07-20 20:45:29.500341,2031-11-17 13:55:09.769738
892,catO5_892.fits,2034-02-15 07:21:23.187687,2030-11-02 21:37:46.206208
893,catO5_893.fits,2034-11-14 23:31:33.060281,2034-05-22 08:37:08.864148
894,catO5_894.fits,2030-07-10 19:31:14.631078,2029-11-28 13:36:46.643673
895,catO5_895.fits,2034-03-25 02:12:04.873044,2033-05-31 20:35:46.580924
896,catO5_896.fits,2034-10-21 07:20:17.412518,2033-01-18 01:48:04.256439
897,catO5_897.fits,2028-07-24 08:27:10.604567,2029-01-10 15:41:13.568653
898,catO5_898.fits,2032-08-05 03:44:04.709158,2028-03-01 08:47:47.932959
899,catO5_899.fits,2028-12-24 15:31:52.761440,2031-07-30 10:54:05.673013
900,catO5_900.fits,2028-12-31 21:57:08.596451,2032-06-26 02:41:40.204988
901,catO5_901.fits,2034-03-14 21:34:03.830087,2032-11-09 07:42:09.901621
902,catO5_902.fits,2029-09-17 19:42:50.760219,2029-02-10 02:10:08.159832
903,catO5_903.fits,2034-05-22 16:23:52.693543,2033-09-08 17:51:07.903188
904,catO5_904.fits,2029-03-29 11:06:32.080475,2028-12-04 21:01:56.125508
905,catO5_905.fits,2029-05-28 00:58:56.435406,2030-09-29 08:24:11.654574
906,catO5_906.fits,2031-01-20 11:16:51.422839,2030-12-22 04:21:33.919397
907,catO5_907.fits,2029-03-03 17:58:18.774308,2030-10-16 21:44:48.250308
908,catO5_908.fits,2034-11-02 01:20:56.299975,2033-12-12 22:55:42.591823
909,catO5_909.fits,2030-08-06 23:34:32.867125,2032-04-20 23:06:23.801007
910,catO5_910.fits,2028-07-02 04:20:15.564210,2032-12-15 18:32:51.336646
911,catO5_911.fits,2034-05-23 19:44:55.158047,2031-07-03 13:20:40.012405
912,catO5_912.fits,2030-12-21 08:21:06.372323,2034-08-06 15:01:57.508282
913,catO5_913.fits,2034-01-08 11:00:39.911256,2028-11-07 01:05:52.486441
914,catO5_914.fits,2032-02-18 02:21:10.171912,2033-11-11 15:39:54.241264
915,catO5_915.fits,2034-07-13 08:53:50.081607,2031-08-12 13:55:34.321015
916,catO5_916.fits,2028-10-26 11:08:04.620834,2033-07-20 13:18:00.192883
917,catO5_917.fits,2034-08-03 21:46:59.738977,2032-07-08 18:28:14.674093
918,catO5_918.fits,2034-01-01 03:39:04.268008,2030-06-30 21:04:05.724125
919,catO5_919.fits,2030-06-15 04:59:50.365124,2030-12-17 19:55:30.386708
920,catO5_920.fits,2029-02-04 13:44:01.337199,2028-11-23 02:52:01.201150
921,catO5_921.fits,2028-10-29 20:36:19.986852,2034-09-09 17:48:34.521758
922,catO5_922.fits,2034-03-05 17:38:00.987641,2033-11-19 03:05:14.729908
923,catO5_923.fits,2033-06-25 00:49:57.080055,2033-02-21 03:15:41.782759
924,catO5_924.fits,2034-02-04 18:47:36.544467,2032-06-07 11:15:48.721591
925,catO5_925.fits,2028-09-23 02:07:59.896973,2030-06-15 07:05:45.782052
926,catO5_926.fits,2032-05-27 09:41:35.073893,2032-06-24 18:28:47.050852
927,catO5_927.fits,2032-04-13 05:21:19.579685,2034-05-06 00:04:23.503313
928,catO5_928.fits,2031-11-22 05:39:27.099149,2033-02-10 12:57:45.493531
929,catO5_929.fits,2034-03-30 19:53:21.244734,2031-12-28 23:08:55.149997
930,catO5_930.fits,2032-04-15 11:22:53.392893,2030-07-16 17:00:43.761909
931,catO5_931.fits,2028-01-23 20:39:25.634541,2032-09-26 05:41:54.515353
932,catO5_932.fits,2028-12-11 20:18:50.600100,2032-07-25 15:34:58.656565
933,catO5_933.fits,2030-06-30 10:15:39.450161,2031-11-06 13:07:25.162416
934,catO5_934.fits,2033-11-09 13:01:56.572402,2033-10-05 05:46:56.844167
935,catO5_935.fits,2032-04-17 13:48:35.739731,2032-09-24 08:53:22.592734
936,catO5_936.fits,2031-09-21 05:12:42.866508,2032-10-14 22:29:19.049585
937,catO5_937.fits,2030-03-08 08:54:40.045962,2034-01-06 23:28:35.921269
938,catO5_938.fits,2031-11-21 14:20:29.798952,2034-04-19 00:19:52.850248
939,catO5_939.fits,2032-03-18 01:53:32.999414,2030-10-14 00:09:30.436221
940,catO5_940.fits,2029-11-15 05:55:55.715822,2034-03-22 15:32:57.377676
941,catO5_941.fits,2028-10-07 14:21:40.431052,2030-12-03 21:43:15.238236
942,catO5_942.fits,2030-07-02 17:54:35.802235,2032-11-30 08:45:30.024180
943,catO5_943.fits,2028-09-04 16:30:27.078285,2031-06-20 01:22:54.359821
944,catO5_944.fits,2034-02-20 14:58:56.473943,2032-09-21 15:18:20.777551
945,catO5_945.fits,2029-11-19 21:39:35.831985,2028-04-24 16:03:42.448272
946,catO5_946.fits,2029-06-06 00:29:42.651394,2031-05-01 04:12:13.292134
947,catO5_947.fits,2028-05-12 20:25:20.067834,2029-02-09 12:19:42.629371
948,catO5_948.fits,2033-06-30 09:13:20.134137,2033-06-03 11:12:26.826555
949,catO5_949.fits,2032-08-29 17:25:53.748419,2028-12-21 03:26:41.820816
950,catO5_950.fits,2030-10-24 14:21:08.919821,2029-08-19 10:10:52.455122
951,catO5_951.fits,2030-11-27 21:15:40.100132,2032-09-25 03:26:07.199570
952,catO5_952.fits,2032-09-21 21:11:07.871083,2032-07-11 07:14:05.554905
953,catO5_953.fits,2032-06-18 09:42:23.931070,2029-11-02 22:22:16.214898
954,catO5_954.fits,2034-07-24 02:09:37.594938,2034-05-12 14:11:04.432868
955,catO5_955.fits,2030-07-12 06:50:18.223956,2033-10-07 15:57:29.954633
956,catO5_956.fits,2031-12-06 17:06:59.502779,2030-06-30 17:22:35.504880
957,catO5_957.fits,2034-08-31 19:00:54.383807,2029-12-15 05:20:36.724576
958,catO5_958.fits,2031-06-16 19:39:50.962616,2033-09-06 03:03:07.366941
959,catO5_959.fits,2029-10-16 11:04:14.094536,2030-03-20 00:34:46.183985
960,catO5_960.fits,2030-07-22 14:26:15.901173,2034-06-28 13:20:56.383322
961,catO5_961.fits,2031-07-16 14:24:50.843995,2034-10-10 23:16:50.553977
962,catO5_962.fits,2028-08-21 19:18:44.065163,2030-01-29 04:30:39.686355
963,catO5_963.fits,2029-11-10 13:28:59.311481,2033-12-19 04:44:47.013275
964,catO5_964.fits,2034-07-21 11:04:47.879651,2034-09-19 04:35:42.402335
965,catO5_965.fits,2032-12-11 23:53:56.831007,2031-09-10 06:29:04.634297
966,catO5_966.fits,2031-08-10 23:04:18.911001,2028-03-12 01:16:37.642023
967,catO5_967.fits,2028-10-03 10:39:15.719534,2028-09-30 22:28:20.253465
968,catO5_968.fits,2034-12-17 10:33:06.762514,2034-10-13 16:22:01.646889
969,catO5_969.fits,2030-11-13 05:18:50.970132,2033-10-24 15:09:07.720971
970,catO5_970.fits,2030-01-11 21:54:48.777807,2031-11-26 06:16:29.478894
971,catO5_971.fits,2033-02-11 12:28:25.649133,2028-12-14 23:18:42.465372
972,catO5_972.fits,2028-09-27 04:00:33.808501,2032-03-13 16:19:46.628616
973,catO5_973.fits,2034-10-29 00:47:32.732985,2028-07-22 09:12:24.989832
974,catO5_974.fits,2032-06-20 18:26:19.854520,2031-01-27 17:47:31.987757
975,catO5_975.fits,2029-04-22 05:04:48.860268,2033-07-16 13:07:05.538667
976,catO5_976.fits,2033-08-17 05:49:00.774373,2034-11-08 03:53:37.584762
977,catO5_977.fits,2033-11-28 17:28:23.747452,2034-06-20 12:47:07.685885
978,catO5_978.fits,2032-08-03 16:16:17.329140,2033-06-04 04:01:01.048981
979,catO5_979.fits,2030-03-24 21:51:10.817772,2033-10-27 02:27:32.319578
980,catO5_980.fits,2031-06-20 14:27:06.513356,2032-09-20 00:58:24.326722
981,catO5_981.fits,2028-02-01 06:32:26.084194,2030-11-17 15:34:54.073506
982,catO5_982.fits,2030-05-08 06:12:18.578205,2032-08-12 19:58:20.481815
983,catO5_983.fits,2031-12-04 16:49:48.697168,2031-07-04 06:39:15.259386
984,catO5_984.fits,2031-12-10 15:08:27.287817,2034-04-10 01:57:01.074479
985,catO5_985.fits,2030-11-04 06:05:03.462221,2030-09-23 18:33:48.171052
986,catO5_986.fits,2033-08-30 05:06:50.316638,2032-12-04 20:23:07.998038
987,catO5_987.fits,2033-09-21 23:56:21.940150,2028-11-17 10:54:24.439159
988,catO5_988.fits,2030-10-06 05:39:02.280102,2029-02-15 15:15:51.888097
989,catO5_989.fits,2031-02-21 03:08:51.243634,2032-09-09 06:16:24.870188
990,catO5_990.fits,2029-07-03 04:34:39.967107,2030-01-19 16:48:33.595892
991,catO5_991.fits,2034-01-15 16:52:52.236135,2030-11-08 09:28:16.068972
992,catO5_992.fits,2032-01-23 09:43:29.328810,2029-01-29 12:54:33.007428
993,catO5_993.fits,2029-05-21 01:43:38.000250,2030-07-10 14:21:08.638536
994,catO5_994.fits,2034-03-22 15:55:51.742425,2029-12-07 13:52:10.345855
995,catO5_995.fits,2034-05-01 06:13:31.117585,2031-10-02 01:25:15.289749
996,catO5_996.fits,2029-06-02 13:00:47.366989,2030-10-17 15:52:08.956275
997,catO5_997.fits,2030-05-14 09:48:44.517005,2034-01-13 10:32:22.310686
998,catO5_998.fits,2029-09-08 12:46:39.534684,2028-07-14 05:27:24.157514
999,catO5_999.fits,2029-02-04 00:14:34.787876,2029-04-10 06:11:23.725683
1000,catO5_1000.fits,2029-05-17 00:01:39.491618,2031-02-26 04:24:41.391182
1001,catO5_1001.fits,2031-01-02 00:24:51.605311,2033-01-10 00:58:53.750935
1002,catO5_1002.fits,2028-10-14 22:50:38.646177,2034-10-06 02:08:46.988458
1003,catO5_1003.fits,2031-04-10 07:41:58.671530,2031-02-18 22:32:34.662941
1004,catO5_1004.fits,2030-03-24 17:46:10.488727,2031-08-08 15:53:56.145004
1005,catO5_1005.fits,2030-11-26 23:18:35.270807,2033-07-04 17:55:56.800813
1006,catO5_1006.fits,2029-03-05 12:19:22.472163,2031-10-08 04:15:11.411415
1007,catO5_1007.fits,2033-04-04 22:39:23.943264,2034-02-02 11:42:25.965193
1008,catO5_1008.fits,2030-08-05 22:52:53.789665,2028-08-14 02:47:42.898576
1009,catO5_1009.fits,2031-05-04 09:15:28.519846,2030-11-27 08:50:30.068049
1010,catO5_1010.fits,2034-09-23 02:11:24.328012,2034-04-27 00:21:37.550751
1011,catO5_1011.fits,2031-03-14 06:59:58.755785,2031-10-08 05:32:47.341725
1012,catO5_1012.fits,2030-04-17 03:33:10.792090,2029-10-12 01:38:31.690091
1013,catO5_1013.fits,2032-05-27 06:19:05.325071,2031-03-15 18:23:00.181123
1014,catO5_1014.fits,2028-04-23 08:02:42.082930,2030-01-14 10:12:03.558920
1015,catO5_1015.fits,2030-02-27 16:21:45.938678,2031-01-17 17:35:44.312834
1016,catO5_1016.fits,2031-04-01 08:10:29.336052,2031-03-26 20:07:20.361782
1017,catO5_1017.fits,2031-08-04 03:40:00.905670,2029-04-02 11:13:42.339409
1018,catO5_1018.fits,2033-01-25 21:09:36.145995,2034-09-10 22:47:03.524936
1019,catO5_1019.fits,2029-01-04 15:28:54.517380,2030-08-04 03:16:10.603153
1020,catO5_1020.fits,2031-05-12 22:12:52.575049,2032-10-14 10:54:51.522404
1021,catO5_1021.fits,2032-07-09 20:44:50.089079,2032-03-21 18:54:57.226148
1022,catO5_1022.fits,2028-03-19 21:47:50.122351,2030-05-24 14:12:24.397079
1023,catO5_1023.fits,2030-10-29 20:31:37.082045,2029-04-18 02:08:43.193346
1024,catO5_1024.fits,2034-09-01 21:04:20.354707,2031-01-31 18:26:33.047696
1025,catO5_1025.fits,2034-12-05 09:55:25.821470,2030-11-01 09:09:57.499799
1026,catO5_1026.fits,2033-12-17 17:24:37.057640,2029-06-09 23:59:56.673468
1027,catO5_1027.fits,2028-10-23 13:23:08.519001,2033-08-02 01:39:05.333833
1028,catO5_1028.fits,2031-01-28 04:34:11.766706,2033-07-05 07:35:15.746032
1029,catO5_1029.fits,2034-05-29 11:24:00.275139,2029-06-26 11:19:06.303312
1030,catO5_1030.fits,2031-01-13 13:38:27.151093,2034-11-13 15:19:52.219144
1031,catO5_1031.fits,2032-10-12 05:42:22.647137,2028-09-17 07:25:10.751846
1032,catO5_1032.fits,2033-09-09 02:11:18.010922,2030-06-01 04:24:17.113141
1033,catO5_1033.fits,2032-01-11 04:35:00.509338,2028-12-19 12:00:06.421507
1034,catO5_1034.fits,2028-06-18 17:46:31.911123,2032-09-14 22:02:09.878800
1035,catO5_1035.fits,2033-09-16 08:27:41.880931,2032-06-21 22:34:02.463090
1036,catO5_1036.fits,2028-11-07 04:10:28.674161,2028-11-04 10:48:46.606457
1037,catO5_1037.fits,2034-10-10 12:29:37.103078,2031-08-02 07:43:00.105200
1038,catO5_1038.fits,2032-05-09 19:41:21.195883,2031-01-15 06:18:24.454809
1039,catO5_1039.fits,2031-04-26 17:59:53.531009,2032-12-23 15:31:03.956966
1040,catO5_1040.fits,2034-10-20 02:44:35.041269,2031-05-18 16:58:39.374310
1041,catO5_1041.fits,2032-10-27 09:36:47.581242,2030-03-03 08:13:57.224471
1042,catO5_1042.fits,2031-11-21 11:30:51.306139,2034-03-27 17:13:02.686470
1043,catO5_1043.fits,2033-06-12 12:41:53.864429,2033-09-20 08:56:33.150297
1044,catO5_1044.fits,2030-01-21 14:44:05.718043,2028-04-25 11:59:15.831539
1045,catO5_1045.fits,2032-07-17 01:45:08.737195,2032-10-28 23:01:01.869774
1046,catO5_1046.fits,2033-05-13 05:14:10.352390,2029-08-25 02:08:34.336896
1047,catO5_1047.fits,2029-06-08 12:58:22.185624,2034-11-21 19:12:39.616906
1048,catO5_1048.fits,2033-11-01 01:40:26.887625,2029-11-10 07:26:32.222011
1049,catO5_1049.fits,2033-07-29 04:18:42.998660,2032-10-26 13:19:06.144552
1050,catO5_1050.fits,2030-05-22 03:14:47.861135,2028-10-01 05:21:11.351978
1051,catO5_1051.fits,2030-04-29 22:12:13.087126,2028-07-18 03:09:56.329096
1052,catO5_1052.fits,2031-12-12 05:02:11.093025,2028-07-27 03:22:28.751845
1053,catO5_1053.fits,2030-03-29 18:48:14.287126,2030-10-27 16:25:38.880408
1054,catO5_1054.fits,2034-10-09 16:03:07.940006,2030-03-13 02:20:46.778997
1055,catO5_1055.fits,2033-06-30 11:28:16.655739,2034-05-30 23:42:33.428404
1056,catO5_1056.fits,2033-01-15 23:33:12.521793,2030-05-25 03:33:52.055432
1057,catO5_1057.fits,2034-12-28 15:36:18.069099,2031-02-25 02:25:47.224845
1058,catO5_1058.fits,2029-10-25 11:09:39.420032,2030-04-15 11:57:57.116169
1059,catO5_1059.fits,2029-05-14 05:10:22.320378,2033-09-20 20:38:53.017467
1060,catO5_1060.fits,2034-09-02 22:32:42.804980,2032-11-09 17:55:44.816657
1061,catO5_1061.fits,2030-07-30 01:32:07.522662,2029-06-29 17:22:33.763116
1062,catO5_1062.fits,2028-07-11 03:20:46.953320,2029-06-23 03:16:33.586306
1063,catO5_1063.fits,2034-02-24 16:59:10.625463,2029-06-14 23:44:16.836797
1064,catO5_1064.fits,2030-02-10 04:19:50.847404,2031-08-31 20:31:39.903374
1065,catO5_1065.fits,2031-07-17 04:33:25.781324,2029-02-03 17:25:35.408148
1066,catO5_1066.fits,2029-03-16 03:30:25.544689,2034-09-04 10:45:06.698606
1067,catO5_1067.fits,2033-03-16 18:22:03.991373,2031-01-18 02:07:37.542916
1068,catO5_1068.fits,2032-01-31 04:13:10.819423,2032-11-14 03:06:16.608693
1069,catO5_1069.fits,2031-07-24 02:00:39.030811,2028-01-11 15:35:39.733908
1070,catO5_1070.fits,2032-09-14 14:32:05.931709,2029-12-29 13:40:54.308487
1071,catO5_1071.fits,2034-04-23 09:02:25.322810,2032-01-19 20:52:15.465995
1072,catO5_1072.fits,2034-10-18 16:02:29.547563,2030-03-01 11:30:51.881886
1073,catO5_1073.fits,2033-08-21 10:17:23.406784,2029-02-18 01:13:01.408859
1074,catO5_1074.fits,2028-04-30 21:46:31.854372,2032-06-24 09:25:02.793417
1075,catO5_1075.fits,2031-11-08 23:58:12.186211,2030-04-17 14:40:51.989360
1076,catO5_1076.fits,2030-05-26 15:47:25.765713,2029-06-27 07:49:49.225919
1077,catO5_1077.fits,2030-12-29 23:16:12.599650,2030-02-28 06:23:46.736778
1078,catO5_1078.fits,2028-11-23 10:59:31.412686,2029-01-15 07:09:24.563655
1079,catO5_1079.fits,2028-04-20 18:07:22.756984,2034-01-25 13:42:29.157503
1080,catO5_1080.fits,2033-09-09 17:10:32.057540,2031-01-07 01:38:52.819679
1081,catO5_1081.fits,2032-12-02 09:15:26.716366,2029-11-02 14:17:38.742343
1082,catO5_1082.fits,2032-10-05 04:40:23.859719,2032-07-03 06:54:10.044728
1083,catO5_1083.fits,2029-05-26 14:44:15.803237,2032-01-24 16:24:19.766892
1084,catO5_1084.fits,2030-06-18 22:02:06.471066,2030-11-09 04:48:24.128372
1085,catO5_1085.fits,2031-01-16 05:48:16.646750,2034-01-21 10:28:14.320484
1086,catO5_1086.fits,2030-11-01 15:32:53.847844,2030-07-05 10:28:22.387812
1087,catO5_1087.fits,2030-11-13 05:14:04.464024,2032-07-15 19:06:02.768111
1088,catO5_1088.fits,2034-08-22 03:07:45.262433,2033-05-03 15:35:32.628550
1089,catO5_1089.fits,2029-02-07 15:25:09.562956,2029-05-03 17:42:52.903519
1090,catO5_1090.fits,2033-09-03 20:40:23.352490,2033-05-30 08:20:25.711532
1091,catO5_1091.fits,2033-03-21 14:11:40.777268,2028-12-11 03:57:46.386304
1092,catO5_1092.fits,2030-06-29 22:58:06.745141,2029-12-07 00:30:08.698480
1093,catO5_1093.fits,2031-04-19 22:22:25.913298,2029-05-22 14:20:30.367062
1094,catO5_1094.fits,2028-04-06 11:28:30.026155,2031-07-01 23:28:38.293481
1095,catO5_1095.fits,2033-10-19 14:19:30.581182,2034-06-03 18:01:48.588028
1096,catO5_1096.fits,2030-01-16 16:32:26.426224,2033-12-12 21:43:10.495058
1097,catO5_1097.fits,2031-08-01 09:39:57.841127,2033-04-11 03:59:13.430341
1098,catO5_1098.fits,2028-03-19 16:57:07.239791,2030-08-04 02:42:31.698673
1099,catO5_1099.fits,2028-03-03 16:30:14.397131,2031-06-01 21:17:00.299342
1100,catO5_1100.fits,2033-06-14 15:58:57.208623,2031-04-30 23:31:51.948967
1101,catO5_1101.fits,2028-10-04 05:59:37.642836,2032-12-01 11:32:33.449758
1102,catO5_1102.fits,2034-10-17 01:22:59.824457,2034-11-23 08:02:08.660726
1103,catO5_1103.fits,2030-08-30 12:40:57.312066,2028-12-10 08:13:58.392905
1104,catO5_1104.fits,2029-03-31 16:32:49.301758,2032-02-02 09:50:01.493647
1105,catO5_1105.fits,2032-03-20 01:21:40.469644,2033-01-25 16:23:51.259829
1106,catO5_1106.fits,2032-10-12 12:33:52.954141,2029-05-19 07:39:16.164158
1107,catO5_1107.fits,2031-01-21 03:00:42.622637,2031-09-12 09:58:45.365753
1108,catO5_1108.fits,2029-11-02 04:14:20.122738,2034-11-13 00:29:21.580431
1109,catO5_1109.fits,2029-12-27 08:05:35.568793,2033-10-07 18:47:13.580019
1110,catO5_1110.fits,2034-05-07 11:51:31.295572,2034-12-10 22:12:00.172255
1111,catO5_1111.fits,2034-11-17 20:16:34.829006,2031-02-25 01:52:20.929476
1112,catO5_1112.fits,2029-04-17 04:54:34.774870,2033-03-22 20:53:58.200168
1113,catO5_1113.fits,2029-07-23 13:03:50.956394,2033-09-22 14:46:40.409796
1114,catO5_1114.fits,2033-04-26 06:13:55.601007,2029-11-28 02:39:48.553153
1115,catO5_1115.fits,2034-05-15 04:55:48.422229,2030-05-01 14:34:12.418712
1116,catO5_1116.fits,2029-11-16 15:54:45.932003,2032-10-25 10:57:18.544161
1117,catO5_1117.fits,2031-02-04 11:44:21.194115,2032-04-15 17:09:09.302234
1118,catO5_1118.fits,2032-03-10 17:17:09.647945,2033-11-27 03:34:35.225283
1119,catO5_1119.fits,2028-12-23 13:28:36.725242,2028-10-17 14:48:03.448102
1120,catO5_1120.fits,2028-11-19 01:58:48.279193,2029-11-16 10:44:31.555741
1121,catO5_1121.fits,2033-11-18 12:44:40.592255,2028-10-22 10:35:51.442904
1122,catO5_1122.fits,2034-07-13 12:46:55.195251,2029-02-17 02:37:06.743851
1123,catO5_1123.fits,2034-03-04 14:36:45.928598,2029-12-11 19:58:22.348098
1124,catO5_1124.fits,2033-03-11 09:28:58.656635,2029-07-07 02:34:54.903586
1125,catO5_1125.fits,2031-06-22 07:57:20.408625,2033-09-03 04:12:03.877384
1126,catO5_1126.fits,2028-06-03 06:05:56.357620,2028-11-29 11:05:17.414818
1127,catO5_1127.fits,2031-06-14 13:20:55.384086,2028-08-10 00:48:19.877620
1128,catO5_1128.fits,2028-05-18 17:26:23.983546,2032-10-08 06:17:09.620362
1129,catO5_1129.fits,2032-04-11 19:19:18.186410,2031-04-23 19:01:35.750602
1130,catO5_1130.fits,2031-03-14 09:03:02.843119,2032-08-01 20:05:10.380972
1131,catO5_1131.fits,2031-10-05 15:43:29.421250,2034-06-09 06:50:00.229506
1132,catO5_1132.fits,2034-02-15 09:16:01.428509,2034-11-03 01:06:44.627475
1133,catO5_1133.fits,2029-11-21 00:30:23.170264,2031-06-24 03:43:42.860385
1134,catO5_1134.fits,2032-06-15 15:48:11.259362,2033-10-24 06:30:08.326074
1135,catO5_1135.fits,2031-02-14 04:36:59.972487,2028-07-21 19:00:58.531988
1136,catO5_1136.fits,2032-10-09 17:09:18.064691,2033-12-09 10:27:35.074641
1137,catO5_1137.fits,2034-05-17 10:39:04.104887,2033-08-27 14:16:56.468220
1138,catO5_1138.fits,2029-12-30 08:14:07.283264,2033-06-22 14:16:47.042679
1139,catO5_1139.fits,2033-11-11 14:31:14.347137,2030-07-23 02:19:35.764693
1140,catO5_1140.fits,2030-09-03 14:38:23.105351,2031-04-21 09:11:03.074434
1141,catO5_1141.fits,2032-06-03 08:18:41.745170,2030-10-13 02:44:11.020402
1142,catO5_1142.fits,2032-02-23 16:36:12.233629,2032-02-06 18:00:05.598599
1143,catO5_1143.fits,2033-02-21 12:40:35.241440,2030-04-03 20:58:08.026371
1144,catO5_1144.fits,2031-10-19 06:15:31.147928,2031-09-26 17:25:18.841491
1145,catO5_1145.fits,2033-08-24 00:38:46.442252,2030-11-14 02:45:04.575484
1146,catO5_1146.fits,2033-03-07 06:39:15.257245,2034-07-29 20:35:36.871146
1147,catO5_1147.fits,2032-11-13 07:51:19.984034,2031-08-24 03:58:33.679031
1148,catO5_1148.fits,2029-07-19 04:14:35.487507,2030-01-27 15:11:15.484588
1149,catO5_1149.fits,2029-01-27 23:41:48.011239,2028-10-03 07:31:15.919134
1150,catO5_1150.fits,2030-03-25 09:10:42.020531,2028-02-26 08:37:00.548739
1151,catO5_1151.fits,2032-11-26 00:32:12.835197,2029-12-15 19:05:03.275883
1152,catO5_1152.fits,2032-01-19 04:34:31.252721,2028-09-22 01:46:29.651114
1153,catO5_1153.fits,2031-06-28 00:12:48.219193,2030-02-23 21:18:52.581165
1154,catO5_1154.fits,2032-07-09 22:33:46.408308,2032-05-12 05:42:00.139067
1155,catO5_1155.fits,2033-05-01 22:00:46.157154,2033-08-25 01:26:22.640319
1156,catO5_1156.fits,2029-12-09 18:15:23.862032,2029-07-04 11:30:15.025976
1157,catO5_1157.fits,2034-06-15 14:13:42.051100,2028-04-11 06:53:07.624427
1158,catO5_1158.fits,2031-01-03 17:15:15.837037,2028-07-05 01:25:02.936307
1159,catO5_1159.fits,2031-05-09 06:22:20.117820,2030-07-27 22:52:14.602888
1160,catO5_1160.fits,2032-05-02 20:03:30.074611,2028-01-12 04:10:38.132122
1161,catO5_1161.fits,2031-06-25 22:10:59.516363,2030-11-18 02:15:05.526256
1162,catO5_1162.fits,2028-11-25 14:52:25.584954,2029-11-21 00:14:25.422561
1163,catO5_1163.fits,2033-10-27 10:48:25.556946,2030-04-01 07:31:50.390593
1164,catO5_1164.fits,2030-02-12 14:26:38.819977,2033-05-21 20:47:52.750308
1165,catO5_1165.fits,2029-03-02 02:17:01.995907,2030-09-01 16:51:58.289460
1166,catO5_1166.fits,2028-09-29 09:03:15.199079,2029-01-20 19:05:44.423060
1167,catO5_1167.fits,2031-03-17 09:50:46.702122,2030-08-01 23:18:04.316096
1168,catO5_1168.fits,2030-09-30 23:37:20.813862,2034-08-15 20:21:58.265672
1169,catO5_1169.fits,2028-07-19 18:24:45.366229,2029-03-20 15:00:27.664836
1170,catO5_1170.fits,2032-05-13 10:14:34.792658,2030-06-15 15:54:38.081870
1171,catO5_1171.fits,2032-09-26 08:59:21.549395,2028-02-04 06:23:13.244174
1172,catO5_1172.fits,2031-04-13 13:55:51.002847,2033-09-06 13:09:54.392503
1173,catO5_1173.fits,2030-10-12 08:21:17.828405,2028-03-25 17:39:06.813459
1174,catO5_1174.fits,2033-10-07 20:55:10.485212,2031-02-10 20:33:34.946554
1175,catO5_1175.fits,2030-01-07 11:53:39.253945,2034-11-25 21:03:49.543108
1176,catO5_1176.fits,2030-04-24 23:59:05.854053,2032-12-04 18:57:31.602917
1177,catO5_1177.fits,2030-04-20 07:20:27.436088,2029-03-01 19:23:41.585247
1178,catO5_1178.fits,2029-03-22 09:15:49.945252,2031-09-26 11:58:33.749066
1179,catO5_1179.fits,2032-07-28 19:28:45.519807,2028-08-26 10:42:20.739568
1180,catO5_1180.fits,2033-09-23 04:06:55.858321,2033-06-29 06:54:42.223336
1181,catO5_1181.fits,2030-03-13 09:02:12.891712,2032-05-31 15:45:10.452849
1182,catO5_1182.fits,2034-12-17 13:07:31.452905,2030-01-16 06:26:56.668467
1183,catO5_1183.fits,2029-06-02 03:19:18.867578,2029-08-06 12:03:42.835361
1184,catO5_1184.fits,2031-08-16 18:39:07.593747,2031-06-16 02:31:32.452583
1185,catO5_1185.fits,2030-10-08 09:59:13.410224,2028-09-06 05:17:33.246932
1186,catO5_1186.fits,2034-08-11 22:57:42.133518,2033-01-01 10:44:14.435357
1187,catO5_1187.fits,2034-08-15 00:39:25.853410,2033-08-13 11:15:42.872675
1188,catO5_1188.fits,2031-01-27 16:23:32.942185,2028-05-16 17:42:24.333780
1189,catO5_1189.fits,2031-10-24 20:58:08.964888,2028-02-05 07:09:33.957430
1190,catO5_1190.fits,2034-10-12 09:21:42.315191,2033-04-26 01:44:37.129771
1191,catO5_1191.fits,2031-02-12 04:04:23.444767,2029-05-08 22:30:45.243160
1192,catO5_1192.fits,2032-05-31 17:43:24.848034,2028-06-07 03:24:21.197336
1193,catO5_1193.fits,2029-02-06 15:58:43.801209,2032-07-23 03:01:41.752996
1194,catO5_1194.fits,2032-06-16 22:28:21.673808,2032-06-19 05:29:57.465864
1195,catO5_1195.fits,2033-07-04 04:26:59.603908,2028-09-21 01:27:51.363600
1196,catO5_1196.fits,2032-01-28 01:19:04.466561,2032-12-28 09:03:00.946967
1197,catO5_1197.fits,2034-05-30 01:12:57.962011,2028-11-18 20:55:04.734782
1198,catO5_1198.fits,2029-12-08 14:33:13.806878,2030-03-11 13:10:25.438622
1199,catO5_1199.fits,2033-05-01 01:46:56.566987,2034-03-18 00:55:35.991196
1200,catO5_1200.fits,2030-12-22 09:59:49.762221,2030-06-13 15:02:37.845348
1201,catO5_1201.fits,2028-01-12 05:25:30.114325,2031-04-26 10:35:12.172933
1202,catO5_1202.fits,2029-10-10 09:26:34.806796,2031-07-29 08:08:48.357957
1203,catO5_1203.fits,2030-02-13 08:43:26.030690,2033-03-01 08:59:04.662635
1204,catO5_1204.fits,2034-02-16 06:24:23.647624,2033-10-03 20:03:14.531686
1205,catO5_1205.fits,2032-02-23 04:34:11.491762,2029-08-19 01:13:34.381929
1206,catO5_1206.fits,2029-10-10 09:45:45.732285,2030-07-06 04:05:09.567209
1207,catO5_1207.fits,2030-03-01 10:25:22.252859,2033-11-12 04:16:23.968511
1208,catO5_1208.fits,2031-10-01 11:14:31.708623,2034-03-27 21:23:05.630508
1209,catO5_1209.fits,2033-07-15 09:58:10.667202,2030-04-12 23:54:47.647834
1210,catO5_1210.fits,2032-03-25 12:36:29.945479,2028-06-19 14:39:58.078348
1211,catO5_1211.fits,2034-06-11 11:46:18.047541,2031-08-14 04:14:00.121131
1212,catO5_1212.fits,2034-04-28 10:22:42.437567,2033-04-06 00:15:14.394436
1213,catO5_1213.fits,2032-06-10 02:06:00.416736,2034-02-05 06:26:46.539244
1214,catO5_1214.fits,2029-03-04 00:01:29.070715,2032-02-19 09:57:11.366126
1215,catO5_1215.fits,2034-10-26 15:58:06.455821,2030-10-16 08:27:05.020856
1216,catO5_1216.fits,2033-02-25 15:45:23.942674,2029-11-30 16:45:23.202681
1217,catO5_1217.fits,2028-01-28 13:32:16.627300,2028-11-06 11:45:59.747562
1218,catO5_1218.fits,2034-06-06 18:08:28.048508,2033-10-20 02:27:50.707608
1219,catO5_1219.fits,2029-12-22 09:16:42.237771,2033-05-30 00:22:21.153512
1220,catO5_1220.fits,2029-01-07 06:01:56.451018,2030-02-03 03:27:09.508384
1221,catO5_1221.fits,2032-08-01 18:43:27.375859,2031-03-08 20:47:42.632788
1222,catO5_1222.fits,2030-05-14 14:01:15.467174,2034-02-01 02:02:19.423847
1223,catO5_1223.fits,2032-07-03 03:30:51.095131,2030-01-29 04:20:17.784484
1224,catO5_1224.fits,2034-07-23 04:30:57.338034,2034-10-13 17:53:22.124758
1225,catO5_1225.fits,2029-01-30 16:31:24.831003,2034-05-06 17:44:52.807275
1226,catO5_1226.fits,2032-06-14 15:43:35.340430,2034-05-10 02:34:40.786057
1227,catO5_1227.fits,2034-06-05 17:44:34.227265,2031-04-17 18:48:41.994235
1228,catO5_1228.fits,2034-05-20 10:58:29.761981,2032-02-01 05:19:27.887989
1229,catO5_1229.fits,2034-02-02 03:55:34.792709,2028-07-15 10:26:20.569027
1230,catO5_1230.fits,2034-12-16 12:28:11.887035,2031-10-13 16:46:30.137298
1231,catO5_1231.fits,2028-11-28 10:39:55.245358,2033-02-02 08:27:36.271728
1232,catO5_1232.fits,2034-10-24 11:15:47.063721,2033-06-23 14:05:38.405230
1233,catO5_1233.fits,2029-11-26 19:16:17.630876,2033-05-16 08:34:46.664526
1234,catO5_1234.fits,2034-05-06 09:20:33.699305,2033-08-08 21:16:52.600683
1235,catO5_1235.fits,2029-05-18 19:12:16.856725,2033-02-16 16:37:38.394667
1236,catO5_1236.fits,2033-08-13 19:46:55.536977,2030-09-24 04:04:10.034731
1237,catO5_1237.fits,2029-05-25 05:03:27.693853,2030-08-08 10:59:12.871393
1238,catO5_1238.fits,2028-07-27 06:16:46.184797,2028-03-23 18:10:38.897525
1239,catO5_1239.fits,2034-01-13 16:36:52.069806,2034-03-16 18:11:19.035584
1240,catO5_1240.fits,2028-08-22 14:23:23.173491,2029-12-20 11:23:18.868446
1241,catO5_1241.fits,2034-07-08 12:57:11.005872,2034-11-12 18:23:22.544098
1242,catO5_1242.fits,2030-04-12 12:01:40.446721,2033-05-31 17:04:15.248088
1243,catO5_1243.fits,2030-04-01 02:09:11.884351,2030-03-24 05:55:02.538677
1244,catO5_1244.fits,2032-06-13 10:11:45.000318,2033-10-07 18:56:47.912971
1245,catO5_1245.fits,2029-02-21 12:27:11.064955,2031-06-20 22:01:02.970296
1246,catO5_1246.fits,2031-01-16 21:31:55.412484,2033-06-19 23:27:32.046956
1247,catO5_1247.fits,2030-03-21 20:43:43.816492,2033-05-28 20:50:19.367065
1248,catO5_1248.fits,2034-01-05 22:28:46.632815,2031-04-02 18:44:14.757365
1249,catO5_1249.fits,2031-11-17 06:42:22.903746,2029-11-29 10:51:29.413861
1250,catO5_1250.fits,2030-03-01 16:45:07.485972,2034-10-30 10:27:20.398114
1251,catO5_1251.fits,2030-02-14 20:08:06.099246,2034-12-21 04:37:23.045014
1252,catO5_1252.fits,2033-01-21 18:38:28.868769,2030-10-13 19:27:05.125327
1253,catO5_1253.fits,2030-09-07 05:23:19.940375,2028-11-23 03:42:25.638161
1254,catO5_1254.fits,2031-03-17 10:39:45.989270,2029-02-08 00:43:51.600778
1255,catO5_1255.fits,2029-05-13 17:42:36.746283,2029-04-17 11:48:28.898217
1256,catO5_1256.fits,2034-06-27 07:29:33.023953,2034-02-02 13:01:47.123310
1257,catO5_1257.fits,2031-08-20 02:30:26.454924,2029-09-10 04:12:35.083025
1258,catO5_1258.fits,2031-03-22 06:12:10.038250,2029-07-14 12:33:08.575001
1259,catO5_1259.fits,2029-10-08 04:28:34.333303,2029-05-31 17:31:22.930432
1260,catO5_1260.fits,2033-12-27 17:52:17.856280,2029-07-14 02:49:04.752634
1261,catO5_1261.fits,2029-07-11 04:48:22.012993,2033-08-14 04:42:00.743071
1262,catO5_1262.fits,2028-06-15 13:54:13.465603,2032-10-28 21:17:54.298789
1263,catO5_1263.fits,2034-07-11 19:09:55.482930,2028-11-19 10:57:52.763829
1264,catO5_1264.fits,2032-01-31 03:55:42.086637,2032-03-15 09:23:28.942138
1265,catO5_1265.fits,2034-09-04 04:32:41.517071,2028-10-06 16:24:24.289941
1266,catO5_1266.fits,2030-02-09 22:08:34.678781,2028-04-18 05:47:58.176620
1267,catO5_1267.fits,2029-01-11 05:41:06.742328,2034-02-23 00:58:34.444372
1268,catO5_1268.fits,2032-06-03 01:47:16.669127,2032-03-30 19:59:04.381962
1269,catO5_1269.fits,2032-02-01 00:07:05.525400,2034-07-04 00:29:43.307642
1270,catO5_1270.fits,2028-12-14 05:10:32.522454,2031-09-24 12:59:01.511408
1271,catO5_1271.fits,2031-08-28 00:25:07.191078,2029-10-10 21:52:11.193339
1272,catO5_1272.fits,2029-04-27 17:33:27.902289,2031-09-11 17:32:53.878525
1273,catO5_1273.fits,2032-02-11 21:15:24.615820,2034-08-16 10:02:41.723489
1274,catO5_1274.fits,2030-05-12 07:18:38.156532,2029-09-22 19:37:43.398141
1275,catO5_1275.fits,2030-12-13 01:31:59.445443,2029-04-14 18:59:08.272589
1276,catO5_1276.fits,2031-10-21 22:56:16.991700,2029-04-02 14:19:28.334678
1277,catO5_1277.fits,2032-06-13 02:28:09.953499,2032-07-27 00:10:30.557629
1278,catO5_1278.fits,2034-04-10 04:11:36.092479,2034-08-25 11:34:08.729196
1279,catO5_1279.fits,2031-05-29 15:11:24.629771,2030-12-04 23:46:35.976466
1280,catO5_1280.fits,2032-01-11 08:39:53.204171,2030-11-26 09:37:27.582410
1281,catO5_1281.fits,2032-01-18 20:57:09.529077,2030-03-21 02:11:51.681657
1282,catO5_1282.fits,2030-10-24 14:01:13.789547,2030-01-15 17:07:41.123832
1283,catO5_1283.fits,2034-12-13 08:07:13.532833,2030-05-01 16:32:11.932902
1284,catO5_1284.fits,2028-05-18 22:04:57.482816,2028-02-24 01:45:05.616501
1285,catO5_1285.fits,2033-06-09 03:40:29.883261,2033-10-01 15:22:37.388913
1286,catO5_1286.fits,2031-11-20 22:39:15.715878,2030-01-12 01:50:53.560079
1287,catO5_1287.fits,2034-12-11 19:34:38.474634,2029-02-15 14:20:29.362530
1288,catO5_1288.fits,2031-04-25 10:24:45.453346,2033-10-04 01:20:04.966716
1289,catO5_1289.fits,2033-08-31 08:11:36.320782,2034-09-01 20:19:15.938597
1290,catO5_1290.fits,2028-03-28 00:37:36.339867,2030-05-29 14:06:41.494435
1291,catO5_1291.fits,2029-10-25 13:27:08.821803,2029-03-26 16:23:03.951043
1292,catO5_1292.fits,2030-02-20 03:49:19.682397,2028-01-09 14:35:48.110237
1293,catO5_1293.fits,2030-10-24 20:46:53.860725,2032-07-08 04:22:46.970704
1294,catO5_1294.fits,2032-08-07 10:15:52.903547,2033-09-06 23:10:39.030046
1295,catO5_1295.fits,2031-08-09 20:42:04.624460,2033-03-22 13:18:14.187650
1296,catO5_1296.fits,2031-03-26 01:48:47.936608,2034-08-05 07:32:51.197380
1297,catO5_1297.fits,2028-04-20 17:39:47.130252,2030-10-05 04:38:18.687757
1298,catO5_1298.fits,2032-10-10 09:01:10.412869,2034-08-03 13:42:57.880347
1299,catO5_1299.fits,2033-12-27 00:15:46.288991,2031-04-20 04:45:22.085715
1300,catO5_1300.fits,2031-09-03 14:37:04.467792,2030-01-01 10:40:20.817802
1301,catO5_1301.fits,2032-05-06 13:47:54.372661,2028-07-19 04:23:56.815761
1302,catO5_1302.fits,2031-07-17 10:48:31.661868,2030-11-03 21:43:33.527660
1303,catO5_1303.fits,2032-10-30 06:54:21.654807,2029-06-09 03:15:28.029942
1304,catO5_1304.fits,2034-08-09 03:54:05.632396,2032-12-16 08:16:03.613250
1305,catO5_1305.fits,2032-04-30 11:54:13.539828,2028-02-26 20:21:41.682623
1306,catO5_1306.fits,2033-09-28 00:17:41.259829,2031-07-08 06:21:46.112346
1307,catO5_1307.fits,2031-06-12 19:15:24.711528,2031-02-23 06:14:19.838451
1308,catO5_1308.fits,2032-11-28 15:53:48.495329,2033-11-02 16:49:32.084079
1309,catO5_1309.fits,2031-05-16 07:30:14.846313,2030-01-05 09:13:02.568272
1310,catO5_1310.fits,2034-06-17 09:58:18.313098,2030-05-04 14:10:25.455875
1311,catO5_1311.fits,2028-02-17 12:16:05.271418,2034-08-27 12:18:39.760533
1312,catO5_1312.fits,2031-06-20 03:22:26.261847,2030-04-02 00:55:54.129154
1313,catO5_1313.fits,2033-09-13 12:29:12.951861,2030-01-08 01:09:30.523246
1314,catO5_1314.fits,2032-11-30 09:16:23.936337,2031-09-22 00:26:41.938476
1315,catO5_1315.fits,2028-08-03 18:00:50.353423,2028-04-02 01:54:51.555659
1316,catO5_1316.fits,2030-05-24 20:39:40.428822,2033-06-23 12:50:17.753703
1317,catO5_1317.fits,2029-04-26 04:46:23.771871,2031-10-06 06:23:12.749868
1318,catO5_1318.fits,2031-09-21 05:27:19.323488,2028-08-28 10:46:08.788883
1319,catO5_1319.fits,2028-05-24 10:51:54.341146,2030-08-28 12:05:03.824654
1320,catO5_1320.fits,2028-09-14 19:49:08.342145,2029-05-03 00:44:05.423927
1321,catO5_1321.fits,2029-07-12 20:18:18.324718,2034-03-21 16:33:57.888713
1322,catO5_1322.fits,2034-10-31 06:51:04.473106,2032-07-30 23:35:40.017656
1323,catO5_1323.fits,2029-03-12 09:41:03.954415,2033-03-20 00:38:16.275874
1324,catO5_1324.fits,2028-07-04 21:40:36.968204,2030-10-22 08:58:29.684306
1325,catO5_1325.fits,2032-01-02 17:23:09.825235,2034-12-27 04:08:21.273962
1326,catO5_1326.fits,2034-03-09 23:41:16.165080,2032-07-06 09:43:24.854859
1327,catO5_1327.fits,2029-08-27 07:06:20.439999,2030-09-15 09:20:26.443386
1328,catO5_1328.fits,2030-08-27 16:55:36.946410,2033-03-07 15:59:40.205770
1329,catO5_1329.fits,2031-08-29 19:28:20.549952,2034-09-02 09:50:10.751235
1330,catO5_1330.fits,2031-08-18 14:32:52.857773,2033-02-18 02:07:55.607751
1331,catO5_1331.fits,2032-10-19 03:11:44.331384,2030-12-24 21:45:00.580211
1332,catO5_1332.fits,2034-11-24 16:05:30.943900,2034-02-01 17:21:01.718759
1333,catO5_1333.fits,2031-03-08 09:22:54.842155,2029-11-10 08:19:57.634936
1334,catO5_1334.fits,2030-10-31 02:17:12.436040,2031-08-31 02:56:47.529304
1335,catO5_1335.fits,2031-10-28 12:44:13.756362,2034-05-02 04:04:16.098571
1336,catO5_1336.fits,2032-06-29 19:54:32.635446,2034-08-07 17:13:56.489152
1337,catO5_1337.fits,2032-06-13 13:25:10.150254,2034-06-28 11:32:24.641354
1338,catO5_1338.fits,2030-11-08 00:43:44.573849,2028-09-17 06:55:47.831472
1339,catO5_1339.fits,2032-05-13 02:05:19.818181,2029-11-23 14:32:45.249515
1340,catO5_1340.fits,2028-01-06 09:42:07.008964,2029-04-24 10:48:17.704891
1341,catO5_1341.fits,2031-01-10 02:06:17.302525,2034-07-28 15:08:08.346933
1342,catO5_1342.fits,2028-09-08 22:07:30.427082,2033-01-13 08:36:09.944953
1343,catO5_1343.fits,2034-04-03 01:58:56.230253,2029-05-16 15:51:12.414644
1344,catO5_1344.fits,2034-10-10 19:45:11.967519,2030-09-29 10:53:23.820898
1345,catO5_1345.fits,2033-02-13 22:10:32.390346,2030-07-28 08:35:09.613294
1346,catO5_1346.fits,2032-09-07 14:01:39.519259,2032-08-20 16:01:22.389010
1347,catO5_1347.fits,2031-05-07 07:26:00.639115,2030-03-07 21:39:31.654748
1348,catO5_1348.fits,2030-04-17 00:58:27.820497,2030-05-18 17:07:41.724892
1349,catO5_1349.fits,2029-01-12 22:37:59.774654,2030-11-15 14:07:53.781270
1350,catO5_1350.fits,2033-06-23 02:04:44.801158,2031-12-19 07:36:06.435793
1351,catO5_1351.fits,2033-10-26 04:11:28.082668,2032-02-14 12:22:17.796295
1352,catO5_1352.fits,2028-07-23 22:21:06.999654,2029-07-25 22:07:47.282012
1353,catO5_1353.fits,2034-07-29 13:19:12.703082,2029-05-30 07:16:30.702581
1354,catO5_1354.fits,2028-06-05 17:13:21.523264,2034-07-07 03:04:36.941226
1355,catO5_1355.fits,2029-09-04 04:33:20.838045,2031-05-02 22:21:17.682226
1356,catO5_1356.fits,2029-03-25 19:03:57.099495,2034-04-13 04:26:10.455045
1357,catO5_1357.fits,2033-11-13 08:48:58.635995,2031-02-28 19:46:36.004709
1358,catO5_1358.fits,2031-10-01 16:43:08.273853,2030-04-23 13:55:51.760900
1359,catO5_1359.fits,2031-07-12 11:38:11.021768,2028-11-10 07:41:35.368365
1360,catO5_1360.fits,2034-04-08 23:49:00.737839,2031-02-01 19:33:29.679300
1361,catO5_1361.fits,2029-06-17 22:50:30.277960,2033-12-15 12:24:46.165631
1362,catO5_1362.fits,2032-06-10 04:53:55.130759,2034-01-06 17:20:24.705415
1363,catO5_1363.fits,2032-06-01 16:59:43.099651,2031-02-28 18:17:23.547649
1364,catO5_1364.fits,2028-11-22 06:19:47.111251,2034-07-16 16:34:40.762878
1365,catO5_1365.fits,2028-12-25 20:10:25.695103,2028-08-16 09:49:22.632475
1366,catO5_1366.fits,2030-05-04 11:09:01.995229,2029-03-27 19:26:05.164608
1367,catO5_1367.fits,2031-12-27 10:51:27.876306,2033-08-03 18:24:48.273858
1368,catO5_1368.fits,2031-12-26 10:50:06.261559,2032-03-28 07:32:15.196082
1369,catO5_1369.fits,2032-05-17 11:43:39.241383,2030-10-26 10:17:31.979013
1370,catO5_1370.fits,2029-08-12 13:31:15.318361,2034-10-04 12:08:27.101300
1371,catO5_1371.fits,2029-03-21 22:18:59.759931,2028-01-22 05:00:17.657646
1372,catO5_1372.fits,2034-12-01 22:44:12.260345,2031-10-25 04:52:08.360856
1373,catO5_1373.fits,2030-12-19 05:05:30.612313,2030-03-23 15:04:02.013584
1374,catO5_1374.fits,2028-08-08 18:54:20.597271,2033-02-07 19:37:54.705690
1375,catO5_1375.fits,2028-02-12 18:10:35.038150,2034-12-24 08:46:19.684042
1376,catO5_1376.fits,2030-12-11 11:13:21.070767,2028-08-14 08:12:35.986327
1377,catO5_1377.fits,2032-06-20 00:30:21.076808,2029-03-07 15:01:32.507975
1378,catO5_1378.fits,2032-07-18 09:47:40.267088,2033-09-14 14:49:02.365446
1379,catO5_1379.fits,2031-04-24 09:28:36.173533,2029-07-03 10:20:47.502316
1380,catO5_1380.fits,2031-12-14 12:07:58.213117,2034-04-09 17:00:58.480576
1381,catO5_1381.fits,2028-01-14 08:54:36.741660,2034-03-27 09:49:12.061031
1382,catO5_1382.fits,2033-09-29 08:11:26.516514,2031-08-09 08:00:27.972175
1383,catO5_1383.fits,2030-09-25 13:49:48.297937,2029-09-04 00:41:24.771989
1384,catO5_1384.fits,2033-05-02 13:12:42.726086,2030-11-08 16:30:02.597463
1385,catO5_1385.fits,2033-08-28 09:15:21.418453,2030-12-23 07:57:05.183138
1386,catO5_1386.fits,2033-10-07 12:19:49.389825,2030-01-22 04:04:15.502000
1387,catO5_1387.fits,2028-10-19 06:21:30.328856,2029-04-07 05:00:34.838538
1388,catO5_1388.fits,2034-08-06 04:19:19.767067,2033-02-05 04:40:46.022104
1389,catO5_1389.fits,2034-08-21 18:01:56.664928,2033-08-19 07:23:50.992157
1390,catO5_1390.fits,2034-11-26 14:22:16.140319,2032-01-23 00:03:33.801027
1391,catO5_1391.fits,2029-05-18 08:38:39.816557,2029-10-03 04:26:34.482639
1392,catO5_1392.fits,2032-03-10 23:55:51.391361,2033-09-12 00:39:19.168182
1393,catO5_1393.fits,2033-01-12 06:48:03.567134,2034-07-29 06:56:42.235117
1394,catO5_1394.fits,2033-11-25 03:44:54.872368,2032-03-28 13:52:04.590801
1395,catO5_1395.fits,2029-01-23 13:43:26.600805,2031-02-09 02:15:45.847050
1396,catO5_1396.fits,2030-12-03 06:28:17.521328,2030-12-27 09:21:29.104977
1397,catO5_1397.fits,2030-01-18 12:39:56.696080,2034-08-04 17:38:19.116937
1398,catO5_1398.fits,2031-11-29 19:01:06.907928,2030-09-09 02:11:28.058791
1399,catO5_1399.fits,2031-10-21 05:29:56.267792,2028-05-19 01:59:47.107673
1400,catO5_1400.fits,2034-12-27 22:50:44.424098,2030-12-23 03:57:17.505388
1401,catO5_1401.fits,2034-07-20 21:40:26.894763,2033-03-25 11:08:36.177937
1402,catO5_1402.fits,2031-10-08 06:00:42.702057,2031-07-06 06:14:44.298722
1403,catO5_1403.fits,2029-09-30 15:13:41.928207,2028-05-27 01:58:53.569609
1404,catO5_1404.fits,2029-11-25 02:39:29.880892,2031-11-12 05:21:48.685319
1405,catO5_1405.fits,2031-07-08 16:57:07.070971,2028-10-20 02:57:07.727320
1406,catO5_1406.fits,2034-02-04 09:21:18.480127,2028-12-07 20:49:53.079983
1407,catO5_1407.fits,2030-11-08 06:22:24.434660,2031-10-21 04:24:19.437134
1408,catO5_1408.fits,2028-01-29 10:57:27.596389,2032-11-23 13:58:49.045340
1409,catO5_1409.fits,2032-07-16 08:38:19.512815,2033-01-15 11:38:06.448283
1410,catO5_1410.fits,2030-01-06 08:46:11.635045,2031-11-18 04:59:56.402662
1411,catO5_1411.fits,2029-08-27 01:32:41.761172,2028-01-05 08:44:05.585539
1412,catO5_1412.fits,2028-08-21 04:09:36.662352,2034-02-10 00:34:35.444725
1413,catO5_1413.fits,2028-07-26 02:59:48.915934,2030-01-10 21:59:26.302423
1414,catO5_1414.fits,2031-02-06 10:01:38.209456,2034-09-03 14:36:26.124702
1415,catO5_1415.fits,2034-08-13 05:00:58.118398,2033-10-09 20:21:10.910300
1416,catO5_1416.fits,2030-11-07 07:38:36.925617,2031-01-20 23:00:52.340839
1417,catO5_1417.fits,2030-03-06 19:55:36.649161,2032-05-30 11:39:28.356988
1418,catO5_1418.fits,2028-10-02 01:50:53.938797,2029-10-12 20:24:45.501688
1419,catO5_1419.fits,2033-03-29 23:00:09.725477,2032-05-17 02:04:03.186970
1420,catO5_1420.fits,2028-08-24 00:35:50.119109,2033-01-10 06:41:21.730385
1421,catO5_1421.fits,2034-07-13 14:34:49.761523,2034-07-13 09:53:58.865040
1422,catO5_1422.fits,2032-09-25 07:56:32.965900,2033-03-29 19:35:34.624537
1423,catO5_1423.fits,2034-11-19 17:17:44.223439,2034-11-26 20:43:25.618846
1424,catO5_1424.fits,2030-09-27 07:47:51.315091,2030-12-19 12:34:53.900463
1425,catO5_1425.fits,2032-03-12 01:55:58.896724,2033-11-22 08:07:58.427402
1426,catO5_1426.fits,2029-11-04 12:45:33.502090,2029-08-27 17:54:47.655898
1427,catO5_1427.fits,2031-03-01 02:51:22.569964,2028-08-26 03:14:33.314147
1428,catO5_1428.fits,2031-09-03 04:45:10.691191,2031-09-16 15:37:16.225326
1429,catO5_1429.fits,2029-05-19 17:17:01.332649,2029-07-20 18:48:14.633162
1430,catO5_1430.fits,2030-07-12 01:25:30.347552,2033-05-31 08:02:16.423616
1431,catO5_1431.fits,2029-02-24 20:59:47.430780,2033-07-13 01:26:48.901424
1432,catO5_1432.fits,2033-10-13 04:30:11.026688,2029-11-21 06:48:49.206454
1433,catO5_1433.fits,2032-05-06 22:17:28.074986,2034-07-30 00:18:26.189452
1434,catO5_1434.fits,2030-08-10 15:11:57.347670,2031-02-26 12:25:11.762884
1435,catO5_1435.fits,2029-11-30 09:57:52.602254,2034-04-15 10:53:42.618655
1436,catO5_1436.fits,2029-09-18 20:22:18.537641,2029-03-11 19:22:44.505289
1437,catO5_1437.fits,2030-06-28 01:54:29.516112,2034-04-19 04:31:10.238469
1438,catO5_1438.fits,2034-11-05 21:56:08.890846,2029-10-05 12:57:51.864135
1439,catO5_1439.fits,2033-01-12 04:56:00.033774,2029-07-29 18:15:55.797253
1440,catO5_1440.fits,2031-08-17 09:17:50.570058,2032-07-31 07:51:39.846635
1441,catO5_1441.fits,2033-05-30 02:19:55.607703,2028-10-07 15:28:14.790147
1442,catO5_1442.fits,2033-05-02 05:31:32.471044,2034-06-04 05:01:56.606271
1443,catO5_1443.fits,2028-09-17 22:56:03.651588,2033-09-25 21:29:12.161534
1444,catO5_1444.fits,2032-03-12 09:40:58.830611,2031-07-24 20:31:39.188301
1445,catO5_1445.fits,2032-09-16 22:09:22.045877,2030-07-09 07:24:29.964132
1446,catO5_1446.fits,2034-06-11 09:24:16.182331,2033-07-07 18:01:51.675337
1447,catO5_1447.fits,2034-10-06 08:09:33.157145,2028-10-31 00:31:50.318269
1448,catO5_1448.fits,2033-06-02 14:19:43.114861,2028-06-29 11:23:44.812762
1449,catO5_1449.fits,2029-04-17 23:03:26.257006,2033-02-28 16:51:05.575914
1450,catO5_1450.fits,2033-03-16 07:18:44.531952,2029-10-20 07:26:30.020087
1451,catO5_1451.fits,2033-04-05 17:46:03.839493,2033-08-26 19:26:38.557906
1452,catO5_1452.fits,2029-12-17 07:11:53.931539,2034-07-09 06:43:17.378262
1453,catO5_1453.fits,2033-12-12 13:14:56.988093,2030-02-02 06:38:47.898213
1454,catO5_1454.fits,2033-08-27 06:05:13.578317,2032-02-15 17:23:10.502085
1455,catO5_1455.fits,2032-12-08 20:23:49.995993,2030-06-21 06:28:20.932159
1456,catO5_1456.fits,2030-11-15 04:05:17.973608,2030-08-04 21:53:21.392893
1457,catO5_1457.fits,2028-01-14 22:59:21.742973,2031-03-30 14:27:21.689595
1458,catO5_1458.fits,2033-07-03 21:41:14.923251,2034-10-17 00:37:33.309140
1459,catO5_1459.fits,2030-08-07 05:37:33.547327,2034-07-06 18:30:31.894144
1460,catO5_1460.fits,2028-07-12 06:59:33.089191,2028-09-19 00:55:25.368186
1461,catO5_1461.fits,2029-08-23 00:44:12.733865,2033-07-28 15:25:10.512541
1462,catO5_1462.fits,2029-08-11 19:00:11.025019,2034-07-15 04:37:44.228114
1463,catO5_1463.fits,2032-05-03 18:21:03.505667,2031-02-15 00:27:39.136218
1464,catO5_1464.fits,2033-07-04 09:54:45.795562,2033-03-23 03:02:17.552384
1465,catO5_1465.fits,2030-12-21 09:27:38.501279,2034-07-23 05:01:15.219874
1466,catO5_1466.fits,2029-09-26 13:56:58.688243,2034-06-16 12:28:08.152239
1467,catO5_1467.fits,2031-01-04 19:25:32.392183,2032-04-16 00:04:22.817572
1468,catO5_1468.fits,2032-06-24 17:10:50.168543,2028-03-25 17:00:18.739695
1469,catO5_1469.fits,2030-12-27 18:52:01.166977,2031-04-17 17:10:11.040131
1470,catO5_1470.fits,2034-05-22 09:18:44.119483,2032-07-19 04:23:01.261447
1471,catO5_1471.fits,2029-05-23 03:21:55.723019,2032-01-13 13:29:10.920348
1472,catO5_1472.fits,2032-09-09 18:37:05.459270,2032-12-04 06:37:19.111580
1473,catO5_1473.fits,2028-01-10 21:48:03.392259,2034-04-04 12:19:48.854354
1474,catO5_1474.fits,2033-03-06 02:50:33.577801,2031-01-27 16:27:53.319638
1475,catO5_1475.fits,2032-02-06 15:13:14.734616,2032-04-27 23:27:47.059273
1476,catO5_1476.fits,2034-05-27 11:59:11.866210,2033-12-10 08:05:42.130551
1477,catO5_1477.fits,2030-12-24 07:43:11.063638,2031-12-04 14:41:52.867756
1478,catO5_1478.fits,2033-09-11 00:50:30.751749,2029-12-03 02:46:35.306131
1479,catO5_1479.fits,2032-04-10 20:38:49.536895,2032-05-20 09:13:26.203838
1480,catO5_1480.fits,2030-01-20 11:55:13.252954,2028-01-21 15:10:40.213297
1481,catO5_1481.fits,2034-07-28 19:02:34.370102,2033-01-20 15:40:40.304906
1482,catO5_1482.fits,2034-11-30 23:46:55.528167,2034-11-19 07:48:47.631318
1483,catO5_1483.fits,2030-12-11 02:54:14.193614,2031-12-22 13:10:02.532101
1484,catO5_1484.fits,2033-12-17 20:56:21.242093,2030-11-13 19:35:21.562736
1485,catO5_1485.fits,2033-03-04 20:06:20.628425,2034-10-01 09:32:02.136866
1486,catO5_1486.fits,2033-04-28 21:27:32.631147,2028-03-29 12:23:21.895740
1487,catO5_1487.fits,2028-05-05 06:55:37.796319,2029-11-20 15:55:49.861472
1488,catO5_1488.fits,2028-12-28 11:02:34.036395,2033-09-12 03:07:34.326612
1489,catO5_1489.fits,2032-08-10 23:35:59.440911,2029-07-05 04:10:05.262450
1490,catO5_1490.fits,2033-02-16 04:23:15.122251,2033-11-02 01:26:45.749866
1491,catO5_1491.fits,2033-05-15 00:03:48.746660,2028-07-28 22:08:55.930489
1492,catO5_1492.fits,2034-01-11 10:15:03.917414,2028-08-18 23:50:05.432959
1493,catO5_1493.fits,2028-05-01 04:35:31.251834,2028-12-28 06:30:04.391512
1494,catO5_1494.fits,2028-08-15 09:18:42.891964,2029-12-03 18:14:40.430299
1495,catO5_1495.fits,2034-07-21 14:24:05.545856,2028-05-21 00:06:31.499069
1496,catO5_1496.fits,2029-06-14 12:14:48.975683,2034-08-02 21:25:04.463741
1497,catO5_1497.fits,2028-07-22 02:03:08.812914,2031-08-08 08:23:30.201454
1498,catO5_1498.fits,2030-04-22 13:26:50.441700,2028-09-30 14:35:39.212330
1499,catO5_1499.fits,2033-02-11 19:44:59.422466,2030-02-08 22:59:09.436287
1500,catO5_1500.fits,2028-01-31 04:07:49.544457,2030-01-03 02:17:27.116541
1501,catO5_1501.fits,2034-12-04 20:30:06.279133,2028-01-19 16:01:34.086598
1502,catO5_1502.fits,2034-11-12 20:50:30.987000,2033-03-17 15:33:06.469253
1503,catO5_1503.fits,2034-06-12 23:35:23.464799,2034-10-04 20:07:46.031461
1504,catO5_1504.fits,2033-08-27 12:24:36.058318,2030-01-03 01:17:37.596408
1505,catO5_1505.fits,2028-06-19 06:34:28.439769,2034-10-09 10:42:04.348494
1506,catO5_1506.fits,2030-05-21 19:30:35.933400,2029-06-17 11:17:22.257263
1507,catO5_1507.fits,2031-08-03 13:06:01.042178,2029-05-16 07:53:55.347847
1508,catO5_1508.fits,2033-04-05 20:31:49.291280,2032-10-26 18:09:56.949202
1509,catO5_1509.fits,2034-04-06 04:16:54.070728,2033-07-19 02:22:01.594457
1510,catO5_1510.fits,2034-01-31 22:41:41.997325,2030-04-20 06:30:10.493529
1511,catO5_1511.fits,2034-03-19 15:11:23.901483,2030-12-06 02:31:49.181485
1512,catO5_1512.fits,2029-12-18 02:56:34.774691,2032-06-19 05:12:50.231369
1513,catO5_1513.fits,2028-10-30 03:50:20.301717,2034-12-28 07:22:17.952688
1514,catO5_1514.fits,2030-04-28 04:18:57.690002,2032-12-27 00:28:42.685863
1515,catO5_1515.fits,2028-06-11 01:58:51.874824,2030-05-10 13:51:27.220449
1516,catO5_1516.fits,2033-11-20 10:10:24.857267,2031-06-29 02:43:56.790926
1517,catO5_1517.fits,2028-06-01 07:35:36.346275,2030-07-29 22:55:28.310894
1518,catO5_1518.fits,2033-08-23 17:32:31.167172,2032-11-19 21:30:17.583024
1519,catO5_1519.fits,2033-09-11 19:11:53.847352,2034-01-22 15:57:08.534297
1520,catO5_1520.fits,2030-08-29 11:23:49.809026,2030-05-16 21:14:03.371355
1521,catO5_1521.fits,2033-01-05 21:33:38.747292,2031-01-02 06:19:15.003363
1522,catO5_1522.fits,2029-10-06 07:01:32.874089,2029-01-19 13:13:10.690532
1523,catO5_1523.fits,2029-05-24 05:45:08.211126,2028-09-09 22:04:10.299207
1524,catO5_1524.fits,2032-06-05 15:34:11.264226,2033-01-25 05:37:43.839833
1525,catO5_1525.fits,2032-01-04 04:39:50.016836,2032-10-20 08:09:20.069830
1526,catO5_1526.fits,2029-12-02 00:46:24.604461,2031-08-11 10:57:16.820572
1527,catO5_1527.fits,2029-08-30 22:53:34.307367,2028-01-10 23:24:17.299739
1528,catO5_1528.fits,2031-06-24 00:35:53.798267,2029-09-02 20:24:25.972815
1529,catO5_1529.fits,2033-09-27 16:37:51.147797,2028-02-16 15:43:51.644601
1530,catO5_1530.fits,2029-02-15 20:40:50.017507,2031-04-05 20:23:53.259246
1531,catO5_1531.fits,2031-05-19 03:11:41.674863,2034-11-02 01:06:57.109957
1532,catO5_1532.fits,2032-02-28 23:12:47.697842,2034-04-24 19:02:39.245807
1533,catO5_1533.fits,2028-05-08 19:28:14.162870,2030-05-01 05:25:17.746011
1534,catO5_1534.fits,2030-03-18 19:31:26.624547,2030-04-01 18:24:03.780369
1535,catO5_1535.fits,2028-01-26 18:56:11.451339,2034-08-01 19:43:05.670133
1536,catO5_1536.fits,2033-11-19 17:29:38.448121,2034-11-05 10:24:07.709589
1537,catO5_1537.fits,2030-10-06 07:07:59.569419,2034-12-17 17:42:35.866811
1538,catO5_1538.fits,2032-12-28 20:51:02.713952,2028-11-12 06:07:14.178655
1539,catO5_1539.fits,2034-04-30 17:56:39.213790,2034-11-25 18:27:47.694871
1540,catO5_1540.fits,2033-03-09 06:11:27.289351,2032-09-27 05:31:10.805509
1541,catO5_1541.fits,2031-02-07 01:18:14.842702,2029-03-16 11:27:11.216905
1542,catO5_1542.fits,2034-06-15 09:17:19.691979,2028-07-09 11:42:23.711351
1543,catO5_1543.fits,2029-03-20 06:36:37.455800,2029-05-27 11:56:12.931422
1544,catO5_1544.fits,2029-04-26 22:16:12.226086,2031-10-20 04:48:58.049883
1545,catO5_1545.fits,2033-02-23 11:38:21.960625,2028-11-11 18:41:14.845905
1546,catO5_1546.fits,2031-06-05 13:50:07.816202,2031-11-26 05:51:15.809034
1547,catO5_1547.fits,2029-02-25 13:03:44.241433,2029-05-28 21:42:49.207525
1548,catO5_1548.fits,2028-09-28 04:35:56.560000,2029-03-05 10:52:06.521194
1549,catO5_1549.fits,2031-11-10 17:56:19.361624,2033-05-02 00:32:57.077356
1550,catO5_1550.fits,2030-05-23 15:33:11.120897,2032-10-16 07:35:45.328444
1551,catO5_1551.fits,2033-04-27 18:57:39.009396,2030-12-15 04:03:18.663604
1552,catO5_1552.fits,2033-01-21 16:51:35.783099,2032-02-12 07:24:28.427833
1553,catO5_1553.fits,2031-11-19 18:53:13.712507,2029-05-02 07:02:30.408254
1554,catO5_1554.fits,2030-12-12 03:28:25.289097,2028-01-09 20:22:21.933343
1555,catO5_1555.fits,2028-01-31 06:36:15.022480,2033-05-28 20:00:22.257697
1556,catO5_1556.fits,2033-01-17 03:21:31.568649,2033-10-05 15:13:57.195337
1557,catO5_1557.fits,2028-02-07 14:46:00.953293,2033-12-15 20:40:18.038314
1558,catO5_1558.fits,2032-02-04 11:53:17.168365,2032-04-24 19:36:28.646249
1559,catO5_1559.fits,2033-11-24 21:00:43.429954,2030-08-16 19:47:12.582463
1560,catO5_1560.fits,2029-11-07 12:46:47.929407,2033-05-21 03:53:33.954043
1561,catO5_1561.fits,2031-12-26 07:59:37.306418,2033-01-27 06:36:24.750826
1562,catO5_1562.fits,2028-03-27 22:31:47.006417,2028-02-15 05:51:04.583580
1563,catO5_1563.fits,2033-10-03 14:35:54.139358,2030-12-22 12:46:01.502025
1564,catO5_1564.fits,2028-07-08 16:33:39.401809,2033-08-28 19:12:54.151771
1565,catO5_1565.fits,2032-02-12 01:00:18.401005,2030-05-17 14:13:12.487601
1566,catO5_1566.fits,2033-06-19 23:54:05.252348,2032-05-06 20:48:43.909880
1567,catO5_1567.fits,2028-03-17 21:24:23.096935,2034-01-26 21:29:47.081990
1568,catO5_1568.fits,2032-12-07 09:15:13.212803,2034-01-08 16:30:52.255625
1569,catO5_1569.fits,2033-03-18 12:58:16.916479,2032-09-18 09:38:09.174753
1570,catO5_1570.fits,2032-02-26 13:14:28.870128,2034-01-26 13:11:21.641530
1571,catO5_1571.fits,2031-09-15 15:30:07.552883,2032-01-14 19:16:39.020677
1572,catO5_1572.fits,2028-03-05 15:09:24.055915,2033-07-27 09:46:45.469637
1573,catO5_1573.fits,2028-04-11 21:36:51.621902,2029-05-25 04:42:23.113036
1574,catO5_1574.fits,2029-10-13 06:58:43.403361,2032-08-12 03:34:49.344100
1575,catO5_1575.fits,2030-03-03 11:49:49.732423,2028-08-10 10:52:16.932952
1576,catO5_1576.fits,2031-01-23 18:17:16.843544,2030-04-28 09:28:32.826969
1577,catO5_1577.fits,2033-09-06 08:33:29.291015,2031-11-15 22:54:42.416885
1578,catO5_1578.fits,2029-11-13 22:04:47.454446,2034-03-10 21:03:38.193426
1579,catO5_1579.fits,2029-11-12 13:40:31.705106,2031-04-11 23:41:21.292718
1580,catO5_1580.fits,2030-08-24 02:31:35.992898,2029-04-14 22:17:59.202907
1581,catO5_1581.fits,2031-01-07 03:56:35.256963,2033-10-20 22:11:06.980623
1582,catO5_1582.fits,2031-06-18 01:42:16.038827,2031-11-15 16:48:00.234352
1583,catO5_1583.fits,2034-08-27 09:35:04.946135,2032-05-02 01:13:27.004359
1584,catO5_1584.fits,2029-01-22 22:54:58.837889,2029-04-15 07:51:12.884620
1585,catO5_1585.fits,2031-10-08 09:17:54.625673,2029-06-08 04:09:14.513195
1586,catO5_1586.fits,2033-05-09 22:47:37.676737,2029-11-06 14:39:20.482850
1587,catO5_1587.fits,2032-07-26 12:33:14.848243,2033-08-02 21:46:29.571247
1588,catO5_1588.fits,2032-05-16 10:06:08.041881,2034-12-11 18:37:57.638473
1589,catO5_1589.fits,2031-10-16 23:24:17.965436,2029-11-13 09:04:43.750564
1590,catO5_1590.fits,2029-09-17 18:27:18.706767,2033-09-15 17:44:22.668805
1591,catO5_1591.fits,2033-05-14 03:22:02.054384,2032-05-21 05:20:01.433348
1592,catO5_1592.fits,2029-08-03 08:10:03.458097,2029-07-10 02:37:18.038600
1593,catO5_1593.fits,2031-06-21 14:54:43.957030,2032-06-23 00:54:10.310737
1594,catO5_1594.fits,2031-05-13 06:55:43.926775,2028-10-27 09:40:11.202557
1595,catO5_1595.fits,2030-07-16 23:49:56.754236,2034-10-31 18:29:00.218628
1596,catO5_1596.fits,2032-12-31 09:30:08.233491,2033-06-15 13:12:58.782019
1597,catO5_1597.fits,2028-10-16 11:18:54.009627,2030-10-13 23:05:21.136961
1598,catO5_1598.fits,2029-11-23 20:06:12.947731,2031-03-31 00:17:49.571676
1599,catO5_1599.fits,2031-10-27 11:20:41.788029,2028-08-02 16:27:35.840119
1600,catO5_1600.fits,2034-05-15 02:24:21.435641,2032-12-20 10:26:31.602918
1601,catO5_1601.fits,2028-04-05 19:12:21.805987,2028-01-07 13:15:53.800581
1602,catO5_1602.fits,2029-09-11 18:02:54.848757,2031-01-25 09:18:54.937593
1603,catO5_1603.fits,2034-12-21 00:18:41.670201,2029-04-11 06:13:16.411134
1604,catO5_1604.fits,2031-10-04 06:43:17.521499,2033-03-31 00:09:34.346764
1605,catO5_1605.fits,2029-12-16 01:42:50.439454,2032-04-25 19:17:21.232164
1606,catO5_1606.fits,2034-10-23 06:05:13.301978,2028-07-29 10:29:06.919591
1607,catO5_1607.fits,2028-12-31 02:31:33.289032,2029-05-01 07:12:45.923935
1608,catO5_1608.fits,2029-09-04 03:24:42.578835,2028-07-10 10:26:41.452832
1609,catO5_1609.fits,2030-07-30 10:07:23.676211,2034-02-24 11:35:14.979454
1610,catO5_1610.fits,2029-05-23 11:31:48.258158,2034-03-03 10:12:30.116669
1611,catO5_1611.fits,2033-11-20 13:03:28.125564,2029-01-22 05:03:09.264783
1612,catO5_1612.fits,2030-09-24 00:16:41.713930,2031-06-03 20:34:46.815677
1613,catO5_1613.fits,2029-01-08 12:47:51.260317,2031-02-25 01:43:07.279495
1614,catO5_1614.fits,2029-06-12 12:14:06.113032,2034-06-30 07:54:43.965621
1615,catO5_1615.fits,2030-05-12 12:26:46.927473,2034-11-07 02:10:54.804429
1616,catO5_1616.fits,2032-04-04 15:50:33.870559,2030-02-13 23:17:00.053764
1617,catO5_1617.fits,2029-07-02 02:30:50.916067,2031-04-21 12:24:24.666774
1618,catO5_1618.fits,2030-11-05 23:17:20.678534,2033-03-20 03:00:32.559694
1619,catO5_1619.fits,2028-07-10 01:57:56.109944,2031-02-05 07:02:12.780891
1620,catO5_1620.fits,2029-11-13 21:03:37.457385,2032-09-28 22:28:27.519988
1621,catO5_1621.fits,2032-03-21 15:20:49.811402,2030-07-18 14:30:56.323946
1622,catO5_1622.fits,2031-03-15 02:51:53.389158,2031-04-12 14:22:36.182734
1623,catO5_1623.fits,2030-01-28 12:45:47.878118,2031-06-07 01:52:24.975533
1624,catO5_1624.fits,2030-02-21 11:01:58.452570,2030-12-31 19:36:19.123037
1625,catO5_1625.fits,2029-07-14 12:11:42.109872,2029-02-25 07:39:02.728925
1626,catO5_1626.fits,2028-03-28 22:43:19.574822,2033-01-05 06:56:24.881328
1627,catO5_1627.fits,2034-04-23 04:34:49.042764,2028-11-17 15:21:24.894854
1628,catO5_1628.fits,2034-10-13 15:11:12.619268,2028-12-11 17:45:41.017337
1629,catO5_1629.fits,2034-07-06 20:24:42.645606,2029-03-19 20:07:25.574090
1630,catO5_1630.fits,2032-12-02 11:19:14.375934,2028-11-06 22:54:48.964643
1631,catO5_1631.fits,2033-10-06 11:43:07.089996,2032-03-26 07:07:09.753815
1632,catO5_1632.fits,2034-05-08 09:14:30.507539,2034-11-18 19:20:29.817705
1633,catO5_1633.fits,2033-02-15 14:35:50.181813,2033-08-21 17:24:42.814798
1634,catO5_1634.fits,2034-03-02 00:35:51.360672,2032-04-03 17:54:10.861351
1635,catO5_1635.fits,2028-12-24 16:22:47.921543,2034-07-11 08:53:00.914462
1636,catO5_1636.fits,2032-06-24 01:33:55.730705,2028-06-18 06:42:35.527190
1637,catO5_1637.fits,2034-07-20 16:59:30.136499,2034-05-12 23:50:18.793105
1638,catO5_1638.fits,2031-11-23 05:45:49.033557,2030-03-17 04:55:41.348996
1639,catO5_1639.fits,2034-08-30 12:28:11.150620,2030-07-14 20:38:49.522683
1640,catO5_1640.fits,2031-12-20 21:46:36.881179,2028-01-26 18:46:32.726117
1641,catO5_1641.fits,2032-05-16 13:18:52.107096,2029-04-06 13:24:54.720592
1642,catO5_1642.fits,2033-10-08 03:57:03.174815,2032-11-10 04:09:17.699160
1643,catO5_1643.fits,2033-12-09 12:48:54.633296,2031-05-26 16:53:22.089779
1644,catO5_1644.fits,2028-02-24 01:19:30.580896,2032-07-25 02:51:13.319495
1645,catO5_1645.fits,2034-12-24 05:51:52.568135,2031-09-02 01:52:25.340269
1646,catO5_1646.fits,2029-12-08 23:44:19.503497,2033-08-21 17:47:32.971624
1647,catO5_1647.fits,2031-06-02 13:21:54.061331,2034-02-21 17:51:27.197397
1648,catO5_1648.fits,2029-05-05 07:05:09.482620,2032-11-26 12:34:21.855806
1649,catO5_1649.fits,2029-09-06 18:08:56.270992,2030-06-06 14:58:32.413090
1650,catO5_1650.fits,2032-06-23 15:56:53.750667,2028-06-09 10:20:19.895183
1651,catO5_1651.fits,2029-01-24 02:12:02.569695,2028-12-26 20:01:21.099748
1652,catO5_1652.fits,2034-02-27 01:08:29.870037,2032-09-30 21:28:42.007225
1653,catO5_1653.fits,2030-01-05 14:34:57.612410,2029-07-12 10:27:57.164313
1654,catO5_1654.fits,2028-12-29 18:04:13.090341,2030-05-10 08:53:39.959529
1655,catO5_1655.fits,2028-10-30 15:12:47.818113,2030-11-24 08:52:52.622371
1656,catO5_1656.fits,2032-01-19 04:52:37.067065,2034-07-08 04:23:54.650523
1657,catO5_1657.fits,2034-04-26 05:37:37.820624,2030-02-05 14:32:20.030376
1658,catO5_1658.fits,2031-09-24 08:47:52.048489,2034-11-17 15:24:35.913975
1659,catO5_1659.fits,2032-01-06 02:58:35.389178,2030-12-07 16:14:21.901090
1660,catO5_1660.fits,2030-04-04 05:08:16.712019,2034-07-20 17:51:33.745362
1661,catO5_1661.fits,2033-03-11 15:32:37.431981,2029-02-07 14:07:51.651037
1662,catO5_1662.fits,2033-01-09 09:57:14.470503,2032-10-04 03:37:55.328623
1663,catO5_1663.fits,2032-04-05 18:29:58.367886,2033-09-28 13:35:45.185462
1664,catO5_1664.fits,2030-10-10 13:47:38.242079,2029-12-12 02:30:59.800671
1665,catO5_1665.fits,2033-12-25 10:34:53.904255,2034-06-12 01:10:36.567346
1666,catO5_1666.fits,2032-10-19 09:29:42.616615,2028-07-13 03:39:06.441693
1667,catO5_1667.fits,2030-02-27 01:48:49.525547,2033-05-16 07:54:21.024652
1668,catO5_1668.fits,2028-08-27 22:22:15.518054,2031-04-04 21:51:11.004218
1669,catO5_1669.fits,2033-03-02 09:26:00.442039,2031-09-12 11:35:32.172322
1670,catO5_1670.fits,2033-01-03 16:38:29.364347,2033-10-25 18:29:29.707132
1671,catO5_1671.fits,2034-01-01 01:36:13.720966,2034-11-01 03:55:52.080535
1672,catO5_1672.fits,2034-08-22 18:21:37.043020,2031-02-20 01:38:56.135397
1673,catO5_1673.fits,2032-01-05 06:03:22.750206,2034-02-15 09:11:22.826169
1674,catO5_1674.fits,2030-04-27 19:23:45.321766,2028-09-29 15:11:59.740213
1675,catO5_1675.fits,2034-01-13 15:34:48.087715,2033-09-19 15:56:01.279645
1676,catO5_1676.fits,2031-10-08 19:30:27.094920,2032-02-13 09:37:00.401572
1677,catO5_1677.fits,2031-10-25 18:14:45.076247,2028-06-09 22:56:44.573650
1678,catO5_1678.fits,2028-09-17 00:32:45.515389,2028-09-27 17:09:17.710469
1679,catO5_1679.fits,2033-02-27 00:10:31.899302,2031-08-08 07:20:14.571731
1680,catO5_1680.fits,2029-02-14 16:08:07.486021,2030-12-09 03:32:00.180593
1681,catO5_1681.fits,2034-01-13 22:22:59.585628,2031-10-12 10:25:50.617128
1682,catO5_1682.fits,2032-12-25 20:29:51.651986,2029-04-07 19:54:07.985795
1683,catO5_1683.fits,2028-07-26 02:23:07.470044,2030-01-06 05:29:39.111600
1684,catO5_1684.fits,2032-09-25 15:20:36.469649,2033-03-25 06:38:17.779887
1685,catO5_1685.fits,2033-12-10 19:27:39.422633,2034-01-07 03:37:08.674280
1686,catO5_1686.fits,2028-09-13 15:51:07.688898,2032-04-14 18:54:15.512451
1687,catO5_1687.fits,2031-10-22 01:11:57.080091,2028-07-10 07:23:44.843140
1688,catO5_1688.fits,2030-03-17 22:44:39.583644,2034-01-19 15:52:01.929633
1689,catO5_1689.fits,2031-04-08 23:27:53.051565,2034-03-22 04:08:06.894650
1690,catO5_1690.fits,2028-01-10 13:09:49.471020,2031-09-13 11:19:13.787543
1691,catO5_1691.fits,2028-08-11 10:06:29.739805,2032-10-09 05:51:51.481580
1692,catO5_1692.fits,2034-12-13 07:12:38.823526,2031-10-27 07:06:27.871584
1693,catO5_1693.fits,2034-08-23 02:10:34.852061,2029-09-15 20:16:49.752205
1694,catO5_1694.fits,2028-12-23 16:37:46.483341,2032-08-16 15:52:06.815396
1695,catO5_1695.fits,2030-02-08 19:47:56.370895,2032-04-07 19:07:00.774935
1696,catO5_1696.fits,2033-04-28 01:15:06.403995,2028-08-05 06:09:50.123664
1697,catO5_1697.fits,2031-02-25 02:11:06.875573,2032-06-22 14:30:12.804673
1698,catO5_1698.fits,2034-12-14 10:24:44.970568,2028-05-11 17:10:02.071224
1699,catO5_1699.fits,2031-05-04 02:51:08.210903,2033-07-24 01:20:12.875600
1700,catO5_1700.fits,2028-12-18 14:20:32.620467,2034-10-07 15:27:52.747496
1701,catO5_1701.fits,2032-03-21 19:01:39.863627,2030-10-03 20:42:03.495182
1702,catO5_1702.fits,2028-05-08 10:48:54.452626,2028-12-24 21:51:01.635187
1703,catO5_1703.fits,2034-06-15 17:43:42.647084,2029-06-16 09:59:09.849452
1704,catO5_1704.fits,2031-05-24 04:58:13.976221,2028-03-28 01:04:00.545633
1705,catO5_1705.fits,2033-09-30 20:56:38.873212,2029-11-28 20:13:16.167966
1706,catO5_1706.fits,2034-09-04 17:13:54.148919,2033-10-20 21:44:52.452296
1707,catO5_1707.fits,2032-10-25 08:24:48.514945,2028-02-26 10:39:27.116633
1708,catO5_1708.fits,2031-08-06 21:34:11.412860,2031-09-01 06:11:38.234714
1709,catO5_1709.fits,2029-09-15 00:51:03.524265,2031-02-25 00:20:24.033823
1710,catO5_1710.fits,2030-04-17 17:12:25.602585,2029-11-02 13:38:18.300130
1711,catO5_1711.fits,2031-08-02 04:27:02.399470,2029-05-25 05:49:22.414676
1712,catO5_1712.fits,2034-11-17 19:02:46.360240,2030-08-11 02:22:29.863653
1713,catO5_1713.fits,2029-08-12 20:36:21.750222,2029-12-05 04:48:05.500974
1714,catO5_1714.fits,2034-11-27 21:23:06.136768,2028-08-15 23:08:34.002547
1715,catO5_1715.fits,2029-01-29 23:46:56.542591,2029-08-13 02:54:48.746822
1716,catO5_1716.fits,2028-11-07 02:29:50.127039,2030-10-24 09:46:42.226226
1717,catO5_1717.fits,2034-11-11 19:43:49.739036,2034-05-06 15:00:04.720204
1718,catO5_1718.fits,2032-02-24 05:42:18.276134,2031-01-15 16:54:44.867721
1719,catO5_1719.fits,2028-03-24 17:45:10.303068,2029-12-24 18:17:46.775430
1720,catO5_1720.fits,2030-01-23 15:05:11.808647,2030-04-15 12:59:59.555073
1721,catO5_1721.fits,2029-12-28 02:09:00.162135,2032-05-17 04:39:35.816233
1722,catO5_1722.fits,2031-02-01 05:03:30.246866,2028-08-03 05:07:19.681986
1723,catO5_1723.fits,2034-12-10 00:56:24.051160,2029-08-29 09:48:01.679084
1724,catO5_1724.fits,2029-01-11 18:36:28.011892,2031-08-11 08:32:22.068162
1725,catO5_1725.fits,2028-10-08 16:11:16.574858,2034-03-15 19:37:05.412456
1726,catO5_1726.fits,2034-10-22 02:35:06.893762,2034-02-01 03:05:47.645686
1727,catO5_1727.fits,2033-07-09 18:43:28.976879,2031-02-04 09:03:45.716803
1728,catO5_1728.fits,2033-09-09 00:32:54.364589,2034-12-30 11:11:18.511315
1729,catO5_1729.fits,2033-06-18 06:26:10.850415,2031-02-05 21:17:20.309079
1730,catO5_1730.fits,2034-07-26 02:35:27.365770,2028-07-13 07:33:11.834218
1731,catO5_1731.fits,2034-03-10 04:45:10.725150,2030-12-28 05:17:15.347502
1732,catO5_1732.fits,2031-08-05 02:16:31.843010,2029-11-24 17:05:39.468021
1733,catO5_1733.fits,2028-03-12 20:10:13.872558,2034-11-06 09:16:08.346389
1734,catO5_1734.fits,2034-12-09 11:27:52.864851,2028-10-14 18:07:38.150501
1735,catO5_1735.fits,2034-11-23 14:49:57.720820,2034-09-22 16:38:37.239229
1736,catO5_1736.fits,2029-02-20 08:40:36.916415,2033-11-17 23:00:23.881880
1737,catO5_1737.fits,2031-09-07 23:48:56.922450,2033-09-14 07:28:21.832872
1738,catO5_1738.fits,2030-10-19 15:20:33.580046,2031-02-19 20:00:12.439313
1739,catO5_1739.fits,2030-04-14 08:27:12.651660,2032-01-27 06:47:53.563606
1740,catO5_1740.fits,2029-01-27 05:35:45.114979,2033-08-31 07:56:08.974274
1741,catO5_1741.fits,2028-07-24 03:41:06.521144,2029-10-12 03:27:45.317362
1742,catO5_1742.fits,2033-05-27 08:55:38.528272,2032-12-08 19:41:46.699672
1743,catO5_1743.fits,2034-06-16 07:00:26.956727,2030-03-22 13:58:20.659433
1744,catO5_1744.fits,2030-01-25 14:49:38.651131,2033-07-20 00:06:01.297162
1745,catO5_1745.fits,2034-09-27 23:20:45.933487,2030-08-11 17:12:52.651167
1746,catO5_1746.fits,2034-01-05 04:40:56.570200,2034-02-05 21:53:38.446277
1747,catO5_1747.fits,2034-05-07 20:25:53.909068,2031-10-05 09:27:12.521494
1748,catO5_1748.fits,2033-12-14 06:02:59.647543,2034-07-30 19:13:01.923620
1749,catO5_1749.fits,2034-04-12 14:59:31.574340,2028-02-21 10:34:36.977787
1750,catO5_1750.fits,2033-09-30 01:22:39.402463,2028-02-11 08:57:26.677599
1751,catO5_1751.fits,2029-01-14 12:59:21.685504,2033-06-13 18:12:07.734446
1752,catO5_1752.fits,2028-06-23 20:31:01.010533,2029-03-27 20:23:22.150101
1753,catO5_1753.fits,2028-07-14 08:24:12.938370,2034-08-05 11:37:02.740228
1754,catO5_1754.fits,2030-03-28 18:17:58.350196,2030-03-04 13:16:36.239892
1755,catO5_1755.fits,2028-09-10 07:37:54.733678,2034-05-06 04:40:06.868707
1756,catO5_1756.fits,2034-03-17 22:10:55.733541,2034-01-14 06:05:05.985085
1757,catO5_1757.fits,2031-12-11 10:24:21.075462,2028-12-07 16:45:06.443245
1758,catO5_1758.fits,2030-01-23 03:39:07.843982,2030-10-21 15:13:25.734889
1759,catO5_1759.fits,2033-02-21 14:19:21.125175,2030-02-16 03:46:16.315003
1760,catO5_1760.fits,2032-12-05 12:47:28.463042,2029-11-03 22:58:31.699776
1761,catO5_1761.fits,2030-10-14 11:47:05.273275,2029-08-02 23:11:23.400391
1762,catO5_1762.fits,2034-09-12 07:17:53.933037,2034-08-18 06:13:23.093185
1763,catO5_1763.fits,2034-09-11 21:48:58.213827,2031-01-28 20:59:27.571862
1764,catO5_1764.fits,2029-08-21 22:00:49.888859,2034-07-26 17:56:13.911088
1765,catO5_1765.fits,2031-10-16 22:10:03.619316,2030-02-05 03:33:12.584897
1766,catO5_1766.fits,2028-10-15 21:52:12.411652,2033-06-07 12:39:42.133216
1767,catO5_1767.fits,2034-07-05 13:41:57.174800,2031-04-23 10:39:46.197036
1768,catO5_1768.fits,2033-12-27 18:50:13.142272,2029-08-08 13:56:04.212425
1769,catO5_1769.fits,2033-01-14 11:22:10.175175,2033-08-10 18:53:54.949224
1770,catO5_1770.fits,2032-12-17 06:33:07.701250,2032-03-07 22:37:23.483679
1771,catO5_1771.fits,2031-06-09 02:57:47.406028,2031-12-25 14:03:32.224133
1772,catO5_1772.fits,2032-02-09 23:14:05.283540,2030-10-31 19:51:54.202890
1773,catO5_1773.fits,2033-09-24 10:27:43.795926,2030-01-26 19:14:05.879354
1774,catO5_1774.fits,2031-04-10 21:45:18.846370,2029-09-13 06:15:18.519302
1775,catO5_1775.fits,2032-07-28 00:41:34.937359,2028-10-28 06:24:31.781910
1776,catO5_1776.fits,2028-01-19 10:33:58.087110,2033-02-25 16:47:04.737810
1777,catO5_1777.fits,2031-08-24 19:41:57.715911,2034-10-10 10:54:09.023057
1778,catO5_1778.fits,2030-11-24 23:48:55.396279,2031-03-17 04:48:51.107269
1779,catO5_1779.fits,2034-02-15 12:49:10.611243,2029-04-16 20:22:37.632097
1780,catO5_1780.fits,2034-11-26 06:04:35.039530,2034-03-21 21:21:42.708223
1781,catO5_1781.fits,2028-06-09 19:29:53.622154,2028-12-30 10:25:26.241453
1782,catO5_1782.fits,2030-10-29 02:45:55.216535,2032-11-16 06:28:06.822158
1783,catO5_1783.fits,2033-06-01 09:17:26.536428,2031-06-10 01:33:30.347988
1784,catO5_1784.fits,2029-10-12 21:43:43.980259,2030-01-19 08:04:37.438660
1785,catO5_1785.fits,2030-06-13 08:20:58.953758,2032-12-16 12:12:10.044751
1786,catO5_1786.fits,2033-04-20 10:32:25.962102,2034-06-22 22:06:01.274328
1787,catO5_1787.fits,2033-03-28 14:36:52.967555,2034-04-15 01:17:37.682231
1788,catO5_1788.fits,2032-10-12 06:40:10.303922,2029-04-20 03:53:08.571368
1789,catO5_1789.fits,2033-07-22 19:53:08.667514,2029-07-28 08:12:36.147821
1790,catO5_1790.fits,2032-10-27 02:10:48.806762,2034-12-06 00:31:21.160410
1791,catO5_1791.fits,2033-01-02 19:00:26.939099,2030-12-04 18:56:45.477319
1792,catO5_1792.fits,2032-12-10 22:51:27.911976,2028-09-21 22:58:41.962527
1793,catO5_1793.fits,2030-11-08 00:18:31.219337,2034-02-17 10:21:18.563393
1794,catO5_1794.fits,2030-01-17 17:59:11.552625,2030-05-02 07:08:18.105346
1795,catO5_1795.fits,2029-05-30 07:15:39.070167,2029-02-10 03:15:16.455925
1796,catO5_1796.fits,2030-06-06 11:00:34.642040,2030-10-10 14:12:57.806643
1797,catO5_1797.fits,2029-05-03 16:53:20.899347,2031-03-12 05:37:57.919616
1798,catO5_1798.fits,2030-07-25 18:53:45.463194,2033-09-22 04:50:51.494395
1799,catO5_1799.fits,2031-08-09 04:07:49.292323,2033-03-01 07:31:23.968998
1800,catO5_1800.fits,2029-08-29 00:31:58.288509,2034-05-03 19:34:58.702106
1801,catO5_1801.fits,2031-01-09 23:46:36.144066,2029-04-09 23:58:37.384057
1802,catO5_1802.fits,2032-06-26 08:33:05.961969,2032-08-04 06:38:12.155983
1803,catO5_1803.fits,2031-03-08 21:46:46.077574,2031-08-09 10:11:48.603943
1804,catO5_1804.fits,2031-01-04 20:54:41.494888,2030-12-14 10:11:45.331395
1805,catO5_1805.fits,2031-12-29 10:03:21.798495,2033-10-11 17:19:10.160105
1806,catO5_1806.fits,2033-01-04 02:18:09.119832,2033-02-04 15:41:55.646765
1807,catO5_1807.fits,2033-05-22 06:08:29.051778,2029-10-23 22:14:59.819268
1808,catO5_1808.fits,2028-08-24 16:28:59.563138,2032-03-26 04:07:59.097574
1809,catO5_1809.fits,2031-03-28 09:19:28.585998,2031-06-30 20:21:49.899050
1810,catO5_1810.fits,2034-03-05 06:30:08.267021,2029-06-26 17:22:42.575725
1811,catO5_1811.fits,2032-12-19 07:51:28.373714,2029-03-18 20:11:02.704600
1812,catO5_1812.fits,2033-11-12 04:13:53.474223,2031-08-30 21:05:02.144361
1813,catO5_1813.fits,2033-12-20 16:00:43.337499,2028-06-17 13:08:05.685288
1814,catO5_1814.fits,2033-01-26 10:29:21.112211,2030-05-18 00:49:19.824409
1815,catO5_1815.fits,2030-05-25 07:37:40.789690,2028-03-08 16:33:43.225331
1816,catO5_1816.fits,2030-12-29 09:46:34.985403,2029-07-13 06:42:08.797617
1817,catO5_1817.fits,2032-01-08 07:05:05.208451,2028-05-04 18:03:45.774645
1818,catO5_1818.fits,2032-12-23 09:25:22.338899,2029-11-28 23:55:15.199729
1819,catO5_1819.fits,2031-01-09 18:17:27.466352,2034-01-16 02:19:46.179291
1820,catO5_1820.fits,2033-08-03 19:56:28.153905,2032-06-01 21:03:33.344834
1821,catO5_1821.fits,2029-12-12 18:33:13.930914,2029-03-15 14:59:50.782275
1822,catO5_1822.fits,2034-05-24 18:58:10.917783,2029-04-02 20:19:55.218610
1823,catO5_1823.fits,2030-05-13 06:41:57.360471,2032-06-08 11:50:54.922846
1824,catO5_1824.fits,2029-05-13 16:47:17.846252,2031-04-03 00:59:03.307039
1825,catO5_1825.fits,2032-05-16 00:41:01.385484,2028-05-13 19:08:04.875453
1826,catO5_1826.fits,2034-04-27 15:55:09.193921,2030-10-11 17:39:04.796153
1827,catO5_1827.fits,2029-01-07 10:23:18.759361,2032-08-26 22:48:15.913507
1828,catO5_1828.fits,2032-02-08 11:28:04.202415,2029-01-12 09:47:02.973181
1829,catO5_1829.fits,2028-02-25 09:36:22.558619,2030-06-26 10:08:05.553343
1830,catO5_1830.fits,2034-10-23 10:26:49.791070,2031-02-03 12:08:28.337058
1831,catO5_1831.fits,2029-02-10 09:56:31.205700,2030-01-25 09:50:45.439561
1832,catO5_1832.fits,2031-09-07 15:37:18.648969,2030-01-01 05:43:18.512167
1833,catO5_1833.fits,2032-04-14 09:46:34.221122,2030-05-06 10:10:33.610433
1834,catO5_1834.fits,2028-10-14 07:21:00.843361,2031-09-10 21:52:16.653394
1835,catO5_1835.fits,2031-04-21 03:47:32.482009,2034-03-07 07:36:41.931407
1836,catO5_1836.fits,2030-12-12 03:31:23.400916,2028-08-14 15:04:10.670955
1837,catO5_1837.fits,2034-04-19 21:26:06.013039,2032-11-25 20:11:42.393142
1838,catO5_1838.fits,2030-06-03 13:07:02.374490,2034-07-17 04:12:32.760477
1839,catO5_1839.fits,2030-03-27 09:57:22.478587,2030-12-28 15:22:05.600362
1840,catO5_1840.fits,2034-03-12 17:08:40.782858,2034-06-27 17:52:09.211345
1841,catO5_1841.fits,2033-10-06 09:35:20.474616,2032-05-29 10:54:01.996836
1842,catO5_1842.fits,2029-04-30 03:21:06.074785,2033-10-18 06:07:30.974037
1843,catO5_1843.fits,2033-01-30 14:47:19.287995,2032-09-19 14:04:45.320236
1844,catO5_1844.fits,2028-06-10 09:40:17.509107,2028-05-15 01:50:32.938204
1845,catO5_1845.fits,2029-06-26 20:31:26.743596,2031-02-12 10:46:11.048806
1846,catO5_1846.fits,2028-10-10 12:55:19.040473,2029-04-03 16:12:08.682339
1847,catO5_1847.fits,2032-06-15 12:52:30.600917,2028-07-07 14:58:25.057114
1848,catO5_1848.fits,2028-04-11 05:26:50.820244,2028-05-05 15:13:13.791948
1849,catO5_1849.fits,2032-09-24 22:03:55.206162,2034-10-03 06:48:28.666462
1850,catO5_1850.fits,2030-12-31 05:06:55.030316,2028-12-06 13:37:20.039180
1851,catO5_1851.fits,2030-01-06 15:44:44.584731,2034-12-20 09:17:02.324280
1852,catO5_1852.fits,2034-04-27 14:29:52.015695,2028-08-09 22:47:26.448147
1853,catO5_1853.fits,2030-05-20 06:03:12.264940,2028-03-31 07:36:53.085230
1854,catO5_1854.fits,2030-11-04 11:34:55.543002,2029-07-24 14:19:47.200293
1855,catO5_1855.fits,2028-11-17 00:24:55.470446,2029-12-20 02:54:23.747651
1856,catO5_1856.fits,2034-01-06 09:11:51.208941,2028-01-02 00:03:39.819055
1857,catO5_1857.fits,2031-11-17 06:20:05.521177,2034-09-07 16:41:37.728350
1858,catO5_1858.fits,2031-06-22 13:46:52.626621,2033-09-07 05:40:35.915479
1859,catO5_1859.fits,2030-06-23 13:33:05.049734,2029-09-14 10:10:02.718079
1860,catO5_1860.fits,2031-01-27 05:11:00.468275,2029-12-22 05:55:04.333134
1861,catO5_1861.fits,2033-11-09 02:43:30.421740,2032-03-18 22:56:33.827139
1862,catO5_1862.fits,2034-05-08 07:42:07.469991,2030-06-14 06:33:32.851624
1863,catO5_1863.fits,2029-01-04 07:38:51.593152,2030-04-14 02:51:41.114889
1864,catO5_1864.fits,2029-07-30 13:00:01.733411,2031-08-23 13:59:47.881200
1865,catO5_1865.fits,2028-07-13 13:08:53.506174,2031-03-21 11:34:40.276755
1866,catO5_1866.fits,2033-08-16 12:44:05.035289,2029-10-22 18:50:08.824522
1867,catO5_1867.fits,2031-06-20 19:30:03.429526,2029-12-03 12:45:47.978640
1868,catO5_1868.fits,2033-03-10 17:15:45.515402,2032-07-20 17:56:21.534197
1869,catO5_1869.fits,2033-05-02 12:44:35.123749,2029-11-25 01:37:25.774791
1870,catO5_1870.fits,2028-02-21 08:34:49.798855,2031-01-11 15:27:57.439488
1871,catO5_1871.fits,2034-04-07 01:58:14.193406,2028-07-07 08:11:15.485457
1872,catO5_1872.fits,2033-03-29 18:41:00.421338,2029-12-10 20:46:59.792079
1873,catO5_1873.fits,2030-01-12 16:13:04.946986,2033-01-12 15:51:16.661907
1874,catO5_1874.fits,2032-03-28 07:07:49.862827,2030-08-02 13:29:51.955135
1875,catO5_1875.fits,2031-03-19 01:15:37.013808,2032-05-02 06:50:10.361490
1876,catO5_1876.fits,2030-11-12 23:08:24.862850,2030-09-16 16:16:09.972267
1877,catO5_1877.fits,2028-03-20 23:16:25.222516,2028-06-30 08:46:06.549358
1878,catO5_1878.fits,2031-08-21 20:15:11.974304,2032-08-09 02:26:26.547034
1879,catO5_1879.fits,2030-04-22 14:36:06.124608,2033-04-15 01:33:29.673523
1880,catO5_1880.fits,2028-07-22 13:10:33.293031,2031-05-18 13:21:07.003301
1881,catO5_1881.fits,2030-05-07 17:10:50.621714,2030-02-03 21:45:50.318354
1882,catO5_1882.fits,2034-10-08 09:39:00.815887,2032-06-11 22:31:06.595561
1883,catO5_1883.fits,2030-03-29 17:34:01.013895,2031-05-29 03:01:24.905146
1884,catO5_1884.fits,2030-08-25 01:31:11.501606,2031-10-28 04:24:12.350296
1885,catO5_1885.fits,2031-04-07 17:27:11.722601,2029-06-20 12:38:09.294433
1886,catO5_1886.fits,2033-04-12 23:53:27.812948,2033-12-06 11:47:25.274241
1887,catO5_1887.fits,2033-10-07 14:20:20.380341,2033-06-04 10:47:22.886785
1888,catO5_1888.fits,2033-10-05 17:16:25.560089,2030-02-17 14:03:52.990745
1889,catO5_1889.fits,2029-12-04 17:51:37.446020,2031-07-05 09:27:28.471898
1890,catO5_1890.fits,2032-11-08 02:59:29.893927,2028-08-09 00:09:27.448258
1891,catO5_1891.fits,2030-12-11 12:10:26.618299,2032-06-29 02:18:02.900267
1892,catO5_1892.fits,2033-08-22 17:33:48.636870,2032-07-21 00:31:38.425342
1893,catO5_1893.fits,2029-09-06 16:32:32.024232,2033-07-27 07:24:22.775536
1894,catO5_1894.fits,2028-08-28 17:23:50.961840,2030-06-03 10:21:36.246142
1895,catO5_1895.fits,2029-01-07 04:36:33.970429,2030-03-13 21:34:55.743221
1896,catO5_1896.fits,2034-07-16 22:19:45.101776,2033-12-31 05:06:52.444472
1897,catO5_1897.fits,2032-08-26 07:13:23.165086,2028-12-03 20:02:37.762200
1898,catO5_1898.fits,2030-07-16 20:58:03.119944,2031-06-07 07:40:31.742434
1899,catO5_1899.fits,2028-07-31 14:16:40.961594,2033-03-19 13:45:23.082808
1900,catO5_1900.fits,2029-08-14 23:29:34.572531,2032-08-14 16:27:51.722178
1901,catO5_1901.fits,2034-10-20 03:10:21.617268,2033-05-12 14:16:14.778049
1902,catO5_1902.fits,2032-08-08 21:41:56.593073,2029-05-08 19:50:36.592879
1903,catO5_1903.fits,2028-08-19 12:22:15.686128,2034-05-20 14:55:49.027311
1904,catO5_1904.fits,2031-08-17 23:24:20.230846,2030-09-27 13:35:58.860243
1905,catO5_1905.fits,2031-02-26 11:28:57.240049,2028-06-26 05:29:32.753426
1906,catO5_1906.fits,2028-12-31 07:30:43.667347,2034-07-10 01:21:19.719984
1907,catO5_1907.fits,2033-10-16 02:27:06.404262,2030-01-25 20:07:08.586329
1908,catO5_1908.fits,2032-10-09 16:08:12.828034,2028-01-08 09:34:16.117615
1909,catO5_1909.fits,2030-10-25 19:28:52.767195,2031-08-06 22:55:21.110295
1910,catO5_1910.fits,2034-05-28 07:00:46.956177,2028-10-31 13:45:54.090265
1911,catO5_1911.fits,2033-12-26 12:35:59.123922,2029-11-25 19:09:50.308394
1912,catO5_1912.fits,2033-10-26 13:18:56.997659,2031-02-05 21:10:54.440559
1913,catO5_1913.fits,2032-07-24 00:39:18.032377,2029-03-12 21:51:11.780359
1914,catO5_1914.fits,2034-09-28 18:31:13.980668,2031-01-23 15:15:05.989196
1915,catO5_1915.fits,2028-04-29 23:31:22.021503,2034-11-25 01:23:45.517953
1916,catO5_1916.fits,2028-08-26 15:04:00.715750,2030-05-18 04:57:09.586524
1917,catO5_1917.fits,2030-07-17 23:46:48.519547,2030-06-09 22:42:22.159475
1918,catO5_1918.fits,2032-11-17 22:06:34.502713,2030-09-09 18:04:35.817661
1919,catO5_1919.fits,2034-08-21 15:31:12.746609,2033-12-15 22:25:05.700663
1920,catO5_1920.fits,2032-10-09 10:36:41.314203,2034-11-08 01:03:15.766594
1921,catO5_1921.fits,2033-11-23 17:32:07.876983,2032-04-08 14:38:42.794706
1922,catO5_1922.fits,2031-04-30 21:19:21.568782,2029-04-17 15:53:02.663064
1923,catO5_1923.fits,2028-05-17 04:14:32.490304,2033-05-14 07:10:29.925089
1924,catO5_1924.fits,2030-11-22 15:44:04.493332,2030-06-29 12:03:11.515051
1925,catO5_1925.fits,2029-08-17 08:51:18.446834,2030-04-19 16:17:19.256445
1926,catO5_1926.fits,2028-01-12 20:00:27.609234,2030-04-20 17:41:47.113667
1927,catO5_1927.fits,2033-08-11 16:37:08.850851,2034-05-23 06:48:12.576550
1928,catO5_1928.fits,2033-04-24 18:38:45.264396,2034-08-04 10:16:27.631973
1929,catO5_1929.fits,2032-07-17 20:04:02.769885,2031-08-12 16:32:50.937040
1930,catO5_1930.fits,2034-06-04 00:54:19.304239,2029-12-24 13:06:33.280640
1931,catO5_1931.fits,2028-01-04 08:31:39.312458,2034-03-07 10:23:24.319978
1932,catO5_1932.fits,2033-01-28 20:51:39.118773,2032-12-23 02:53:08.700021
1933,catO5_1933.fits,2032-12-16 16:01:18.859895,2030-11-20 20:11:47.411253
1934,catO5_1934.fits,2030-07-04 10:07:09.345513,2031-01-03 23:12:46.417021
1935,catO5_1935.fits,2030-12-07 14:29:07.254816,2032-05-31 12:54:13.529873
1936,catO5_1936.fits,2030-01-24 02:28:27.274136,2034-08-14 23:27:54.217482
1937,catO5_1937.fits,2029-05-06 03:41:13.598452,2031-08-30 21:13:26.728311
1938,catO5_1938.fits,2031-01-25 20:10:19.279224,2032-06-13 16:46:54.439645
1939,catO5_1939.fits,2032-01-25 10:47:19.910007,2029-10-28 13:03:04.255405
1940,catO5_1940.fits,2032-08-02 16:41:08.282733,2029-02-17 03:17:00.829087
1941,catO5_1941.fits,2030-06-09 16:57:20.967005,2030-06-19 04:28:36.199195
1942,catO5_1942.fits,2029-04-28 08:15:47.124498,2028-08-24 10:22:57.120084
1943,catO5_1943.fits,2034-04-18 17:50:14.728587,2031-10-27 00:47:03.967339
1944,catO5_1944.fits,2028-09-29 15:26:09.560828,2032-06-23 15:01:45.530390
1945,catO5_1945.fits,2034-05-05 23:05:13.292419,2033-03-14 21:19:41.390285
1946,catO5_1946.fits,2033-09-18 07:51:56.250669,2032-01-25 16:59:02.666866
1947,catO5_1947.fits,2029-11-19 17:17:23.879472,2030-09-20 23:15:17.041054
1948,catO5_1948.fits,2032-11-18 05:54:08.997960,2031-06-12 20:26:02.572399
1949,catO5_1949.fits,2033-12-01 07:21:36.684052,2032-04-23 10:15:04.711988
1950,catO5_1950.fits,2028-07-17 06:49:32.010723,2031-09-02 16:08:05.535593
1951,catO5_1951.fits,2032-04-15 19:11:59.685307,2034-12-19 18:00:44.464120
1952,catO5_1952.fits,2030-10-15 08:33:33.957045,2029-10-23 03:42:18.488858
1953,catO5_1953.fits,2030-12-17 13:27:55.870318,2032-12-31 11:46:02.086779
1954,catO5_1954.fits,2033-02-01 11:51:19.713844,2033-09-22 04:32:53.276215
1955,catO5_1955.fits,2032-10-06 00:09:56.068044,2032-11-04 05:47:54.623145
1956,catO5_1956.fits,2030-09-25 11:24:27.918465,2032-01-15 03:09:45.428364
1957,catO5_1957.fits,2033-01-18 11:09:09.652134,2029-08-27 22:25:27.904170
1958,catO5_1958.fits,2033-05-23 02:12:35.850199,2033-01-28 07:40:30.605605
1959,catO5_1959.fits,2033-04-03 09:06:36.394217,2030-12-06 19:36:56.698329
1960,catO5_1960.fits,2032-07-17 02:56:05.335967,2032-01-08 19:48:57.847001
1961,catO5_1961.fits,2030-08-28 06:41:46.723745,2031-04-30 04:59:06.872638
1962,catO5_1962.fits,2030-10-03 08:48:12.793309,2028-11-12 12:46:25.337884
1963,catO5_1963.fits,2034-12-16 19:18:48.850719,2029-12-20 05:25:15.270914
1964,catO5_1964.fits,2028-12-31 19:50:41.441232,2029-05-08 21:04:35.167469
1965,catO5_1965.fits,2031-07-04 23:53:11.736467,2029-01-06 04:22:23.281528
1966,catO5_1966.fits,2029-11-23 11:10:48.477524,2031-01-14 06:19:03.856143
1967,catO5_1967.fits,2029-01-21 03:16:49.089237,2032-06-05 07:51:33.034114
1968,catO5_1968.fits,2030-04-29 01:15:20.713459,2030-10-21 05:32:36.203934
1969,catO5_1969.fits,2033-03-02 04:41:33.988338,2034-11-29 07:45:04.909904
1970,catO5_1970.fits,2032-09-11 16:48:37.677669,2030-06-02 09:04:12.436365
1971,catO5_1971.fits,2034-06-27 04:47:40.358045,2034-10-06 17:29:24.373708
1972,catO5_1972.fits,2031-03-22 13:44:42.848445,2029-09-16 08:41:19.189873
1973,catO5_1973.fits,2031-02-10 12:02:26.118504,2031-06-18 11:12:49.587817
1974,catO5_1974.fits,2030-07-31 21:10:57.603520,2032-12-25 12:54:28.376616
1975,catO5_1975.fits,2034-12-03 14:00:12.238194,2034-04-07 23:40:45.806463
1976,catO5_1976.fits,2030-08-08 07:43:13.293571,2029-01-27 15:30:32.955764
1977,catO5_1977.fits,2031-07-28 23:34:00.062816,2031-11-26 10:02:42.897378
1978,catO5_1978.fits,2029-02-04 06:08:34.303397,2028-07-02 07:25:07.050997
1979,catO5_1979.fits,2031-08-20 18:16:51.370017,2032-03-24 01:25:04.964413
1980,catO5_1980.fits,2034-03-02 02:42:11.447804,2033-07-11 01:54:07.097688
1981,catO5_1981.fits,2029-01-07 16:40:17.124743,2033-04-15 20:16:46.928313
1982,catO5_1982.fits,2028-02-18 21:19:16.943991,2030-01-06 04:15:33.049425
1983,catO5_1983.fits,2031-08-25 19:08:16.957748,2031-10-06 08:24:22.413865
1984,catO5_1984.fits,2032-05-23 21:05:04.950359,2028-01-15 02:16:08.015702
1985,catO5_1985.fits,2031-11-05 20:42:07.839062,2029-11-07 05:09:46.672238
1986,catO5_1986.fits,2029-08-12 09:39:55.654968,2029-05-20 04:33:25.858317
1987,catO5_1987.fits,2030-05-24 15:32:35.907996,2032-04-22 09:09:47.709465
1988,catO5_1988.fits,2028-10-27 15:53:08.092474,2031-04-13 01:39:04.312658
1989,catO5_1989.fits,2031-06-13 00:10:58.915628,2034-06-30 10:19:18.732108
1990,catO5_1990.fits,2030-07-02 20:05:43.715214,2034-09-22 15:33:29.137892
1991,catO5_1991.fits,2032-12-03 22:23:55.099594,2034-10-28 01:36:45.859567
1992,catO5_1992.fits,2034-04-22 14:02:05.016253,2031-04-19 04:54:09.095224
1993,catO5_1993.fits,2031-10-13 14:38:40.759772,2034-01-06 02:19:47.940872
1994,catO5_1994.fits,2029-01-23 18:12:02.131503,2028-04-03 09:06:09.864710
1995,catO5_1995.fits,2033-08-29 12:32:12.932740,2029-12-03 19:33:41.055020
1996,catO5_1996.fits,2034-10-13 19:54:41.916084,2028-10-23 22:42:14.215894
1997,catO5_1997.fits,2032-07-06 23:23:34.712999,2030-12-09 22:17:57.971846
1998,catO5_1998.fits,2033-02-27 03:52:51.855901,2030-03-24 12:44:36.174703
1999,catO5_1999.fits,2031-07-06 17:16:46.568078,2033-09-20 03:28:58.189882
2000,catO5_2000.fits,2028-03-19 16:13:55.720393,2028-04-26 01:21:58.550312
2001,catO5_2001.fits,2031-09-26 01:53:46.088707,2033-07-28 10:44:22.765564
2002,catO5_2002.fits,2030-11-26 13:27:12.586451,2029-08-23 16:26:46.602307
2003,catO5_2003.fits,2033-12-31 02:45:00.133759,2028-10-12 12:57:25.549942
2004,catO5_2004.fits,2030-08-04 00:35:31.938885,2032-05-19 23:18:19.356328
2005,catO5_2005.fits,2029-03-17 13:10:13.962446,2028-12-05 17:26:36.919539
2006,catO5_2006.fits,2028-08-01 09:29:14.332344,2033-01-26 06:22:11.362182
2007,catO5_2007.fits,2030-07-11 05:27:32.849104,2034-07-08 17:28:10.323653
2008,catO5_2008.fits,2028-11-30 11:45:05.706067,2028-09-27 04:27:17.344999
2009,catO5_2009.fits,2032-04-03 08:51:07.351114,2028-12-11 17:52:34.415761
2010,catO5_2010.fits,2032-04-07 19:35:47.556723,2031-11-21 21:25:27.224338
2011,catO5_2011.fits,2032-10-09 22:23:38.824903,2031-08-29 17:27:53.791211
2012,catO5_2012.fits,2034-10-01 06:23:24.745235,2029-07-28 00:44:17.379099
2013,catO5_2013.fits,2031-11-09 23:57:40.545618,2031-01-18 14:14:45.085070
2014,catO5_2014.fits,2029-12-28 08:43:13.250762,2031-12-02 06:03:53.382045
2015,catO5_2015.fits,2030-06-16 13:51:03.402460,2028-03-09 10:29:36.083777
2016,catO5_2016.fits,2029-05-22 12:44:54.782109,2030-04-13 22:32:29.065385
2017,catO5_2017.fits,2031-05-08 11:58:15.715188,2029-10-17 17:23:10.991536
2018,catO5_2018.fits,2029-09-17 21:10:56.220470,2032-12-26 12:35:09.953274
2019,catO5_2019.fits,2033-12-15 18:46:07.734243,2032-12-25 13:42:58.403334
2020,catO5_2020.fits,2033-03-19 01:26:38.328461,2028-11-29 08:35:52.472066
2021,catO5_2021.fits,2033-03-03 16:57:32.467644,2032-02-03 23:54:16.318043
2022,catO5_2022.fits,2034-12-20 08:47:18.083095,2029-07-11 03:21:57.664421
2023,catO5_2023.fits,2028-07-04 02:02:50.896406,2031-09-17 19:02:22.949790
2024,catO5_2024.fits,2028-08-12 14:59:20.547345,2028-11-29 22:15:57.146986
2025,catO5_2025.fits,2033-08-22 16:05:51.527026,2034-10-10 20:28:28.101601
2026,catO5_2026.fits,2031-04-10 02:27:14.355091,2028-05-30 19:26:02.509101
2027,catO5_2027.fits,2033-12-26 04:30:35.829348,2034-10-13 07:30:32.770313
2028,catO5_2028.fits,2032-08-24 14:06:48.556916,2033-07-03 12:41:21.739089
2029,catO5_2029.fits,2028-08-08 01:20:13.200088,2030-10-24 06:02:22.119262
2030,catO5_2030.fits,2034-02-17 11:38:44.561773,2032-02-28 01:33:25.646446
2031,catO5_2031.fits,2033-01-15 12:15:53.015076,2030-08-15 11:48:29.142556
2032,catO5_2032.fits,2033-07-08 02:10:10.986224,2030-08-03 07:32:12.486643
2033,catO5_2033.fits,2028-07-22 21:16:15.104270,2031-10-16 05:27:28.033477
2034,catO5_2034.fits,2033-04-01 01:23:20.204255,2034-08-03 10:47:00.123436
2035,catO5_2035.fits,2028-07-14 12:14:26.014084,2031-12-05 18:17:50.374987
2036,catO5_2036.fits,2029-04-12 16:25:06.582299,2031-10-06 19:37:46.558845
2037,catO5_2037.fits,2031-01-01 23:54:41.553987,2033-12-22 02:12:39.816991
2038,catO5_2038.fits,2033-07-30 20:57:18.744286,2032-04-09 07:15:21.593651
2039,catO5_2039.fits,2030-09-07 04:12:11.661760,2031-10-07 01:34:43.662393
2040,catO5_2040.fits,2030-02-07 13:52:08.338071,2033-10-12 03:14:59.999863
2041,catO5_2041.fits,2028-07-16 15:41:52.467996,2031-04-10 02:20:23.360513
2042,catO5_2042.fits,2034-08-27 15:25:17.940613,2030-07-29 19:55:33.685579
2043,catO5_2043.fits,2028-02-13 09:09:03.562726,2034-08-31 01:01:12.300923
2044,catO5_2044.fits,2032-03-10 22:42:03.203510,2029-06-10 07:36:15.891826
2045,catO5_2045.fits,2031-04-21 07:09:10.280355,2030-06-23 09:53:55.037583
2046,catO5_2046.fits,2032-07-16 10:40:28.051020,2034-10-30 12:32:27.305928
2047,catO5_2047.fits,2029-04-29 15:15:43.853240,2032-02-28 22:40:05.512666
2048,catO5_2048.fits,2032-04-07 09:05:10.565003,2028-06-05 20:13:03.523081
2049,catO5_2049.fits,2030-10-13 10:48:43.096701,2033-11-07 01:28:47.058202
2050,catO5_2050.fits,2030-06-07 17:29:23.048813,2030-05-21 02:44:50.487362
2051,catO5_2051.fits,2034-04-02 15:57:57.978610,2032-04-02 22:25:14.137026
2052,catO5_2052.fits,2034-04-01 12:22:10.705419,2028-02-04 06:42:59.251765
2053,catO5_2053.fits,2034-12-03 05:03:31.002417,2030-02-13 06:19:01.954033
2054,catO5_2054.fits,2031-12-22 22:22:09.730998,2028-09-10 21:03:29.647475
2055,catO5_2055.fits,2031-01-17 05:42:14.313089,2033-10-15 17:07:48.684237
2056,catO5_2056.fits,2034-06-30 11:03:59.072854,2034-04-04 07:28:10.835527
2057,catO5_2057.fits,2032-07-03 10:21:19.409301,2033-09-04 09:11:23.515121
2058,catO5_2058.fits,2032-02-16 10:05:38.785973,2028-10-23 19:47:33.220763
2059,catO5_2059.fits,2032-04-20 12:23:17.500661,2031-09-29 19:21:41.227429
2060,catO5_2060.fits,2031-09-28 22:59:31.553810,2030-09-16 22:12:28.000628
2061,catO5_2061.fits,2029-05-23 12:28:40.504857,2028-08-23 17:47:22.567075
2062,catO5_2062.fits,2033-12-01 09:04:49.787104,2029-03-13 06:49:12.400855
2063,catO5_2063.fits,2032-04-18 06:09:53.392475,2028-06-09 13:55:04.132313
2064,catO5_2064.fits,2028-08-25 20:39:24.306983,2033-01-15 01:42:28.620736
2065,catO5_2065.fits,2032-03-27 14:03:05.185076,2033-04-30 14:07:30.307716
2066,catO5_2066.fits,2028-01-18 02:30:51.059501,2034-06-11 18:28:40.936737
2067,catO5_2067.fits,2028-09-11 23:10:53.191977,2028-01-08 15:54:59.262165
2068,catO5_2068.fits,2034-07-09 12:18:34.952987,2028-11-16 09:09:48.537403
2069,catO5_2069.fits,2028-03-24 09:15:56.016282,2034-11-12 16:37:54.217080
2070,catO5_2070.fits,2031-04-17 21:51:31.948936,2032-08-29 15:05:38.094438
2071,catO5_2071.fits,2029-08-26 15:14:45.215092,2033-10-05 18:32:09.622937
2072,catO5_2072.fits,2032-11-07 14:10:13.813956,2034-02-14 20:38:05.168988
2073,catO5_2073.fits,2028-10-02 21:27:12.829163,2031-03-11 05:30:40.462969
2074,catO5_2074.fits,2029-05-03 14:38:02.837563,2032-04-10 22:52:51.503961
2075,catO5_2075.fits,2031-08-05 09:02:27.681147,2032-11-23 01:16:10.536579
2076,catO5_2076.fits,2033-02-27 18:17:07.538253,2030-08-25 18:06:14.423656
2077,catO5_2077.fits,2028-12-26 16:26:49.503071,2032-04-06 03:34:32.442491
2078,catO5_2078.fits,2029-07-18 17:59:04.792579,2028-01-25 11:01:36.585499
2079,catO5_2079.fits,2032-03-06 11:23:02.407592,2032-05-12 01:24:17.667813
2080,catO5_2080.fits,2030-11-20 21:26:04.570761,2032-06-26 02:48:04.305199
2081,catO5_2081.fits,2034-06-08 17:12:50.959698,2034-03-13 17:03:17.702945
2082,catO5_2082.fits,2032-05-08 03:04:13.836334,2029-11-11 13:04:52.198275
2083,catO5_2083.fits,2034-01-02 11:57:57.721001,2034-01-26 14:42:11.927011
2084,catO5_2084.fits,2028-03-29 18:29:04.747166,2031-12-14 16:24:39.398198
2085,catO5_2085.fits,2029-05-28 23:45:15.907353,2031-02-19 01:41:16.453095
2086,catO5_2086.fits,2031-02-21 07:24:56.570458,2033-04-20 08:41:34.027277
2087,catO5_2087.fits,2031-09-04 10:01:02.507752,2033-04-04 08:50:49.113097
2088,catO5_2088.fits,2034-06-25 13:51:48.171342,2031-08-06 22:46:15.565577
2089,catO5_2089.fits,2029-08-18 21:35:06.680782,2029-06-14 20:13:31.832345
2090,catO5_2090.fits,2032-12-27 06:33:02.279278,2030-03-29 17:20:10.923598
2091,catO5_2091.fits,2032-09-18 03:55:38.955740,2028-11-26 14:08:25.553570
2092,catO5_2092.fits,2031-04-27 16:49:02.115516,2033-06-02 07:10:39.891144
2093,catO5_2093.fits,2033-11-12 04:27:51.415962,2031-04-02 02:21:01.304894
2094,catO5_2094.fits,2030-10-13 17:20:47.902686,2033-10-28 20:29:07.236308
2095,catO5_2095.fits,2030-09-30 11:37:35.766858,2033-07-13 12:31:28.564978
2096,catO5_2096.fits,2034-05-01 20:10:18.829015,2031-10-10 04:15:38.278426
2097,catO5_2097.fits,2032-10-17 18:33:31.143713,2029-09-10 06:59:28.328721
2098,catO5_2098.fits,2029-11-28 07:41:38.723833,2030-08-22 04:21:25.321423
2099,catO5_2099.fits,2033-12-11 00:44:54.334141,2033-08-27 00:19:57.470391
2100,catO5_2100.fits,2029-08-05 16:28:47.422222,2032-03-27 15:27:04.260740
2101,catO5_2101.fits,2028-04-07 23:31:42.763339,2031-01-18 19:53:54.995335
2102,catO5_2102.fits,2028-06-15 06:57:13.826210,2033-03-12 11:08:41.462267
2103,catO5_2103.fits,2033-07-06 11:12:03.172603,2028-06-28 22:50:32.734632
2104,catO5_2104.fits,2030-08-30 10:24:37.155755,2034-12-14 23:05:45.284341
2105,catO5_2105.fits,2034-06-04 18:36:21.282562,2028-12-07 20:22:55.605433
2106,catO5_2106.fits,2034-10-16 17:51:51.598138,2034-01-14 16:51:56.317820
2107,catO5_2107.fits,2034-03-31 21:01:41.916333,2029-03-11 04:59:25.048337
2108,catO5_2108.fits,2030-01-28 21:36:25.778758,2034-05-17 05:53:46.015753
2109,catO5_2109.fits,2031-05-12 01:58:39.405912,2031-04-17 05:52:32.428144
2110,catO5_2110.fits,2032-02-08 07:22:59.761751,2033-09-15 13:19:39.476277
2111,catO5_2111.fits,2033-10-15 07:12:42.494544,2028-09-05 11:14:52.523627
2112,catO5_2112.fits,2030-02-27 05:19:58.829010,2031-01-28 11:18:23.795260
2113,catO5_2113.fits,2032-09-01 12:41:50.938454,2033-05-18 02:41:04.148457
2114,catO5_2114.fits,2029-11-28 10:46:44.124954,2032-05-29 19:15:10.540254
2115,catO5_2115.fits,2029-10-07 14:48:33.118495,2030-04-28 10:46:03.491905
2116,catO5_2116.fits,2032-02-14 07:13:50.178709,2028-02-25 04:19:32.162407
2117,catO5_2117.fits,2032-02-13 01:40:07.628254,2030-03-31 21:25:24.464148
2118,catO5_2118.fits,2034-04-05 23:22:18.201548,2034-03-04 08:54:56.862258
2119,catO5_2119.fits,2029-05-10 23:02:25.019656,2034-12-06 04:38:20.724058
2120,catO5_2120.fits,2028-11-07 02:44:15.379812,2034-02-28 22:16:12.369675
2121,catO5_2121.fits,2032-10-30 04:19:40.586303,2032-03-03 21:36:21.970261
2122,catO5_2122.fits,2032-10-28 17:03:30.081140,2033-09-30 10:37:00.264332
2123,catO5_2123.fits,2028-09-30 17:30:49.147324,2032-06-14 16:34:50.755944
2124,catO5_2124.fits,2034-04-03 20:08:13.343582,2034-05-13 04:15:40.599790
2125,catO5_2125.fits,2030-12-14 01:17:31.952631,2032-06-06 12:03:13.183285
2126,catO5_2126.fits,2032-08-07 17:55:57.300180,2030-06-16 02:42:08.495552
2127,catO5_2127.fits,2029-07-28 16:46:01.966730,2031-10-03 16:12:25.715994
2128,catO5_2128.fits,2032-06-29 03:43:53.091679,2029-03-06 17:37:25.460460
2129,catO5_2129.fits,2031-05-24 21:21:48.340727,2028-11-10 10:55:55.417308
2130,catO5_2130.fits,2028-12-24 08:24:10.296391,2030-01-23 07:20:40.884524
2131,catO5_2131.fits,2028-04-01 19:26:10.375659,2034-10-25 00:42:38.243050
2132,catO5_2132.fits,2034-01-06 14:41:50.375697,2033-01-09 12:43:21.477411
2133,catO5_2133.fits,2032-06-28 05:46:12.528095,2031-02-05 17:51:29.575880
2134,catO5_2134.fits,2030-01-09 03:20:57.864253,2028-12-31 15:33:12.858713
2135,catO5_2135.fits,2032-07-12 03:41:44.051236,2030-09-05 20:31:16.981103
2136,catO5_2136.fits,2034-11-08 21:24:43.402997,2033-04-12 16:44:25.535685
2137,catO5_2137.fits,2028-01-15 07:36:08.625535,2029-03-04 21:37:17.537602
2138,catO5_2138.fits,2031-02-26 01:24:53.710570,2030-09-16 18:36:18.538028
2139,catO5_2139.fits,2029-01-12 03:43:18.820310,2032-11-30 18:47:14.350310
2140,catO5_2140.fits,2033-02-23 20:45:29.909905,2031-03-19 15:30:32.505702
2141,catO5_2141.fits,2028-10-16 06:43:50.250963,2032-07-19 07:57:00.978646
2142,catO5_2142.fits,2034-05-01 09:15:31.862381,2034-01-15 17:37:03.546371
2143,catO5_2143.fits,2028-09-02 13:10:15.687582,2029-10-06 05:31:27.395812
2144,catO5_2144.fits,2029-09-23 13:27:21.821422,2034-11-16 18:28:40.836457
2145,catO5_2145.fits,2029-02-13 16:04:26.070525,2030-02-03 15:30:35.319224
2146,catO5_2146.fits,2029-08-07 03:35:05.163376,2029-07-24 21:40:29.867692
2147,catO5_2147.fits,2033-02-04 13:33:32.499021,2031-04-29 15:02:46.800860
2148,catO5_2148.fits,2028-11-24 12:20:55.272934,2033-10-22 21:47:57.510298
2149,catO5_2149.fits,2028-12-11 07:02:41.027657,2034-05-06 14:28:01.406105
2150,catO5_2150.fits,2034-06-08 15:06:08.744412,2032-05-27 22:38:44.809771
2151,catO5_2151.fits,2034-03-04 04:56:46.045893,2031-04-16 05:31:04.074954
2152,catO5_2152.fits,2033-10-18 04:10:06.250784,2032-08-24 06:49:54.337967
2153,catO5_2153.fits,2032-11-04 14:55:10.273841,2032-02-22 18:14:56.140147
2154,catO5_2154.fits,2032-07-07 20:01:42.537925,2034-10-15 01:59:09.614576
2155,catO5_2155.fits,2029-08-10 10:22:56.365640,2028-07-11 23:16:17.078817
2156,catO5_2156.fits,2030-05-01 14:18:22.974720,2031-09-24 08:30:48.149164
2157,catO5_2157.fits,2034-09-12 23:23:39.667049,2033-07-18 06:12:14.645710
2158,catO5_2158.fits,2032-10-27 04:55:16.313397,2033-12-19 03:08:58.750443
2159,catO5_2159.fits,2033-03-10 08:51:13.635506,2030-02-27 22:14:38.274091
2160,catO5_2160.fits,2031-04-12 09:34:06.621268,2029-08-02 13:30:39.585515
2161,catO5_2161.fits,2032-10-17 10:05:00.283958,2032-12-06 23:15:25.389829
2162,catO5_2162.fits,2029-11-27 02:48:30.424565,2034-03-29 10:10:22.349797
2163,catO5_2163.fits,2031-01-15 23:22:15.668875,2030-07-28 07:32:23.054244
2164,catO5_2164.fits,2032-05-14 15:27:18.447656,2033-05-17 01:09:50.037942
2165,catO5_2165.fits,2033-07-07 17:18:03.237620,2030-03-13 23:51:53.479682
2166,catO5_2166.fits,2031-12-18 13:14:21.226871,2029-03-14 03:37:41.954911
2167,catO5_2167.fits,2029-04-07 06:52:40.958429,2032-05-08 21:11:59.601433
2168,catO5_2168.fits,2030-06-01 21:44:02.485851,2032-08-28 07:16:09.019709
2169,catO5_2169.fits,2034-01-23 02:15:40.675928,2028-10-03 10:44:57.536044
2170,catO5_2170.fits,2030-08-23 05:14:44.965759,2028-11-18 08:53:26.715142
2171,catO5_2171.fits,2030-07-02 04:30:05.270548,2029-02-19 01:19:11.245504
2172,catO5_2172.fits,2031-10-24 06:13:58.547525,2034-11-26 04:47:01.113857
2173,catO5_2173.fits,2029-02-01 00:25:27.031702,2029-04-10 06:24:38.561630
2174,catO5_2174.fits,2030-05-26 04:06:14.686002,2030-04-27 09:40:14.811419
2175,catO5_2175.fits,2033-04-02 21:59:14.983913,2029-03-09 09:58:50.036495
2176,catO5_2176.fits,2034-05-02 11:22:47.338253,2032-01-09 22:18:25.627295
2177,catO5_2177.fits,2034-02-08 22:23:55.631413,2034-07-07 09:19:04.077202
2178,catO5_2178.fits,2034-08-28 02:33:52.506793,2033-01-15 16:15:49.882584
2179,catO5_2179.fits,2033-07-05 11:40:36.393647,2034-02-08 23:28:55.778958
2180,catO5_2180.fits,2032-07-21 04:07:52.325794,2032-01-28 16:24:40.198074
2181,catO5_2181.fits,2029-10-02 17:34:09.374197,2029-09-11 11:39:42.836872
2182,catO5_2182.fits,2029-04-21 16:34:28.866059,2031-10-23 19:25:59.046897
2183,catO5_2183.fits,2031-05-07 11:24:58.885557,2031-01-13 17:12:26.651300
2184,catO5_2184.fits,2034-04-15 10:02:30.410224,2031-05-01 18:09:48.670598
2185,catO5_2185.fits,2034-01-31 18:44:56.237743,2028-02-11 09:07:08.921894
2186,catO5_2186.fits,2030-12-16 16:06:14.437919,2031-05-10 02:20:49.368974
2187,catO5_2187.fits,2031-04-18 11:04:33.802252,2033-11-02 19:10:39.100973
2188,catO5_2188.fits,2031-12-31 10:50:23.966004,2030-06-16 16:57:36.383849
2189,catO5_2189.fits,2033-07-30 09:53:49.481166,2033-04-19 12:46:02.762907
2190,catO5_2190.fits,2033-04-21 21:48:03.920262,2031-08-22 23:38:57.834325
2191,catO5_2191.fits,2033-05-13 12:33:34.560756,2033-03-04 21:11:45.489393
2192,catO5_2192.fits,2032-11-22 15:57:42.481071,2029-06-24 01:43:23.016669
2193,catO5_2193.fits,2031-11-20 14:59:53.617167,2028-12-23 13:27:01.935015
2194,catO5_2194.fits,2030-07-19 11:18:31.930452,2031-08-11 18:40:52.227086
2195,catO5_2195.fits,2033-05-30 04:53:50.194168,2028-06-02 09:53:13.901887
2196,catO5_2196.fits,2028-11-28 01:35:15.956186,2028-02-26 03:32:35.779153
2197,catO5_2197.fits,2032-11-04 02:39:14.225755,2028-07-09 23:10:48.514724
2198,catO5_2198.fits,2030-09-28 21:49:23.552459,2028-09-02 04:20:31.183683
2199,catO5_2199.fits,2028-05-26 19:43:26.068594,2031-01-31 01:03:24.892785
2200,catO5_2200.fits,2030-08-12 14:10:36.830080,2030-03-04 20:39:00.568668
2201,catO5_2201.fits,2030-12-19 08:35:47.346763,2033-04-18 09:19:55.531269
2202,catO5_2202.fits,2029-02-16 01:50:53.225669,2034-05-22 17:18:05.364298
2203,catO5_2203.fits,2030-07-16 09:44:42.519580,2032-07-10 18:51:32.066996
2204,catO5_2204.fits,2033-08-01 12:26:08.613398,2033-10-16 05:37:12.952814
2205,catO5_2205.fits,2033-08-01 16:52:01.209408,2030-09-14 16:21:26.929388
2206,catO5_2206.fits,2033-05-25 19:22:04.031690,2034-10-02 00:10:00.063362
2207,catO5_2207.fits,2031-07-14 21:40:34.820101,2034-08-29 15:08:15.773894
2208,catO5_2208.fits,2028-12-05 07:58:21.149432,2033-11-01 01:50:12.549305
2209,catO5_2209.fits,2032-08-13 13:00:11.760242,2033-10-29 07:40:16.784244
2210,catO5_2210.fits,2028-01-19 23:12:34.913524,2032-10-20 09:42:18.479864
2211,catO5_2211.fits,2030-02-16 08:16:53.848517,2034-10-13 07:45:23.136164
2212,catO5_2212.fits,2028-10-09 01:01:55.354228,2030-05-21 19:16:09.456744
2213,catO5_2213.fits,2032-01-01 14:52:41.409818,2033-09-17 08:02:43.233779
2214,catO5_2214.fits,2029-08-06 12:26:18.292565,2029-09-01 06:01:09.506069
2215,catO5_2215.fits,2029-05-04 16:01:22.436507,2028-03-03 10:39:43.245798
2216,catO5_2216.fits,2031-07-24 18:55:58.332806,2029-07-08 11:58:37.864513
2217,catO5_2217.fits,2028-04-17 04:03:12.160998,2032-07-21 03:05:53.070381
2218,catO5_2218.fits,2034-07-27 02:27:33.562500,2032-05-28 20:42:22.081195
2219,catO5_2219.fits,2029-07-28 07:35:55.504065,2030-07-15 07:36:07.917886
2220,catO5_2220.fits,2028-05-17 11:10:14.733706,2032-06-06 03:30:43.592962
2221,catO5_2221.fits,2029-02-15 19:07:12.437213,2029-10-06 13:34:19.543942
2222,catO5_2222.fits,2031-01-08 20:06:46.382315,2031-06-19 22:13:20.136294
2223,catO5_2223.fits,2029-02-24 20:27:46.875489,2032-10-20 09:59:46.041443
2224,catO5_2224.fits,2034-05-19 06:28:56.646000,2030-02-22 19:15:07.945878
2225,catO5_2225.fits,2031-07-11 00:46:23.388091,2028-10-28 09:27:43.528599
2226,catO5_2226.fits,2030-06-14 03:51:38.151778,2030-12-12 17:16:05.796384
2227,catO5_2227.fits,2031-12-21 08:59:32.147277,2030-04-04 23:32:05.907432
2228,catO5_2228.fits,2031-05-28 05:24:06.386931,2031-01-28 19:29:18.700384
2229,catO5_2229.fits,2031-02-04 03:32:11.676291,2029-01-01 15:36:27.347022
2230,catO5_2230.fits,2030-08-17 11:27:04.609668,2033-12-08 07:59:18.079084
2231,catO5_2231.fits,2028-09-11 23:05:08.206187,2028-08-15 20:28:04.963054
2232,catO5_2232.fits,2030-07-15 02:32:10.753567,2031-08-03 18:42:59.829229
2233,catO5_2233.fits,2028-08-30 16:20:14.236397,2034-05-23 15:50:12.709687
2234,catO5_2234.fits,2030-12-01 13:25:51.940966,2034-02-01 00:07:17.170970
2235,catO5_2235.fits,2034-01-28 01:57:46.773116,2031-12-24 14:06:02.365159
2236,catO5_2236.fits,2029-05-14 11:35:50.175527,2029-04-26 21:32:06.357472
2237,catO5_2237.fits,2032-11-28 23:57:19.467158,2030-07-03 23:25:39.705857
2238,catO5_2238.fits,2030-08-29 21:23:33.980205,2034-05-17 19:10:13.868413
2239,catO5_2239.fits,2030-11-29 02:04:21.264001,2029-11-26 16:41:30.765903
2240,catO5_2240.fits,2030-03-15 15:37:24.217886,2030-02-03 16:31:20.344690
2241,catO5_2241.fits,2033-10-12 13:27:33.228832,2029-03-18 14:18:14.214996
2242,catO5_2242.fits,2029-12-27 12:37:46.653513,2034-06-07 02:33:41.329477
2243,catO5_2243.fits,2031-01-08 12:58:50.798007,2028-01-10 20:48:02.145257
2244,catO5_2244.fits,2033-04-21 21:37:58.983006,2033-08-26 10:08:41.899927
2245,catO5_2245.fits,2031-12-18 22:34:41.325984,2032-02-21 18:13:25.608483
2246,catO5_2246.fits,2029-06-07 07:37:38.645728,2034-10-15 23:14:52.545402
2247,catO5_2247.fits,2033-09-06 07:57:57.606583,2028-01-06 18:36:17.076245
2248,catO5_2248.fits,2030-03-08 07:35:34.330594,2032-10-17 02:38:51.886401
2249,catO5_2249.fits,2031-06-25 17:27:38.192263,2034-06-30 02:19:19.575024
2250,catO5_2250.fits,2031-03-17 15:00:45.989613,2033-12-23 12:18:20.083663
2251,catO5_2251.fits,2030-11-22 14:56:46.304146,2029-10-15 22:03:41.506480
2252,catO5_2252.fits,2030-10-31 12:57:55.335002,2034-10-13 00:36:17.305331
2253,catO5_2253.fits,2030-12-20 19:56:31.978706,2033-04-09 23:21:11.873483
2254,catO5_2254.fits,2028-12-10 22:32:05.885663,2033-09-11 12:34:55.807405
2255,catO5_2255.fits,2033-10-04 02:44:41.889205,2030-07-19 01:09:10.543174
2256,catO5_2256.fits,2028-11-18 01:01:28.360168,2034-11-26 02:31:40.685785
2257,catO5_2257.fits,2032-06-20 01:04:52.942054,2032-05-22 13:51:44.527809
2258,catO5_2258.fits,2028-04-05 14:30:13.260022,2031-07-07 17:47:20.211618
2259,catO5_2259.fits,2034-09-15 10:45:19.973579,2033-05-26 10:02:09.566090
2260,catO5_2260.fits,2034-07-28 14:11:04.176327,2031-06-20 10:51:51.408430
2261,catO5_2261.fits,2031-08-08 11:30:52.398089,2030-03-23 21:49:53.129473
2262,catO5_2262.fits,2030-05-01 18:12:54.576880,2030-07-07 17:41:14.186201
2263,catO5_2263.fits,2033-03-07 07:47:06.943951,2029-10-19 03:02:24.324951
2264,catO5_2264.fits,2030-06-08 15:33:19.433215,2028-06-20 15:38:21.396932
2265,catO5_2265.fits,2028-01-12 06:49:13.309247,2030-03-15 22:48:42.948739
2266,catO5_2266.fits,2033-03-03 01:07:35.496160,2031-10-23 00:34:29.155249
2267,catO5_2267.fits,2032-11-30 06:59:41.003676,2029-05-28 03:04:31.583064
2268,catO5_2268.fits,2028-06-19 10:40:50.799065,2031-01-03 19:21:15.132719
2269,catO5_2269.fits,2028-12-03 10:45:26.245329,2032-01-01 13:21:44.117193
2270,catO5_2270.fits,2029-08-16 06:53:32.350178,2029-04-18 13:30:12.430869
2271,catO5_2271.fits,2034-10-18 10:57:04.740743,2028-05-30 04:08:31.249738
2272,catO5_2272.fits,2034-02-25 04:40:59.287654,2034-09-19 08:43:06.753117
2273,catO5_2273.fits,2030-06-13 19:34:18.389295,2029-05-30 08:40:34.257055
2274,catO5_2274.fits,2034-01-09 07:43:23.140532,2030-08-07 18:58:27.426340
2275,catO5_2275.fits,2033-01-18 20:45:36.576941,2029-05-09 14:55:40.560647
2276,catO5_2276.fits,2028-07-28 13:11:37.330645,2034-11-30 08:01:48.204341
2277,catO5_2277.fits,2029-04-21 22:55:17.550654,2033-02-18 00:57:13.889567
2278,catO5_2278.fits,2030-12-06 13:05:45.684349,2028-01-12 09:38:14.764536
2279,catO5_2279.fits,2028-08-27 01:57:55.686120,2033-01-27 16:04:14.999481
2280,catO5_2280.fits,2032-11-25 04:35:36.706884,2033-03-04 09:10:35.854906
2281,catO5_2281.fits,2033-08-06 12:46:35.385879,2030-09-04 07:19:00.493169
2282,catO5_2282.fits,2031-07-07 23:36:11.175817,2030-11-21 17:44:36.228479
2283,catO5_2283.fits,2033-05-20 06:21:30.906925,2032-10-20 20:17:12.422319
2284,catO5_2284.fits,2032-05-04 09:27:35.811653,2032-03-06 14:48:19.131831
2285,catO5_2285.fits,2030-06-25 16:57:00.821173,2030-06-17 01:55:37.711066
2286,catO5_2286.fits,2031-10-30 17:15:54.628432,2029-01-16 14:29:00.104923
2287,catO5_2287.fits,2028-07-22 00:39:53.982307,2033-11-21 20:28:40.883451
2288,catO5_2288.fits,2034-03-29 12:36:33.243742,2029-04-22 03:06:06.648029
2289,catO5_2289.fits,2028-10-25 15:53:22.311684,2033-03-16 12:37:34.989305
2290,catO5_2290.fits,2032-10-29 07:30:27.429140,2032-10-13 06:21:11.332065
2291,catO5_2291.fits,2028-09-10 23:10:03.267279,2034-06-15 09:27:07.182756
2292,catO5_2292.fits,2030-01-27 02:26:42.684852,2031-02-13 15:46:18.497506
2293,catO5_2293.fits,2034-12-04 07:33:19.233588,2028-02-25 15:43:43.337057
2294,catO5_2294.fits,2032-08-18 08:39:53.189363,2034-11-21 23:02:30.895196
2295,catO5_2295.fits,2032-09-11 09:07:31.059873,2031-01-18 10:39:31.263888
2296,catO5_2296.fits,2029-04-14 17:51:50.627192,2029-06-30 08:57:19.786741
2297,catO5_2297.fits,2028-05-14 01:41:52.670294,2034-06-27 21:25:44.102041
2298,catO5_2298.fits,2031-03-12 10:09:49.643597,2028-08-15 03:44:51.150523
2299,catO5_2299.fits,2030-03-14 01:40:01.977487,2033-05-10 03:58:50.893471
2300,catO5_2300.fits,2031-04-27 08:35:17.200738,2031-05-27 19:58:41.580535
2301,catO5_2301.fits,2028-07-29 04:05:13.002962,2032-07-17 00:53:16.605875
2302,catO5_2302.fits,2034-09-18 16:27:40.177201,2032-08-31 07:37:03.491716
2303,catO5_2303.fits,2028-08-01 23:56:58.624895,2033-08-22 11:00:54.633885
2304,catO5_2304.fits,2029-01-02 09:44:54.600575,2032-07-29 05:44:31.805312
2305,catO5_2305.fits,2031-09-02 00:24:50.052907,2028-08-16 02:56:20.164129
2306,catO5_2306.fits,2034-07-03 08:07:29.944228,2033-04-18 04:15:16.912640
